INSERT INTO `countries` (`id`, `name`, `translation`, `created_at`, `updated_at`, `deleted_at`) VALUES
(1, 'Россия', NULL, NULL, NULL, NULL),
(146, 'Польша', NULL, NULL, NULL, NULL);

INSERT INTO `regions` (`id`, `name`, `translation`, `country_id`, `created_at`, `updated_at`, `deleted_at`) VALUES
(1, 'Санкт-Петербург и область', NULL, 1, NULL, NULL, NULL),
(2, 'Адыгея', NULL, 1, NULL, NULL, NULL),
(3, 'Алтайский край', NULL, 1, NULL, NULL, NULL),
(4, 'Амурская обл.', NULL, 1, NULL, NULL, NULL),
(5, 'Архангельская обл.', NULL, 1, NULL, NULL, NULL),
(6, 'Астраханская обл.', NULL, 1, NULL, NULL, NULL),
(7, 'Башкортостан(Башкирия)', NULL, 1, NULL, NULL, NULL),
(8, 'Белгородская обл.', NULL, 1, NULL, NULL, NULL),
(9, 'Брянская обл.', NULL, 1, NULL, NULL, NULL),
(10, 'Бурятия', NULL, 1, NULL, NULL, NULL),
(11, 'Владимирская обл.', NULL, 1, NULL, NULL, NULL),
(12, 'Волгоградская обл.', NULL, 1, NULL, NULL, NULL),
(13, 'Вологодская обл.', NULL, 1, NULL, NULL, NULL),
(14, 'Воронежская обл.', NULL, 1, NULL, NULL, NULL),
(15, 'Дагестан', NULL, 1, NULL, NULL, NULL),
(16, 'Еврейская обл.', NULL, 1, NULL, NULL, NULL),
(17, 'Ивановская обл.', NULL, 1, NULL, NULL, NULL),
(18, 'Иркутская обл.', NULL, 1, NULL, NULL, NULL),
(19, 'Кабардино-Балкария', NULL, 1, NULL, NULL, NULL),
(20, 'Калининградская обл.', NULL, 1, NULL, NULL, NULL),
(21, 'Калмыкия', NULL, 1, NULL, NULL, NULL),
(22, 'Калужская обл.', NULL, 1, NULL, NULL, NULL),
(23, 'Камчатская обл.', NULL, 1, NULL, NULL, NULL),
(24, 'Карелия', NULL, 1, NULL, NULL, NULL),
(25, 'Кемеровская обл.', NULL, 1, NULL, NULL, NULL),
(26, 'Кировская обл.', NULL, 1, NULL, NULL, NULL),
(27, 'Коми', NULL, 1, NULL, NULL, NULL),
(28, 'Костромская обл.', NULL, 1, NULL, NULL, NULL),
(29, 'Краснодарский край', NULL, 1, NULL, NULL, NULL),
(30, 'Красноярский край', NULL, 1, NULL, NULL, NULL),
(31, 'Курганская обл.', NULL, 1, NULL, NULL, NULL),
(32, 'Курская обл.', NULL, 1, NULL, NULL, NULL),
(33, 'Липецкая обл.', NULL, 1, NULL, NULL, NULL),
(34, 'Магаданская обл.', NULL, 1, NULL, NULL, NULL),
(35, 'Марий Эл', NULL, 1, NULL, NULL, NULL),
(36, 'Мордовия', NULL, 1, NULL, NULL, NULL),
(37, 'Мурманская обл.', NULL, 1, NULL, NULL, NULL),
(38, 'Нижегородская (Горьковская)', NULL, 1, NULL, NULL, NULL),
(39, 'Новгородская обл.', NULL, 1, NULL, NULL, NULL),
(40, 'Новосибирская обл.', NULL, 1, NULL, NULL, NULL),
(41, 'Омская обл.', NULL, 1, NULL, NULL, NULL),
(42, 'Оренбургская обл.', NULL, 1, NULL, NULL, NULL),
(43, 'Орловская обл.', NULL, 1, NULL, NULL, NULL),
(44, 'Пензенская обл.', NULL, 1, NULL, NULL, NULL),
(45, 'Пермский край', NULL, 1, NULL, NULL, NULL),
(46, 'Приморский край', NULL, 1, NULL, NULL, NULL),
(47, 'Псковская обл.', NULL, 1, NULL, NULL, NULL),
(48, 'Ростовская обл.', NULL, 1, NULL, NULL, NULL),
(49, 'Рязанская обл.', NULL, 1, NULL, NULL, NULL),
(50, 'Самарская обл.', NULL, 1, NULL, NULL, NULL),
(51, 'Саратовская обл.', NULL, 1, NULL, NULL, NULL),
(52, 'Саха (Якутия)', NULL, 1, NULL, NULL, NULL),
(53, 'Сахалин', NULL, 1, NULL, NULL, NULL),
(54, 'Свердловская обл.', NULL, 1, NULL, NULL, NULL),
(55, 'Северная Осетия', NULL, 1, NULL, NULL, NULL),
(56, 'Смоленская обл.', NULL, 1, NULL, NULL, NULL),
(57, 'Ставропольский край', NULL, 1, NULL, NULL, NULL),
(58, 'Тамбовская обл.', NULL, 1, NULL, NULL, NULL),
(59, 'Татарстан', NULL, 1, NULL, NULL, NULL),
(60, 'Тверская обл.', NULL, 1, NULL, NULL, NULL),
(61, 'Томская обл.', NULL, 1, NULL, NULL, NULL),
(62, 'Тува (Тувинская Респ.)', NULL, 1, NULL, NULL, NULL),
(63, 'Тульская обл.', NULL, 1, NULL, NULL, NULL),
(64, 'Тюменская обл. и Ханты-Мансийский АО', NULL, 1, NULL, NULL, NULL),
(65, 'Удмуртия', NULL, 1, NULL, NULL, NULL),
(66, 'Ульяновская обл.', NULL, 1, NULL, NULL, NULL),
(67, 'Уральская обл.', NULL, 1, NULL, NULL, NULL),
(68, 'Хабаровский край', NULL, 1, NULL, NULL, NULL),
(69, 'Хакасия', NULL, 1, NULL, NULL, NULL),
(70, 'Челябинская обл.', NULL, 1, NULL, NULL, NULL),
(71, 'Чечено-Ингушетия', NULL, 1, NULL, NULL, NULL),
(72, 'Читинская обл.', NULL, 1, NULL, NULL, NULL),
(73, 'Чувашия', NULL, 1, NULL, NULL, NULL),
(74, 'Чукотский АО', NULL, 1, NULL, NULL, NULL),
(75, 'Ямало-Ненецкий АО', NULL, 1, NULL, NULL, NULL),
(76, 'Ярославская обл.', NULL, 1, NULL, NULL, NULL),
(77, 'Карачаево-Черкесская Республика', NULL, 1, NULL, NULL, NULL),
(88, 'Крым АР.', NULL, 1, NULL, NULL, NULL),
(1036, 'Biala Podlaska', NULL, 146, NULL, NULL, NULL),
(1037, 'Bialystok', NULL, 146, NULL, NULL, NULL),
(1038, 'Bielsko', NULL, 146, NULL, NULL, NULL),
(1039, 'Bydgoszcz', NULL, 146, NULL, NULL, NULL),
(1040, 'Chelm', NULL, 146, NULL, NULL, NULL),
(1041, 'Czestochowa', NULL, 146, NULL, NULL, NULL),
(1042, 'Dolnoslaskie', NULL, 146, NULL, NULL, NULL),
(1043, 'Elblag', NULL, 146, NULL, NULL, NULL),
(1044, 'Gdansk', NULL, 146, NULL, NULL, NULL),
(1045, 'Gorzow', NULL, 146, NULL, NULL, NULL),
(1046, 'Jelenia Gora', NULL, 146, NULL, NULL, NULL),
(1047, 'Kalisz', NULL, 146, NULL, NULL, NULL),
(1048, 'Katowice', NULL, 146, NULL, NULL, NULL),
(1049, 'Kielce', NULL, 146, NULL, NULL, NULL),
(1050, 'Konin', NULL, 146, NULL, NULL, NULL),
(1051, 'Koszalin', NULL, 146, NULL, NULL, NULL),
(1052, 'Krakow', NULL, 146, NULL, NULL, NULL),
(1053, 'Kujawsko-Pomorskie', NULL, 146, NULL, NULL, NULL),
(1054, 'Legnica', NULL, 146, NULL, NULL, NULL),
(1055, 'Leszno', NULL, 146, NULL, NULL, NULL),
(1056, 'Lodz', NULL, 146, NULL, NULL, NULL),
(1057, 'Lodzkie', NULL, 146, NULL, NULL, NULL),
(1058, 'Lomza', NULL, 146, NULL, NULL, NULL),
(1059, 'Lublin', NULL, 146, NULL, NULL, NULL),
(1060, 'Lubuskie', NULL, 146, NULL, NULL, NULL),
(1061, 'Malopolskie', NULL, 146, NULL, NULL, NULL),
(1062, 'Mazowieckie', NULL, 146, NULL, NULL, NULL),
(1063, 'None', NULL, 146, NULL, NULL, NULL),
(1064, 'Nowy Sacz', NULL, 146, NULL, NULL, NULL),
(1065, 'Olsztyn', NULL, 146, NULL, NULL, NULL),
(1066, 'Opole', NULL, 146, NULL, NULL, NULL),
(1067, 'Ostroleka', NULL, 146, NULL, NULL, NULL),
(1068, 'Pila', NULL, 146, NULL, NULL, NULL),
(1069, 'Piotrkow', NULL, 146, NULL, NULL, NULL),
(1070, 'Plock', NULL, 146, NULL, NULL, NULL),
(1071, 'Podkarpackie', NULL, 146, NULL, NULL, NULL),
(1072, 'Pomorskie', NULL, 146, NULL, NULL, NULL),
(1073, 'Poznan', NULL, 146, NULL, NULL, NULL),
(1074, 'Przemysl', NULL, 146, NULL, NULL, NULL),
(1075, 'Radom', NULL, 146, NULL, NULL, NULL),
(1076, 'Rzeszow', NULL, 146, NULL, NULL, NULL),
(1077, 'Siedlce', NULL, 146, NULL, NULL, NULL),
(1078, 'Sieradz', NULL, 146, NULL, NULL, NULL),
(1079, 'Skierniewice', NULL, 146, NULL, NULL, NULL),
(1080, 'Slaskie', NULL, 146, NULL, NULL, NULL),
(1081, 'Slupsk', NULL, 146, NULL, NULL, NULL),
(1082, 'Suwalki', NULL, 146, NULL, NULL, NULL),
(1083, 'Swietokrzyskie', NULL, 146, NULL, NULL, NULL),
(1084, 'Tarnobrzeg', NULL, 146, NULL, NULL, NULL),
(1085, 'Tarnow', NULL, 146, NULL, NULL, NULL),
(1086, 'Torun', NULL, 146, NULL, NULL, NULL),
(1087, 'Walbrzych', NULL, 146, NULL, NULL, NULL),
(1088, 'Warminsko-Mazurskie', NULL, 146, NULL, NULL, NULL),
(1089, 'Warszawa', NULL, 146, NULL, NULL, NULL),
(1090, 'Wielkopolskie', NULL, 146, NULL, NULL, NULL),
(1091, 'Wloclawek', NULL, 146, NULL, NULL, NULL),
(1092, 'Wroclaw', NULL, 146, NULL, NULL, NULL),
(1093, 'Zachodniopomorskie', NULL, 146, NULL, NULL, NULL),
(1094, 'Zamosc', NULL, 146, NULL, NULL, NULL),
(1095, 'Zielona Gora', NULL, 146, NULL, NULL, NULL),
(1096, 'Москва и Московская обл.', NULL, 1, NULL, NULL, NULL);

INSERT INTO `cities` (`id`, `name`, `translation`, `region_id`, `created_at`, `updated_at`, `deleted_at`) VALUES
(1, 'Москва', NULL, 1096, NULL, NULL, NULL),
(2, 'Абрамцево', NULL, 1096, NULL, NULL, NULL),
(3, 'Алабино', NULL, 1096, NULL, NULL, NULL),
(4, 'Апрелевка', NULL, 1096, NULL, NULL, NULL),
(5, 'Архангельское', NULL, 1096, NULL, NULL, NULL),
(6, 'Ашитково', NULL, 1096, NULL, NULL, NULL),
(7, 'Байконур', NULL, 1096, NULL, NULL, NULL),
(8, 'Бакшеево', NULL, 1096, NULL, NULL, NULL),
(9, 'Балашиха', NULL, 1096, NULL, NULL, NULL),
(10, 'Барыбино', NULL, 1096, NULL, NULL, NULL),
(11, 'Белозёрский', NULL, 1096, NULL, NULL, NULL),
(12, 'Белоомут', NULL, 1096, NULL, NULL, NULL),
(13, 'Белые Столбы', NULL, 1096, NULL, NULL, NULL),
(14, 'Бородино (Московская обл.)', NULL, 1096, NULL, NULL, NULL),
(15, 'Бронницы', NULL, 1096, NULL, NULL, NULL),
(16, 'Быково (Московская обл.)', NULL, 1096, NULL, NULL, NULL),
(17, 'Валуево', NULL, 1096, NULL, NULL, NULL),
(18, 'Вербилки', NULL, 1096, NULL, NULL, NULL),
(19, 'Верея', NULL, 1096, NULL, NULL, NULL),
(20, 'Видное', NULL, 1096, NULL, NULL, NULL),
(21, 'Внуково', NULL, 1096, NULL, NULL, NULL),
(22, 'Вождь Пролетариата', NULL, 1096, NULL, NULL, NULL),
(23, 'Волоколамск', NULL, 1096, NULL, NULL, NULL),
(24, 'Вороново', NULL, 1096, NULL, NULL, NULL),
(25, 'Воскресенск', NULL, 1096, NULL, NULL, NULL),
(26, 'Восточный', NULL, 1096, NULL, NULL, NULL),
(27, 'Востряково', NULL, 1096, NULL, NULL, NULL),
(28, 'Высоковск', NULL, 1096, NULL, NULL, NULL),
(29, 'Голицыно (Московская обл.)', NULL, 1096, NULL, NULL, NULL),
(30, 'Деденево', NULL, 1096, NULL, NULL, NULL),
(31, 'Дедовск', NULL, 1096, NULL, NULL, NULL),
(32, 'Дзержинский', NULL, 1096, NULL, NULL, NULL),
(33, 'Дмитров', NULL, 1096, NULL, NULL, NULL),
(34, 'Долгопрудный', NULL, 1096, NULL, NULL, NULL),
(35, 'Домодедово', NULL, 1096, NULL, NULL, NULL),
(36, 'Дорохово', NULL, 1096, NULL, NULL, NULL),
(37, 'Дрезна', NULL, 1096, NULL, NULL, NULL),
(38, 'Дубки', NULL, 1096, NULL, NULL, NULL),
(39, 'Дубна', NULL, 1096, NULL, NULL, NULL),
(40, 'Егорьевск', NULL, 1096, NULL, NULL, NULL),
(41, 'Железнодорожный (Московск.)', NULL, 1096, NULL, NULL, NULL),
(42, 'Жилево', NULL, 1096, NULL, NULL, NULL),
(43, 'Жуковка', NULL, 1096, NULL, NULL, NULL),
(44, 'Жуковский', NULL, 1096, NULL, NULL, NULL),
(45, 'Загорск', NULL, 1096, NULL, NULL, NULL),
(46, 'Загорянский', NULL, 1096, NULL, NULL, NULL),
(47, 'Запрудная', NULL, 1096, NULL, NULL, NULL),
(48, 'Зарайск', NULL, 1096, NULL, NULL, NULL),
(49, 'Звенигород', NULL, 1096, NULL, NULL, NULL),
(50, 'Зеленоград', NULL, 1096, NULL, NULL, NULL),
(51, 'Ивантеевка (Московская обл.)', NULL, 1096, NULL, NULL, NULL),
(52, 'Икша', NULL, 1096, NULL, NULL, NULL),
(53, 'Ильинский (Московская обл.)', NULL, 1096, NULL, NULL, NULL),
(54, 'Истра', NULL, 1096, NULL, NULL, NULL),
(55, 'Калининец', NULL, 1096, NULL, NULL, NULL),
(56, 'Кашира', NULL, 1096, NULL, NULL, NULL),
(57, 'Керва', NULL, 1096, NULL, NULL, NULL),
(58, 'Климовск', NULL, 1096, NULL, NULL, NULL),
(59, 'Клин', NULL, 1096, NULL, NULL, NULL),
(60, 'Клязьма', NULL, 1096, NULL, NULL, NULL),
(61, 'Кожино', NULL, 1096, NULL, NULL, NULL),
(62, 'Кокошкино', NULL, 1096, NULL, NULL, NULL),
(63, 'Коломна', NULL, 1096, NULL, NULL, NULL),
(64, 'Колюбакино', NULL, 1096, NULL, NULL, NULL),
(65, 'Королев', NULL, 1096, NULL, NULL, NULL),
(66, 'Косино', NULL, 1096, NULL, NULL, NULL),
(67, 'Котельники', NULL, 1096, NULL, NULL, NULL),
(68, 'Красково', NULL, 1096, NULL, NULL, NULL),
(69, 'Красноармейск (Московская обл.)', NULL, 1096, NULL, NULL, NULL),
(70, 'Красногорск', NULL, 1096, NULL, NULL, NULL),
(71, 'Краснозаводск', NULL, 1096, NULL, NULL, NULL),
(72, 'Краснознаменск (Московская обл.)', NULL, 1096, NULL, NULL, NULL),
(73, 'Красный Ткач', NULL, 1096, NULL, NULL, NULL),
(74, 'Крюково', NULL, 1096, NULL, NULL, NULL),
(75, 'Кубинка', NULL, 1096, NULL, NULL, NULL),
(76, 'Купавна', NULL, 1096, NULL, NULL, NULL),
(77, 'Куровское', NULL, 1096, NULL, NULL, NULL),
(78, 'Лесной Городок', NULL, 1096, NULL, NULL, NULL),
(79, 'Ликино-Дулево', NULL, 1096, NULL, NULL, NULL),
(80, 'Лобня', NULL, 1096, NULL, NULL, NULL),
(81, 'Лопатинский', NULL, 1096, NULL, NULL, NULL),
(82, 'Лосино-Петровский', NULL, 1096, NULL, NULL, NULL),
(83, 'Лотошино', NULL, 1096, NULL, NULL, NULL),
(84, 'Лукино', NULL, 1096, NULL, NULL, NULL),
(85, 'Луховицы', NULL, 1096, NULL, NULL, NULL),
(86, 'Лыткарино', NULL, 1096, NULL, NULL, NULL),
(87, 'Львовский', NULL, 1096, NULL, NULL, NULL),
(88, 'Люберцы', NULL, 1096, NULL, NULL, NULL),
(89, 'Малаховка', NULL, 1096, NULL, NULL, NULL),
(90, 'Михайловское', NULL, 1096, NULL, NULL, NULL),
(91, 'Михнево', NULL, 1096, NULL, NULL, NULL),
(92, 'Можайск', NULL, 1096, NULL, NULL, NULL),
(93, 'Монино', NULL, 1096, NULL, NULL, NULL),
(94, 'Московский', NULL, 1096, NULL, NULL, NULL),
(95, 'Муханово', NULL, 1096, NULL, NULL, NULL),
(96, 'Мытищи', NULL, 1096, NULL, NULL, NULL),
(97, 'Нарофоминск', NULL, 1096, NULL, NULL, NULL),
(98, 'Нахабино', NULL, 1096, NULL, NULL, NULL),
(99, 'Некрасовка', NULL, 1096, NULL, NULL, NULL),
(100, 'Немчиновка', NULL, 1096, NULL, NULL, NULL),
(101, 'Новобратцевский', NULL, 1096, NULL, NULL, NULL),
(102, 'Новоподрезково', NULL, 1096, NULL, NULL, NULL),
(103, 'Ногинск', NULL, 1096, NULL, NULL, NULL),
(104, 'Обухово', NULL, 1096, NULL, NULL, NULL),
(105, 'Одинцово', NULL, 1096, NULL, NULL, NULL),
(106, 'Ожерелье', NULL, 1096, NULL, NULL, NULL),
(107, 'Озеры', NULL, 1096, NULL, NULL, NULL),
(108, 'Октябрьский (Московская обл.)', NULL, 1096, NULL, NULL, NULL),
(109, 'Опалиха', NULL, 1096, NULL, NULL, NULL),
(110, 'Орехово-Зуево', NULL, 1096, NULL, NULL, NULL),
(111, 'Павловский Посад', NULL, 1096, NULL, NULL, NULL),
(112, 'Первомайский (Московская обл.)', NULL, 1096, NULL, NULL, NULL),
(113, 'Пески (Московская обл.)', NULL, 1096, NULL, NULL, NULL),
(114, 'Пироговский', NULL, 1096, NULL, NULL, NULL),
(115, 'Подольск', NULL, 1096, NULL, NULL, NULL),
(116, 'Полушкино', NULL, 1096, NULL, NULL, NULL),
(117, 'Правдинский', NULL, 1096, NULL, NULL, NULL),
(118, 'Привокзальный', NULL, 1096, NULL, NULL, NULL),
(119, 'Пролетарский', NULL, 1096, NULL, NULL, NULL),
(120, 'Протвино (Московская обл.)', NULL, 1096, NULL, NULL, NULL),
(121, 'Пушкино', NULL, 1096, NULL, NULL, NULL),
(122, 'Пущино', NULL, 1096, NULL, NULL, NULL),
(123, 'Раменское', NULL, 1096, NULL, NULL, NULL),
(124, 'Реутов', NULL, 1096, NULL, NULL, NULL),
(125, 'Решетниково', NULL, 1096, NULL, NULL, NULL),
(126, 'Родники (Московская обл.)', NULL, 1096, NULL, NULL, NULL),
(127, 'Рошаль', NULL, 1096, NULL, NULL, NULL),
(128, 'Рублево', NULL, 1096, NULL, NULL, NULL),
(129, 'Руза', NULL, 1096, NULL, NULL, NULL),
(130, 'Салтыковка', NULL, 1096, NULL, NULL, NULL),
(131, 'Северный', NULL, 1096, NULL, NULL, NULL),
(132, 'Сергиев Посад', NULL, 1096, NULL, NULL, NULL),
(133, 'Серебряные Пруды', NULL, 1096, NULL, NULL, NULL),
(134, 'Серпухов', NULL, 1096, NULL, NULL, NULL),
(135, 'Солнечногорск', NULL, 1096, NULL, NULL, NULL),
(136, 'Солнцево', NULL, 1096, NULL, NULL, NULL),
(137, 'Софрино', NULL, 1096, NULL, NULL, NULL),
(138, 'Старая Купавна', NULL, 1096, NULL, NULL, NULL),
(139, 'Старбеево', NULL, 1096, NULL, NULL, NULL),
(140, 'Ступино', NULL, 1096, NULL, NULL, NULL),
(141, 'Сходня', NULL, 1096, NULL, NULL, NULL),
(142, 'Талдом', NULL, 1096, NULL, NULL, NULL),
(143, 'Текстильщик', NULL, 1096, NULL, NULL, NULL),
(144, 'Темпы', NULL, 1096, NULL, NULL, NULL),
(145, 'Томилино', NULL, 1096, NULL, NULL, NULL),
(146, 'Троицк', NULL, 1096, NULL, NULL, NULL),
(147, 'Туголесский Бор', NULL, 1096, NULL, NULL, NULL),
(148, 'Тучково', NULL, 1096, NULL, NULL, NULL),
(149, 'Уваровка', NULL, 1096, NULL, NULL, NULL),
(150, 'Удельная', NULL, 1096, NULL, NULL, NULL),
(151, 'Успенское', NULL, 1096, NULL, NULL, NULL),
(152, 'Фирсановка', NULL, 1096, NULL, NULL, NULL),
(153, 'Фрязино', NULL, 1096, NULL, NULL, NULL),
(154, 'Фряново', NULL, 1096, NULL, NULL, NULL),
(155, 'Химки', NULL, 1096, NULL, NULL, NULL),
(156, 'Хотьково', NULL, 1096, NULL, NULL, NULL),
(157, 'Черкизово', NULL, 1096, NULL, NULL, NULL),
(158, 'Черноголовка', NULL, 1096, NULL, NULL, NULL),
(159, 'Черусти', NULL, 1096, NULL, NULL, NULL),
(160, 'Чехов', NULL, 1096, NULL, NULL, NULL),
(161, 'Шарапово', NULL, 1096, NULL, NULL, NULL),
(162, 'Шатура', NULL, 1096, NULL, NULL, NULL),
(163, 'Шатурторф', NULL, 1096, NULL, NULL, NULL),
(164, 'Шаховская', NULL, 1096, NULL, NULL, NULL),
(165, 'Шереметьевский', NULL, 1096, NULL, NULL, NULL),
(166, 'Щелково', NULL, 1096, NULL, NULL, NULL),
(167, 'Щербинка', NULL, 1096, NULL, NULL, NULL),
(168, 'Электрогорск', NULL, 1096, NULL, NULL, NULL),
(169, 'Электросталь', NULL, 1096, NULL, NULL, NULL),
(170, 'Электроугли', NULL, 1096, NULL, NULL, NULL),
(171, 'Юбилейный (Московская обл.)', NULL, 1096, NULL, NULL, NULL),
(172, 'Яхрома', NULL, 1096, NULL, NULL, NULL),
(173, 'Санкт-Петербург', NULL, 1, NULL, NULL, NULL),
(174, 'Александровская', NULL, 1, NULL, NULL, NULL),
(175, 'Бокситогорск', NULL, 1, NULL, NULL, NULL),
(176, 'Большая Ижора', NULL, 1, NULL, NULL, NULL),
(177, 'Будогощь', NULL, 1, NULL, NULL, NULL),
(178, 'Вознесенье', NULL, 1, NULL, NULL, NULL),
(179, 'Волосово', NULL, 1, NULL, NULL, NULL),
(180, 'Волхов', NULL, 1, NULL, NULL, NULL),
(181, 'Всеволожск', NULL, 1, NULL, NULL, NULL),
(182, 'Выборг', NULL, 1, NULL, NULL, NULL),
(183, 'Вырица', NULL, 1, NULL, NULL, NULL),
(184, 'Высоцк', NULL, 1, NULL, NULL, NULL),
(185, 'Гатчина', NULL, 1, NULL, NULL, NULL),
(186, 'Дружная Горка', NULL, 1, NULL, NULL, NULL),
(187, 'Дубровка', NULL, 1, NULL, NULL, NULL),
(188, 'Ефимовский', NULL, 1, NULL, NULL, NULL),
(189, 'Зеленогорск (Ленинградская обл.)', NULL, 1, NULL, NULL, NULL),
(190, 'Ивангород', NULL, 1, NULL, NULL, NULL),
(191, 'Каменногорск', NULL, 1, NULL, NULL, NULL),
(192, 'Кикерино', NULL, 1, NULL, NULL, NULL),
(193, 'Кингисепп', NULL, 1, NULL, NULL, NULL),
(194, 'Кириши', NULL, 1, NULL, NULL, NULL),
(195, 'Кировск', NULL, 1, NULL, NULL, NULL),
(196, 'Кобринское', NULL, 1, NULL, NULL, NULL),
(197, 'Колпино', NULL, 1, NULL, NULL, NULL),
(198, 'Коммунар', NULL, 1, NULL, NULL, NULL),
(199, 'Коммунар', NULL, 1, NULL, NULL, NULL),
(200, 'Кронштадт', NULL, 1, NULL, NULL, NULL),
(201, 'Лисий Нос', NULL, 1, NULL, NULL, NULL),
(202, 'Лодейное Поле', NULL, 1, NULL, NULL, NULL),
(203, 'Ломоносов', NULL, 1, NULL, NULL, NULL),
(204, 'Луга', NULL, 1, NULL, NULL, NULL),
(205, 'Павловск (Ленинградская обл.)', NULL, 1, NULL, NULL, NULL),
(206, 'Парголово', NULL, 1, NULL, NULL, NULL),
(207, 'Петродворец', NULL, 1, NULL, NULL, NULL),
(208, 'Пикалёво', NULL, 1, NULL, NULL, NULL),
(209, 'Подпорожье', NULL, 1, NULL, NULL, NULL),
(210, 'Приозерск', NULL, 1, NULL, NULL, NULL),
(211, 'Пушкин', NULL, 1, NULL, NULL, NULL),
(212, 'Светогорск', NULL, 1, NULL, NULL, NULL),
(213, 'Сертолово', NULL, 1, NULL, NULL, NULL),
(214, 'Сестрорецк', NULL, 1, NULL, NULL, NULL),
(215, 'Сланцы', NULL, 1, NULL, NULL, NULL),
(216, 'Сосновый Бор', NULL, 1, NULL, NULL, NULL),
(217, 'Тихвин', NULL, 1, NULL, NULL, NULL),
(218, 'Тосно', NULL, 1, NULL, NULL, NULL),
(219, 'Шлиссельбург', NULL, 1, NULL, NULL, NULL),
(254, 'Адыгейск', NULL, 2, NULL, NULL, NULL),
(255, 'Майкоп (Адыгея)', NULL, 2, NULL, NULL, NULL),
(286, 'Акташ', NULL, 3, NULL, NULL, NULL),
(287, 'Акутиха', NULL, 3, NULL, NULL, NULL),
(288, 'Алейск', NULL, 3, NULL, NULL, NULL),
(289, 'Алтайский', NULL, 3, NULL, NULL, NULL),
(290, 'Баево', NULL, 3, NULL, NULL, NULL),
(291, 'Барнаул', NULL, 3, NULL, NULL, NULL),
(292, 'Белово (Алтайский край)', NULL, 3, NULL, NULL, NULL),
(293, 'Белокуриха', NULL, 3, NULL, NULL, NULL),
(294, 'Белоярск', NULL, 3, NULL, NULL, NULL),
(295, 'Бийск', NULL, 3, NULL, NULL, NULL),
(296, 'Благовещенск', NULL, 3, NULL, NULL, NULL),
(297, 'Боровлянка', NULL, 3, NULL, NULL, NULL),
(298, 'Бурла', NULL, 3, NULL, NULL, NULL),
(299, 'Бурсоль', NULL, 3, NULL, NULL, NULL),
(300, 'Быстрый Исток', NULL, 3, NULL, NULL, NULL),
(301, 'Волчиха', NULL, 3, NULL, NULL, NULL),
(302, 'Горно-Алтайск', NULL, 3, NULL, NULL, NULL),
(303, 'Горняк', NULL, 3, NULL, NULL, NULL),
(304, 'Ельцовка', NULL, 3, NULL, NULL, NULL),
(305, 'Залесово', NULL, 3, NULL, NULL, NULL),
(306, 'Заринск', NULL, 3, NULL, NULL, NULL),
(307, 'Заток', NULL, 3, NULL, NULL, NULL),
(308, 'Змеиногорск', NULL, 3, NULL, NULL, NULL),
(309, 'Камень-на-Оби', NULL, 3, NULL, NULL, NULL),
(310, 'Ключи (Алтайский край)', NULL, 3, NULL, NULL, NULL),
(311, 'Кош-Агач', NULL, 3, NULL, NULL, NULL),
(312, 'Красногорское (Алтайский край)', NULL, 3, NULL, NULL, NULL),
(313, 'Краснощеково', NULL, 3, NULL, NULL, NULL),
(314, 'Кулунда', NULL, 3, NULL, NULL, NULL),
(315, 'Кытманово', NULL, 3, NULL, NULL, NULL),
(316, 'Мамонтово', NULL, 3, NULL, NULL, NULL),
(317, 'Новичиха', NULL, 3, NULL, NULL, NULL),
(318, 'Новоалтайск', NULL, 3, NULL, NULL, NULL),
(319, 'Онгудай', NULL, 3, NULL, NULL, NULL),
(320, 'Павловск (Алтайский край)', NULL, 3, NULL, NULL, NULL),
(321, 'Петропавловское', NULL, 3, NULL, NULL, NULL),
(322, 'Поспелиха', NULL, 3, NULL, NULL, NULL),
(323, 'Ребриха', NULL, 3, NULL, NULL, NULL),
(324, 'Родино', NULL, 3, NULL, NULL, NULL),
(325, 'Рубцовск', NULL, 3, NULL, NULL, NULL),
(326, 'Славгород', NULL, 3, NULL, NULL, NULL),
(327, 'Смоленское', NULL, 3, NULL, NULL, NULL),
(328, 'Солонешное', NULL, 3, NULL, NULL, NULL),
(329, 'Солтон', NULL, 3, NULL, NULL, NULL),
(330, 'Староаллейское', NULL, 3, NULL, NULL, NULL),
(331, 'Табуны', NULL, 3, NULL, NULL, NULL),
(332, 'Тальменка', NULL, 3, NULL, NULL, NULL),
(333, 'Тогул', NULL, 3, NULL, NULL, NULL),
(334, 'Топчиха', NULL, 3, NULL, NULL, NULL),
(335, 'Троицкое (Алтайский край)', NULL, 3, NULL, NULL, NULL),
(336, 'Турочак', NULL, 3, NULL, NULL, NULL),
(337, 'Тюменцево', NULL, 3, NULL, NULL, NULL),
(338, 'Угловское', NULL, 3, NULL, NULL, NULL),
(339, 'Усть-Калманка', NULL, 3, NULL, NULL, NULL),
(340, 'Усть-Кан', NULL, 3, NULL, NULL, NULL),
(341, 'Усть-Кокса', NULL, 3, NULL, NULL, NULL),
(342, 'Усть-Улаган', NULL, 3, NULL, NULL, NULL),
(343, 'Усть-Чарышская Пристань', NULL, 3, NULL, NULL, NULL),
(344, 'Хабары', NULL, 3, NULL, NULL, NULL),
(345, 'Целинное', NULL, 3, NULL, NULL, NULL),
(346, 'Чарышское', NULL, 3, NULL, NULL, NULL),
(347, 'Шебалино', NULL, 3, NULL, NULL, NULL),
(348, 'Шелаболиха', NULL, 3, NULL, NULL, NULL),
(349, 'Шипуново', NULL, 3, NULL, NULL, NULL),
(401, 'Айгунь', NULL, 4, NULL, NULL, NULL),
(402, 'Архара', NULL, 4, NULL, NULL, NULL),
(403, 'Белогорск', NULL, 4, NULL, NULL, NULL),
(404, 'Благовещенск (Амурская обл.)', NULL, 4, NULL, NULL, NULL),
(405, 'Бурея', NULL, 4, NULL, NULL, NULL),
(406, 'Возжаевка', NULL, 4, NULL, NULL, NULL),
(407, 'Екатеринославка', NULL, 4, NULL, NULL, NULL),
(408, 'Ерофей Павлович', NULL, 4, NULL, NULL, NULL),
(409, 'Завитинск', NULL, 4, NULL, NULL, NULL),
(410, 'Зея', NULL, 4, NULL, NULL, NULL),
(411, 'Златоустовск', NULL, 4, NULL, NULL, NULL),
(412, 'Ивановка', NULL, 4, NULL, NULL, NULL),
(413, 'Коболдо', NULL, 4, NULL, NULL, NULL),
(414, 'Магдагачи', NULL, 4, NULL, NULL, NULL),
(415, 'Новобурейский', NULL, 4, NULL, NULL, NULL),
(416, 'Поярково', NULL, 4, NULL, NULL, NULL),
(417, 'Райчихинск', NULL, 4, NULL, NULL, NULL),
(418, 'Ромны', NULL, 4, NULL, NULL, NULL),
(419, 'Свободный', NULL, 4, NULL, NULL, NULL),
(420, 'Серышево', NULL, 4, NULL, NULL, NULL),
(421, 'Сковородино', NULL, 4, NULL, NULL, NULL),
(422, 'Стойба', NULL, 4, NULL, NULL, NULL),
(423, 'Тамбовка', NULL, 4, NULL, NULL, NULL),
(424, 'Тында', NULL, 4, NULL, NULL, NULL),
(425, 'Февральск', NULL, 4, NULL, NULL, NULL),
(426, 'Шимановск', NULL, 4, NULL, NULL, NULL),
(427, 'Экимчан', NULL, 4, NULL, NULL, NULL),
(428, 'Ядрино', NULL, 4, NULL, NULL, NULL),
(541, 'Амдерма', NULL, 5, NULL, NULL, NULL),
(542, 'Архангельск', NULL, 5, NULL, NULL, NULL),
(543, 'Березник', NULL, 5, NULL, NULL, NULL),
(544, 'Вельск', NULL, 5, NULL, NULL, NULL),
(545, 'Верхняя Тойма', NULL, 5, NULL, NULL, NULL),
(546, 'Волошка', NULL, 5, NULL, NULL, NULL),
(547, 'Вычегодский', NULL, 5, NULL, NULL, NULL),
(548, 'Емца', NULL, 5, NULL, NULL, NULL),
(549, 'Илеза', NULL, 5, NULL, NULL, NULL),
(550, 'Ильинско-Подомское', NULL, 5, NULL, NULL, NULL),
(551, 'Каргополь (Архангельская обл.)', NULL, 5, NULL, NULL, NULL),
(552, 'Карпогоры', NULL, 5, NULL, NULL, NULL),
(553, 'Кодино', NULL, 5, NULL, NULL, NULL),
(554, 'Коноша', NULL, 5, NULL, NULL, NULL),
(555, 'Коряжма', NULL, 5, NULL, NULL, NULL),
(556, 'Котлас', NULL, 5, NULL, NULL, NULL),
(557, 'Красноборск', NULL, 5, NULL, NULL, NULL),
(558, 'Лешуконское', NULL, 5, NULL, NULL, NULL),
(559, 'Мезень', NULL, 5, NULL, NULL, NULL),
(560, 'Мирный (Архангельская обл.)', NULL, 5, NULL, NULL, NULL),
(561, 'Нарьян-Мар', NULL, 5, NULL, NULL, NULL),
(562, 'Новодвинск', NULL, 5, NULL, NULL, NULL),
(563, 'Няндома', NULL, 5, NULL, NULL, NULL),
(564, 'Онега', NULL, 5, NULL, NULL, NULL),
(565, 'Пинега', NULL, 5, NULL, NULL, NULL),
(566, 'Плесецк', NULL, 5, NULL, NULL, NULL),
(567, 'Савинск', NULL, 5, NULL, NULL, NULL),
(568, 'Северодвинск', NULL, 5, NULL, NULL, NULL),
(569, 'Сольвычегодск', NULL, 5, NULL, NULL, NULL),
(570, 'Холмогоры', NULL, 5, NULL, NULL, NULL),
(571, 'Шенкурск', NULL, 5, NULL, NULL, NULL),
(572, 'Яренск', NULL, 5, NULL, NULL, NULL),
(692, 'Астрахань', NULL, 6, NULL, NULL, NULL),
(693, 'Ахтубинск', NULL, 6, NULL, NULL, NULL),
(694, 'Верхний Баскунчак', NULL, 6, NULL, NULL, NULL),
(695, 'Володарский', NULL, 6, NULL, NULL, NULL),
(696, 'Енотаевка', NULL, 6, NULL, NULL, NULL),
(697, 'Икряное', NULL, 6, NULL, NULL, NULL),
(698, 'Камызяк', NULL, 6, NULL, NULL, NULL),
(699, 'Капустин Яр', NULL, 6, NULL, NULL, NULL),
(700, 'Красный Яр (Астраханская обл.)', NULL, 6, NULL, NULL, NULL),
(701, 'Лиман', NULL, 6, NULL, NULL, NULL),
(702, 'Началово', NULL, 6, NULL, NULL, NULL),
(703, 'Харабали', NULL, 6, NULL, NULL, NULL),
(704, 'Черный Яр', NULL, 6, NULL, NULL, NULL),
(779, 'Агидель', NULL, 7, NULL, NULL, NULL),
(780, 'Аксаково', NULL, 7, NULL, NULL, NULL),
(781, 'Амзя', NULL, 7, NULL, NULL, NULL),
(782, 'Архангелькое', NULL, 7, NULL, NULL, NULL),
(783, 'Аскарово', NULL, 7, NULL, NULL, NULL),
(784, 'Аскино', NULL, 7, NULL, NULL, NULL),
(785, 'Баймак', NULL, 7, NULL, NULL, NULL),
(786, 'Бакалы', NULL, 7, NULL, NULL, NULL),
(787, 'Белебей', NULL, 7, NULL, NULL, NULL),
(788, 'Белорецк', NULL, 7, NULL, NULL, NULL),
(789, 'Бижбуляк', NULL, 7, NULL, NULL, NULL),
(790, 'Бирск', NULL, 7, NULL, NULL, NULL),
(791, 'Благовещенск (Башкирия)', NULL, 7, NULL, NULL, NULL),
(792, 'Большеустьикинское', NULL, 7, NULL, NULL, NULL),
(793, 'Бураево', NULL, 7, NULL, NULL, NULL),
(794, 'Верхнеяркеево', NULL, 7, NULL, NULL, NULL),
(795, 'Верхние Киги', NULL, 7, NULL, NULL, NULL),
(796, 'Верхние Татышлы', NULL, 7, NULL, NULL, NULL),
(797, 'Верхний Авзян', NULL, 7, NULL, NULL, NULL),
(798, 'Давлеканово', NULL, 7, NULL, NULL, NULL),
(799, 'Дуван', NULL, 7, NULL, NULL, NULL),
(800, 'Дюртюли', NULL, 7, NULL, NULL, NULL),
(801, 'Ермекеево', NULL, 7, NULL, NULL, NULL),
(802, 'Ермолаево', NULL, 7, NULL, NULL, NULL),
(803, 'Зилаир', NULL, 7, NULL, NULL, NULL),
(804, 'Зирган', NULL, 7, NULL, NULL, NULL),
(805, 'Иглино', NULL, 7, NULL, NULL, NULL),
(806, 'Инзер', NULL, 7, NULL, NULL, NULL),
(807, 'Исянгулово', NULL, 7, NULL, NULL, NULL),
(808, 'Ишимбай', NULL, 7, NULL, NULL, NULL),
(809, 'Калтасы', NULL, 7, NULL, NULL, NULL),
(810, 'Кананикольское', NULL, 7, NULL, NULL, NULL),
(811, 'Кандры', NULL, 7, NULL, NULL, NULL),
(812, 'Караидель', NULL, 7, NULL, NULL, NULL),
(813, 'Караидельский', NULL, 7, NULL, NULL, NULL),
(814, 'Киргиз-Мияки', NULL, 7, NULL, NULL, NULL),
(815, 'Красноусольский', NULL, 7, NULL, NULL, NULL),
(816, 'Кумертау', NULL, 7, NULL, NULL, NULL),
(817, 'Кушнаренково', NULL, 7, NULL, NULL, NULL),
(818, 'Малояз', NULL, 7, NULL, NULL, NULL),
(819, 'Межгорье', NULL, 7, NULL, NULL, NULL),
(820, 'Мелеуз', NULL, 7, NULL, NULL, NULL),
(821, 'Месягутово', NULL, 7, NULL, NULL, NULL),
(822, 'Мраково', NULL, 7, NULL, NULL, NULL),
(823, 'Нефтекамск', NULL, 7, NULL, NULL, NULL),
(824, 'Октябрьский (Башкирия)', NULL, 7, NULL, NULL, NULL),
(825, 'Приютово', NULL, 7, NULL, NULL, NULL),
(826, 'Раевский', NULL, 7, NULL, NULL, NULL),
(827, 'Салават', NULL, 7, NULL, NULL, NULL),
(828, 'Сибай', NULL, 7, NULL, NULL, NULL),
(829, 'Старобалтачево', NULL, 7, NULL, NULL, NULL),
(830, 'Старосубхангулово', NULL, 7, NULL, NULL, NULL),
(831, 'Стерлибашево', NULL, 7, NULL, NULL, NULL),
(832, 'Стерлитамак', NULL, 7, NULL, NULL, NULL),
(833, 'Туймазы', NULL, 7, NULL, NULL, NULL),
(834, 'Уфа', NULL, 7, NULL, NULL, NULL),
(835, 'Учалы', NULL, 7, NULL, NULL, NULL),
(836, 'Федоровка (Башкирия)', NULL, 7, NULL, NULL, NULL),
(837, 'Чекмагуш', NULL, 7, NULL, NULL, NULL),
(838, 'Чишмы', NULL, 7, NULL, NULL, NULL),
(839, 'Шаран', NULL, 7, NULL, NULL, NULL),
(840, 'Янаул', NULL, 7, NULL, NULL, NULL),
(953, 'Алексеевка (Белгородская обл.)', NULL, 8, NULL, NULL, NULL),
(954, 'Белгород', NULL, 8, NULL, NULL, NULL),
(955, 'Борисовка', NULL, 8, NULL, NULL, NULL),
(956, 'Валуйки', NULL, 8, NULL, NULL, NULL),
(957, 'Вейделевка', NULL, 8, NULL, NULL, NULL),
(958, 'Волоконовка', NULL, 8, NULL, NULL, NULL),
(959, 'Грайворон', NULL, 8, NULL, NULL, NULL),
(960, 'Губкин', NULL, 8, NULL, NULL, NULL),
(961, 'Ивня', NULL, 8, NULL, NULL, NULL),
(962, 'Короча', NULL, 8, NULL, NULL, NULL),
(963, 'Красногвардейское (Белгород.)', NULL, 8, NULL, NULL, NULL),
(964, 'Новый Оскол', NULL, 8, NULL, NULL, NULL),
(965, 'Ракитное', NULL, 8, NULL, NULL, NULL),
(966, 'Ровеньки', NULL, 8, NULL, NULL, NULL),
(967, 'Старый Оскол', NULL, 8, NULL, NULL, NULL),
(968, 'Строитель', NULL, 8, NULL, NULL, NULL),
(969, 'Чернянка', NULL, 8, NULL, NULL, NULL),
(970, 'Шебекино', NULL, 8, NULL, NULL, NULL),
(1059, 'Алтухово', NULL, 9, NULL, NULL, NULL),
(1060, 'Белая Березка', NULL, 9, NULL, NULL, NULL),
(1061, 'Белые Берега', NULL, 9, NULL, NULL, NULL),
(1062, 'Большое Полпино', NULL, 9, NULL, NULL, NULL),
(1063, 'Брянск', NULL, 9, NULL, NULL, NULL),
(1064, 'Бытошь', NULL, 9, NULL, NULL, NULL),
(1065, 'Выгоничи', NULL, 9, NULL, NULL, NULL),
(1066, 'Вышков', NULL, 9, NULL, NULL, NULL),
(1067, 'Гордеевка', NULL, 9, NULL, NULL, NULL),
(1068, 'Дубровка (Брянская обл.)', NULL, 9, NULL, NULL, NULL),
(1069, 'Дятьково', NULL, 9, NULL, NULL, NULL),
(1070, 'Дятьково', NULL, 9, NULL, NULL, NULL),
(1071, 'Жирятино', NULL, 9, NULL, NULL, NULL),
(1072, 'Жуковка', NULL, 9, NULL, NULL, NULL),
(1073, 'Злынка', NULL, 9, NULL, NULL, NULL),
(1074, 'Ивот', NULL, 9, NULL, NULL, NULL),
(1075, 'Карачев', NULL, 9, NULL, NULL, NULL),
(1076, 'Клетня', NULL, 9, NULL, NULL, NULL),
(1077, 'Климово', NULL, 9, NULL, NULL, NULL),
(1078, 'Клинцы', NULL, 9, NULL, NULL, NULL),
(1079, 'Кокаревка', NULL, 9, NULL, NULL, NULL),
(1080, 'Комаричи', NULL, 9, NULL, NULL, NULL),
(1081, 'Красная Гора', NULL, 9, NULL, NULL, NULL),
(1082, 'Локоть (Брянская обл.)', NULL, 9, NULL, NULL, NULL),
(1083, 'Мглин', NULL, 9, NULL, NULL, NULL),
(1084, 'Навля', NULL, 9, NULL, NULL, NULL),
(1085, 'Новозыбков', NULL, 9, NULL, NULL, NULL),
(1086, 'Погар', NULL, 9, NULL, NULL, NULL),
(1087, 'Почеп', NULL, 9, NULL, NULL, NULL),
(1088, 'Ржаница', NULL, 9, NULL, NULL, NULL),
(1089, 'Рогнедино', NULL, 9, NULL, NULL, NULL),
(1090, 'Севск', NULL, 9, NULL, NULL, NULL),
(1091, 'Стародуб', NULL, 9, NULL, NULL, NULL),
(1092, 'Суземка', NULL, 9, NULL, NULL, NULL),
(1093, 'Сураж', NULL, 9, NULL, NULL, NULL),
(1094, 'Трубчевск', NULL, 9, NULL, NULL, NULL),
(1095, 'Унеча', NULL, 9, NULL, NULL, NULL),
(1189, 'Бабушкин', NULL, 10, NULL, NULL, NULL),
(1190, 'Багдарин', NULL, 10, NULL, NULL, NULL),
(1191, 'Баргузин', NULL, 10, NULL, NULL, NULL),
(1192, 'Баянгол', NULL, 10, NULL, NULL, NULL),
(1193, 'Бичура', NULL, 10, NULL, NULL, NULL),
(1194, 'Выдрино', NULL, 10, NULL, NULL, NULL),
(1195, 'Гусиное Озеро', NULL, 10, NULL, NULL, NULL),
(1196, 'Гусиноозерск', NULL, 10, NULL, NULL, NULL),
(1197, 'Заиграево', NULL, 10, NULL, NULL, NULL),
(1198, 'Закаменск', NULL, 10, NULL, NULL, NULL),
(1199, 'Иволгинск', NULL, 10, NULL, NULL, NULL),
(1200, 'Илька', NULL, 10, NULL, NULL, NULL),
(1201, 'Кабанск', NULL, 10, NULL, NULL, NULL),
(1202, 'Каменск', NULL, 10, NULL, NULL, NULL),
(1203, 'Кижинга', NULL, 10, NULL, NULL, NULL),
(1204, 'Курумкан', NULL, 10, NULL, NULL, NULL),
(1205, 'Кырен', NULL, 10, NULL, NULL, NULL),
(1206, 'Кяхта', NULL, 10, NULL, NULL, NULL),
(1207, 'Монды', NULL, 10, NULL, NULL, NULL),
(1208, 'Мухоршибирь', NULL, 10, NULL, NULL, NULL),
(1209, 'Нижнеангарск', NULL, 10, NULL, NULL, NULL),
(1210, 'Орлик', NULL, 10, NULL, NULL, NULL),
(1211, 'Петропавловка (Бурятия)', NULL, 10, NULL, NULL, NULL),
(1212, 'Романовка (Бурятия)', NULL, 10, NULL, NULL, NULL),
(1213, 'Северобайкальск (Бурятия)', NULL, 10, NULL, NULL, NULL),
(1214, 'Селенгинск', NULL, 10, NULL, NULL, NULL),
(1215, 'Сосново-Озерское', NULL, 10, NULL, NULL, NULL),
(1216, 'Таксимо (Бурятия)', NULL, 10, NULL, NULL, NULL),
(1217, 'Турунтаево', NULL, 10, NULL, NULL, NULL),
(1218, 'Улан-Удэ', NULL, 10, NULL, NULL, NULL),
(1219, 'Хоринск', NULL, 10, NULL, NULL, NULL),
(1321, 'Александров', NULL, 11, NULL, NULL, NULL),
(1322, 'Андреево', NULL, 11, NULL, NULL, NULL),
(1323, 'Анопино', NULL, 11, NULL, NULL, NULL),
(1324, 'Бавлены', NULL, 11, NULL, NULL, NULL),
(1325, 'Балакирево', NULL, 11, NULL, NULL, NULL),
(1326, 'Боголюбово', NULL, 11, NULL, NULL, NULL),
(1327, 'Великодворский', NULL, 11, NULL, NULL, NULL),
(1328, 'Вербовский', NULL, 11, NULL, NULL, NULL),
(1329, 'Владимир', NULL, 11, NULL, NULL, NULL),
(1330, 'Вязники', NULL, 11, NULL, NULL, NULL),
(1331, 'Городищи (Владимирская обл.)', NULL, 11, NULL, NULL, NULL),
(1332, 'Гороховец', NULL, 11, NULL, NULL, NULL),
(1333, 'Гусевский', NULL, 11, NULL, NULL, NULL),
(1334, 'Гусь Хрустальный', NULL, 11, NULL, NULL, NULL),
(1335, 'Гусь-Хрустальный', NULL, 11, NULL, NULL, NULL),
(1336, 'Золотково', NULL, 11, NULL, NULL, NULL),
(1337, 'Иванищи', NULL, 11, NULL, NULL, NULL),
(1338, 'Камешково', NULL, 11, NULL, NULL, NULL),
(1339, 'Карабаново', NULL, 11, NULL, NULL, NULL),
(1340, 'Киржач', NULL, 11, NULL, NULL, NULL),
(1341, 'Ковров', NULL, 11, NULL, NULL, NULL),
(1342, 'Кольчугино', NULL, 11, NULL, NULL, NULL),
(1343, 'Красная Горбатка', NULL, 11, NULL, NULL, NULL),
(1344, 'Лакинск', NULL, 11, NULL, NULL, NULL),
(1345, 'Меленки', NULL, 11, NULL, NULL, NULL),
(1346, 'Муром', NULL, 11, NULL, NULL, NULL),
(1347, 'Петушки', NULL, 11, NULL, NULL, NULL),
(1348, 'Покров', NULL, 11, NULL, NULL, NULL),
(1349, 'Радужный (Владимирская обл.)', NULL, 11, NULL, NULL, NULL),
(1350, 'Собинка', NULL, 11, NULL, NULL, NULL),
(1351, 'Судогда', NULL, 11, NULL, NULL, NULL),
(1352, 'Суздаль', NULL, 11, NULL, NULL, NULL),
(1353, 'Юрьев-Польский', NULL, 11, NULL, NULL, NULL),
(1354, 'Азовское', NULL, 88, NULL, NULL, NULL),
(1355, 'Алупка', NULL, 88, NULL, NULL, NULL),
(1356, 'Алушта', NULL, 88, NULL, NULL, NULL),
(1357, 'Армянск', NULL, 88, NULL, NULL, NULL),
(1358, 'Багерово', NULL, 88, NULL, NULL, NULL),
(1359, 'Балаклава', NULL, 88, NULL, NULL, NULL),
(1360, 'Бахчисарай', NULL, 88, NULL, NULL, NULL),
(1361, 'Белогорск', NULL, 88, NULL, NULL, NULL),
(1362, 'Гаспра', NULL, 88, NULL, NULL, NULL),
(1363, 'Гвардейское', NULL, 88, NULL, NULL, NULL),
(1364, 'Гурзуф', NULL, 88, NULL, NULL, NULL),
(1365, 'Джанкой', NULL, 88, NULL, NULL, NULL),
(1366, 'Евпатория', NULL, 88, NULL, NULL, NULL),
(1367, 'Зуя', NULL, 88, NULL, NULL, NULL),
(1368, 'Керчь', NULL, 88, NULL, NULL, NULL),
(1369, 'Кировское', NULL, 88, NULL, NULL, NULL),
(1370, 'Коктебель', NULL, 88, NULL, NULL, NULL),
(1371, 'Красногвардейское', NULL, 88, NULL, NULL, NULL),
(1372, 'Красноперекопск', NULL, 88, NULL, NULL, NULL),
(1373, 'Ленино', NULL, 88, NULL, NULL, NULL),
(1374, 'Массандра', NULL, 88, NULL, NULL, NULL),
(1375, 'Нижнегорский', NULL, 88, NULL, NULL, NULL),
(1376, 'Первомайское', NULL, 88, NULL, NULL, NULL),
(1377, 'Раздольное', NULL, 88, NULL, NULL, NULL),
(1378, 'Саки', NULL, 88, NULL, NULL, NULL),
(1379, 'Севастополь', NULL, 88, NULL, NULL, NULL),
(1380, 'Симеиз', NULL, 88, NULL, NULL, NULL),
(1381, 'Симферополь', NULL, 88, NULL, NULL, NULL),
(1382, 'Советский', NULL, 88, NULL, NULL, NULL),
(1383, 'Судак', NULL, 88, NULL, NULL, NULL),
(1384, 'Феодосия', NULL, 88, NULL, NULL, NULL),
(1385, 'Форос', NULL, 88, NULL, NULL, NULL),
(1386, 'Черноморское', NULL, 88, NULL, NULL, NULL),
(1387, 'Щёлкино', NULL, 88, NULL, NULL, NULL),
(1388, 'Ялта', NULL, 88, NULL, NULL, NULL),
(1432, 'Алексеевская', NULL, 12, NULL, NULL, NULL),
(1433, 'Алущевск', NULL, 12, NULL, NULL, NULL),
(1434, 'Быково (Волгоградская обл.)', NULL, 12, NULL, NULL, NULL),
(1435, 'Волгоград', NULL, 12, NULL, NULL, NULL),
(1436, 'Волжский (Волгоградская обл.)', NULL, 12, NULL, NULL, NULL),
(1437, 'Городище (Волгоградская обл.)', NULL, 12, NULL, NULL, NULL),
(1438, 'Дубовка (Волгоградская обл.)', NULL, 12, NULL, NULL, NULL),
(1439, 'Елань', NULL, 12, NULL, NULL, NULL),
(1440, 'Жирновск', NULL, 12, NULL, NULL, NULL),
(1441, 'Иловля', NULL, 12, NULL, NULL, NULL),
(1442, 'Калач-на-Дону', NULL, 12, NULL, NULL, NULL),
(1443, 'Камышин', NULL, 12, NULL, NULL, NULL),
(1444, 'Кириллов', NULL, 12, NULL, NULL, NULL),
(1445, 'Клетский', NULL, 12, NULL, NULL, NULL),
(1446, 'Котельниково', NULL, 12, NULL, NULL, NULL),
(1447, 'Котово', NULL, 12, NULL, NULL, NULL),
(1448, 'Кумылженская', NULL, 12, NULL, NULL, NULL),
(1449, 'Ленинск', NULL, 12, NULL, NULL, NULL),
(1450, 'Михайловка', NULL, 12, NULL, NULL, NULL),
(1451, 'Нехаевский', NULL, 12, NULL, NULL, NULL),
(1452, 'Николаевск', NULL, 12, NULL, NULL, NULL),
(1453, 'Новоаннинский', NULL, 12, NULL, NULL, NULL),
(1454, 'Новониколаевский', NULL, 12, NULL, NULL, NULL),
(1455, 'Ольховка', NULL, 12, NULL, NULL, NULL),
(1456, 'Палласовка (Волгоградская обл.)', NULL, 12, NULL, NULL, NULL),
(1457, 'Рудня (Волгоградская обл.)', NULL, 12, NULL, NULL, NULL),
(1458, 'Светлый Яр', NULL, 12, NULL, NULL, NULL),
(1459, 'Серафимович', NULL, 12, NULL, NULL, NULL),
(1460, 'Средняя Ахтуба', NULL, 12, NULL, NULL, NULL),
(1461, 'Сталинград', NULL, 12, NULL, NULL, NULL),
(1462, 'Старая Полтавка', NULL, 12, NULL, NULL, NULL),
(1463, 'Суровикино', NULL, 12, NULL, NULL, NULL),
(1464, 'Урюпинск', NULL, 12, NULL, NULL, NULL),
(1465, 'Фролово', NULL, 12, NULL, NULL, NULL),
(1466, 'Чернышковский', NULL, 12, NULL, NULL, NULL),
(1530, 'Бабаево', NULL, 13, NULL, NULL, NULL),
(1531, 'Белозерск', NULL, 13, NULL, NULL, NULL),
(1532, 'Великий Устюг', NULL, 13, NULL, NULL, NULL),
(1533, 'Верховажье', NULL, 13, NULL, NULL, NULL),
(1534, 'Вожега', NULL, 13, NULL, NULL, NULL),
(1535, 'Вологда', NULL, 13, NULL, NULL, NULL),
(1536, 'Вохтога', NULL, 13, NULL, NULL, NULL),
(1537, 'Вытегра', NULL, 13, NULL, NULL, NULL),
(1538, 'Грязовец', NULL, 13, NULL, NULL, NULL),
(1539, 'Кадников', NULL, 13, NULL, NULL, NULL),
(1540, 'Кадуй', NULL, 13, NULL, NULL, NULL),
(1541, 'Кириллов', NULL, 13, NULL, NULL, NULL),
(1542, 'Кичменгский Городок', NULL, 13, NULL, NULL, NULL),
(1543, 'Липин Бор', NULL, 13, NULL, NULL, NULL),
(1544, 'Никольск', NULL, 13, NULL, NULL, NULL),
(1545, 'Нюксеница', NULL, 13, NULL, NULL, NULL),
(1546, 'Сокол', NULL, 13, NULL, NULL, NULL),
(1547, 'Сямжа', NULL, 13, NULL, NULL, NULL),
(1548, 'Тарногский Городок', NULL, 13, NULL, NULL, NULL),
(1549, 'Тотьма', NULL, 13, NULL, NULL, NULL),
(1550, 'Устюжна', NULL, 13, NULL, NULL, NULL),
(1551, 'Харовск', NULL, 13, NULL, NULL, NULL),
(1552, 'Чагода', NULL, 13, NULL, NULL, NULL),
(1553, 'Череповец', NULL, 13, NULL, NULL, NULL),
(1554, 'Шексна', NULL, 13, NULL, NULL, NULL),
(1555, 'Шуйское', NULL, 13, NULL, NULL, NULL),
(1685, 'Калач', NULL, 14, NULL, NULL, NULL),
(1686, 'Анна', NULL, 14, NULL, NULL, NULL),
(1687, 'Бобров', NULL, 14, NULL, NULL, NULL),
(1688, 'Богучар', NULL, 14, NULL, NULL, NULL),
(1689, 'Борисоглебск', NULL, 14, NULL, NULL, NULL),
(1690, 'Бутурлиновка', NULL, 14, NULL, NULL, NULL),
(1691, 'Верхний Мамон', NULL, 14, NULL, NULL, NULL),
(1692, 'Верхняя Хава', NULL, 14, NULL, NULL, NULL),
(1693, 'Воробьевка', NULL, 14, NULL, NULL, NULL),
(1694, 'Воронеж', NULL, 14, NULL, NULL, NULL),
(1695, 'Грибановский', NULL, 14, NULL, NULL, NULL),
(1696, 'Давыдовка', NULL, 14, NULL, NULL, NULL),
(1697, 'Елань-Коленовский', NULL, 14, NULL, NULL, NULL),
(1698, 'Кантемировка', NULL, 14, NULL, NULL, NULL),
(1699, 'Лиски (Воронежская обл.)', NULL, 14, NULL, NULL, NULL),
(1700, 'Нижнедевицк', NULL, 14, NULL, NULL, NULL),
(1701, 'Новая Усмань', NULL, 14, NULL, NULL, NULL),
(1702, 'Нововоронеж', NULL, 14, NULL, NULL, NULL),
(1703, 'Новохоперск', NULL, 14, NULL, NULL, NULL),
(1704, 'Ольховатка', NULL, 14, NULL, NULL, NULL),
(1705, 'Острогожск', NULL, 14, NULL, NULL, NULL),
(1706, 'Павловск (Воронежская обл.)', NULL, 14, NULL, NULL, NULL),
(1707, 'Панино', NULL, 14, NULL, NULL, NULL),
(1708, 'Петропавловка', NULL, 14, NULL, NULL, NULL),
(1709, 'Поворино', NULL, 14, NULL, NULL, NULL),
(1710, 'Подгоренский', NULL, 14, NULL, NULL, NULL),
(1711, 'Рамонь', NULL, 14, NULL, NULL, NULL),
(1712, 'Репьевка', NULL, 14, NULL, NULL, NULL),
(1713, 'Россошь', NULL, 14, NULL, NULL, NULL),
(1714, 'Семилуки', NULL, 14, NULL, NULL, NULL),
(1715, 'Таловая', NULL, 14, NULL, NULL, NULL),
(1716, 'Терновка', NULL, 14, NULL, NULL, NULL),
(1717, 'Хохольский', NULL, 14, NULL, NULL, NULL),
(1718, 'Эртиль', NULL, 14, NULL, NULL, NULL),
(1761, 'Агвали', NULL, 15, NULL, NULL, NULL),
(1762, 'Акуша', NULL, 15, NULL, NULL, NULL),
(1763, 'Ахты', NULL, 15, NULL, NULL, NULL),
(1764, 'Ачису', NULL, 15, NULL, NULL, NULL),
(1765, 'Бабаюрт', NULL, 15, NULL, NULL, NULL),
(1766, 'Бежта', NULL, 15, NULL, NULL, NULL),
(1767, 'Ботлих', NULL, 15, NULL, NULL, NULL),
(1768, 'Буйнакск', NULL, 15, NULL, NULL, NULL),
(1769, 'Вачи', NULL, 15, NULL, NULL, NULL),
(1770, 'Гергебиль', NULL, 15, NULL, NULL, NULL),
(1771, 'Гуниб', NULL, 15, NULL, NULL, NULL),
(1772, 'Дагестанские Огни', NULL, 15, NULL, NULL, NULL),
(1773, 'Дербент', NULL, 15, NULL, NULL, NULL),
(1774, 'Дылым', NULL, 15, NULL, NULL, NULL),
(1775, 'Ершовка', NULL, 15, NULL, NULL, NULL),
(1776, 'Избербаш', NULL, 15, NULL, NULL, NULL),
(1777, 'Карабудахкент', NULL, 15, NULL, NULL, NULL),
(1778, 'Карата', NULL, 15, NULL, NULL, NULL),
(1779, 'Каспийск', NULL, 15, NULL, NULL, NULL),
(1780, 'Касумкент', NULL, 15, NULL, NULL, NULL),
(1781, 'Кизилюрт', NULL, 15, NULL, NULL, NULL),
(1782, 'Кизляр', NULL, 15, NULL, NULL, NULL),
(1783, 'Кочубей', NULL, 15, NULL, NULL, NULL),
(1784, 'Кумух', NULL, 15, NULL, NULL, NULL),
(1785, 'Курах', NULL, 15, NULL, NULL, NULL),
(1786, 'Магарамкент', NULL, 15, NULL, NULL, NULL),
(1787, 'Маджалис', NULL, 15, NULL, NULL, NULL),
(1788, 'Махачкала', NULL, 15, NULL, NULL, NULL),
(1789, 'Мехельта', NULL, 15, NULL, NULL, NULL),
(1790, 'Новолакское', NULL, 15, NULL, NULL, NULL),
(1791, 'Рутул', NULL, 15, NULL, NULL, NULL),
(1792, 'Советское (Дагестан)', NULL, 15, NULL, NULL, NULL),
(1793, 'Тарумовка', NULL, 15, NULL, NULL, NULL),
(1794, 'Терекли-Мектеб', NULL, 15, NULL, NULL, NULL),
(1795, 'Тлярата', NULL, 15, NULL, NULL, NULL),
(1796, 'Тпиг', NULL, 15, NULL, NULL, NULL),
(1797, 'Унцукуль', NULL, 15, NULL, NULL, NULL),
(1798, 'Уркарах', NULL, 15, NULL, NULL, NULL),
(1799, 'Хасавюрт', NULL, 15, NULL, NULL, NULL),
(1800, 'Хив', NULL, 15, NULL, NULL, NULL),
(1801, 'Хунзах', NULL, 15, NULL, NULL, NULL),
(1802, 'Цуриб', NULL, 15, NULL, NULL, NULL),
(1803, 'Южно-Сухокумск', NULL, 15, NULL, NULL, NULL),
(1870, 'Биробиджан', NULL, 16, NULL, NULL, NULL),
(1941, 'Архиповка', NULL, 17, NULL, NULL, NULL),
(1942, 'Верхний Ландех', NULL, 17, NULL, NULL, NULL),
(1943, 'Вичуга', NULL, 17, NULL, NULL, NULL),
(1944, 'Гаврилов Посад', NULL, 17, NULL, NULL, NULL),
(1945, 'Долматовский', NULL, 17, NULL, NULL, NULL),
(1946, 'Дуляпино', NULL, 17, NULL, NULL, NULL),
(1947, 'Заволжск', NULL, 17, NULL, NULL, NULL),
(1948, 'Заречный (Ивановская обл.)', NULL, 17, NULL, NULL, NULL),
(1949, 'Иваново', NULL, 17, NULL, NULL, NULL),
(1950, 'Иваньковский', NULL, 17, NULL, NULL, NULL),
(1951, 'Ильинское-Хованское', NULL, 17, NULL, NULL, NULL),
(1952, 'Каминский', NULL, 17, NULL, NULL, NULL),
(1953, 'Кинешма', NULL, 17, NULL, NULL, NULL),
(1954, 'Комсомольск', NULL, 17, NULL, NULL, NULL),
(1955, 'Кохма', NULL, 17, NULL, NULL, NULL),
(1956, 'Лух', NULL, 17, NULL, NULL, NULL),
(1957, 'Палех', NULL, 17, NULL, NULL, NULL),
(1958, 'Пестяки', NULL, 17, NULL, NULL, NULL),
(1959, 'Приволжск', NULL, 17, NULL, NULL, NULL),
(1960, 'Пучеж', NULL, 17, NULL, NULL, NULL),
(1961, 'Родники (Ивановская обл.)', NULL, 17, NULL, NULL, NULL),
(1962, 'Савино', NULL, 17, NULL, NULL, NULL),
(1963, 'Сокольское', NULL, 17, NULL, NULL, NULL),
(1964, 'Тейково', NULL, 17, NULL, NULL, NULL),
(1965, 'Фурманов', NULL, 17, NULL, NULL, NULL),
(1966, 'Шуя', NULL, 17, NULL, NULL, NULL),
(1967, 'Южа', NULL, 17, NULL, NULL, NULL),
(1968, 'Юрьевец', NULL, 17, NULL, NULL, NULL),
(2020, 'Алексеевск', NULL, 18, NULL, NULL, NULL),
(2021, 'Алзамай', NULL, 18, NULL, NULL, NULL),
(2022, 'Алыгжер', NULL, 18, NULL, NULL, NULL),
(2023, 'Ангарск', NULL, 18, NULL, NULL, NULL),
(2024, 'Артемовский (Иркутская обл.)', NULL, 18, NULL, NULL, NULL),
(2025, 'Байкал', NULL, 18, NULL, NULL, NULL),
(2026, 'Байкальск', NULL, 18, NULL, NULL, NULL),
(2027, 'Балаганск', NULL, 18, NULL, NULL, NULL),
(2028, 'Баяндай', NULL, 18, NULL, NULL, NULL),
(2029, 'Бирюсинск', NULL, 18, NULL, NULL, NULL),
(2030, 'Бодайбо', NULL, 18, NULL, NULL, NULL),
(2031, 'Большая Речка', NULL, 18, NULL, NULL, NULL),
(2032, 'Большой Луг', NULL, 18, NULL, NULL, NULL),
(2033, 'Бохан', NULL, 18, NULL, NULL, NULL),
(2034, 'Братск', NULL, 18, NULL, NULL, NULL),
(2035, 'Видим', NULL, 18, NULL, NULL, NULL),
(2036, 'Витимский', NULL, 18, NULL, NULL, NULL),
(2037, 'Вихоревка', NULL, 18, NULL, NULL, NULL),
(2038, 'Еланцы', NULL, 18, NULL, NULL, NULL),
(2039, 'Ербогачен', NULL, 18, NULL, NULL, NULL),
(2040, 'Железногорск-Илимский', NULL, 18, NULL, NULL, NULL),
(2041, 'Жигалово', NULL, 18, NULL, NULL, NULL),
(2042, 'Забитуй', NULL, 18, NULL, NULL, NULL),
(2043, 'Залари', NULL, 18, NULL, NULL, NULL),
(2044, 'Звездный', NULL, 18, NULL, NULL, NULL),
(2045, 'Зима', NULL, 18, NULL, NULL, NULL),
(2046, 'Иркутск', NULL, 18, NULL, NULL, NULL),
(2047, 'Казачинское (Иркутская обл.)', NULL, 18, NULL, NULL, NULL),
(2048, 'Качуг', NULL, 18, NULL, NULL, NULL),
(2049, 'Квиток', NULL, 18, NULL, NULL, NULL),
(2050, 'Киренск', NULL, 18, NULL, NULL, NULL),
(2051, 'Куйтун', NULL, 18, NULL, NULL, NULL),
(2052, 'Култук', NULL, 18, NULL, NULL, NULL),
(2053, 'Кутулик', NULL, 18, NULL, NULL, NULL),
(2054, 'Мама', NULL, 18, NULL, NULL, NULL),
(2055, 'Нижнеудинск', NULL, 18, NULL, NULL, NULL),
(2056, 'Оса', NULL, 18, NULL, NULL, NULL),
(2057, 'Саянск', NULL, 18, NULL, NULL, NULL),
(2058, 'Слюдянка', NULL, 18, NULL, NULL, NULL),
(2059, 'Тайшет', NULL, 18, NULL, NULL, NULL),
(2060, 'Тулун', NULL, 18, NULL, NULL, NULL),
(2061, 'Усолье-Сибирское (Иркутская обл.)', NULL, 18, NULL, NULL, NULL),
(2062, 'Усть-Илимск', NULL, 18, NULL, NULL, NULL),
(2063, 'Усть-Кут', NULL, 18, NULL, NULL, NULL),
(2064, 'Усть-Ордынский', NULL, 18, NULL, NULL, NULL),
(2065, 'Усть-Уда', NULL, 18, NULL, NULL, NULL),
(2066, 'Черемхово', NULL, 18, NULL, NULL, NULL),
(2067, 'Чунский', NULL, 18, NULL, NULL, NULL),
(2068, 'Шелехов', NULL, 18, NULL, NULL, NULL),
(2123, 'Баксан', NULL, 19, NULL, NULL, NULL),
(2124, 'Майский', NULL, 19, NULL, NULL, NULL),
(2125, 'Нальчик', NULL, 19, NULL, NULL, NULL),
(2126, 'Нарткала', NULL, 19, NULL, NULL, NULL),
(2127, 'Прохладный', NULL, 19, NULL, NULL, NULL),
(2128, 'Советское (Кабардино-Балкария)', NULL, 19, NULL, NULL, NULL),
(2129, 'Терек', NULL, 19, NULL, NULL, NULL),
(2130, 'Тырныауз', NULL, 19, NULL, NULL, NULL),
(2131, 'Чегем-Первый', NULL, 19, NULL, NULL, NULL),
(2203, 'Багратионовск', NULL, 20, NULL, NULL, NULL),
(2204, 'Балтийск', NULL, 20, NULL, NULL, NULL),
(2205, 'Гвардейск', NULL, 20, NULL, NULL, NULL),
(2206, 'Гурьевск (Калининградская обл.)', NULL, 20, NULL, NULL, NULL),
(2207, 'Гусев', NULL, 20, NULL, NULL, NULL),
(2208, 'Железнодорожный (Калининград.)', NULL, 20, NULL, NULL, NULL),
(2209, 'Зеленоградск', NULL, 20, NULL, NULL, NULL),
(2210, 'Знаменск', NULL, 20, NULL, NULL, NULL),
(2211, 'Калининград (Кенигсберг)', NULL, 20, NULL, NULL, NULL),
(2212, 'Краснознаменск (Калининград.)', NULL, 20, NULL, NULL, NULL),
(2213, 'Ладушкин', NULL, 20, NULL, NULL, NULL),
(2214, 'Мамоново', NULL, 20, NULL, NULL, NULL),
(2215, 'Неман', NULL, 20, NULL, NULL, NULL),
(2216, 'Нестеров', NULL, 20, NULL, NULL, NULL),
(2217, 'Озерск(Калининградская обл.)', NULL, 20, NULL, NULL, NULL),
(2218, 'Пионерск', NULL, 20, NULL, NULL, NULL),
(2219, 'Полесск', NULL, 20, NULL, NULL, NULL),
(2220, 'Правдинск', NULL, 20, NULL, NULL, NULL),
(2221, 'Светлогорск', NULL, 20, NULL, NULL, NULL),
(2222, 'Светлый (Калининградская обл.)', NULL, 20, NULL, NULL, NULL),
(2223, 'Славск', NULL, 20, NULL, NULL, NULL),
(2224, 'Советск (Калининградская обл.)', NULL, 20, NULL, NULL, NULL),
(2225, 'Черняховск', NULL, 20, NULL, NULL, NULL),
(2258, 'Аршань', NULL, 21, NULL, NULL, NULL),
(2259, 'Городовиковск', NULL, 21, NULL, NULL, NULL),
(2260, 'Каспийский', NULL, 21, NULL, NULL, NULL),
(2261, 'Комсомольский (Калмыкия)', NULL, 21, NULL, NULL, NULL),
(2262, 'Малые Дербеты', NULL, 21, NULL, NULL, NULL),
(2263, 'Приютное', NULL, 21, NULL, NULL, NULL),
(2264, 'Советское (Калмыкия)', NULL, 21, NULL, NULL, NULL),
(2265, 'Троицкое (Калмыкия)', NULL, 21, NULL, NULL, NULL),
(2266, 'Утта', NULL, 21, NULL, NULL, NULL),
(2267, 'Цаган-Аман', NULL, 21, NULL, NULL, NULL),
(2268, 'Элиста', NULL, 21, NULL, NULL, NULL),
(2269, 'Юста', NULL, 21, NULL, NULL, NULL),
(2270, 'Яшалта', NULL, 21, NULL, NULL, NULL),
(2271, 'Яшкуль', NULL, 21, NULL, NULL, NULL),
(2343, 'Бабынино', NULL, 22, NULL, NULL, NULL),
(2344, 'Балабаново', NULL, 22, NULL, NULL, NULL),
(2345, 'Барятино', NULL, 22, NULL, NULL, NULL),
(2346, 'Белоусово', NULL, 22, NULL, NULL, NULL),
(2347, 'Бетлица', NULL, 22, NULL, NULL, NULL),
(2348, 'Боровск', NULL, 22, NULL, NULL, NULL),
(2349, 'Дудоровский', NULL, 22, NULL, NULL, NULL),
(2350, 'Думиничи', NULL, 22, NULL, NULL, NULL),
(2351, 'Еленский', NULL, 22, NULL, NULL, NULL),
(2352, 'Жиздра', NULL, 22, NULL, NULL, NULL),
(2353, 'Жуков', NULL, 22, NULL, NULL, NULL),
(2354, 'Износки', NULL, 22, NULL, NULL, NULL),
(2355, 'Калуга', NULL, 22, NULL, NULL, NULL),
(2356, 'Киров (Калужская обл.)', NULL, 22, NULL, NULL, NULL),
(2357, 'Козельск', NULL, 22, NULL, NULL, NULL),
(2358, 'Кондрово', NULL, 22, NULL, NULL, NULL),
(2359, 'Кремёнки', NULL, 22, NULL, NULL, NULL),
(2360, 'Людиново', NULL, 22, NULL, NULL, NULL),
(2361, 'Малоярославец', NULL, 22, NULL, NULL, NULL),
(2362, 'Медынь', NULL, 22, NULL, NULL, NULL),
(2363, 'Мещовск', NULL, 22, NULL, NULL, NULL),
(2364, 'Мосальск', NULL, 22, NULL, NULL, NULL),
(2365, 'Обнинск', NULL, 22, NULL, NULL, NULL),
(2366, 'Перемышль', NULL, 22, NULL, NULL, NULL),
(2367, 'Спас-Деменск', NULL, 22, NULL, NULL, NULL),
(2368, 'Сухиничи', NULL, 22, NULL, NULL, NULL),
(2369, 'Таруса', NULL, 22, NULL, NULL, NULL),
(2370, 'Ульяново', NULL, 22, NULL, NULL, NULL),
(2371, 'Ферзиково', NULL, 22, NULL, NULL, NULL),
(2372, 'Хвастовичи', NULL, 22, NULL, NULL, NULL),
(2373, 'Юхнов', NULL, 22, NULL, NULL, NULL),
(2445, 'Атласово', NULL, 23, NULL, NULL, NULL),
(2446, 'Аянка', NULL, 23, NULL, NULL, NULL),
(2447, 'Большерецк', NULL, 23, NULL, NULL, NULL),
(2448, 'Вилючинск', NULL, 23, NULL, NULL, NULL),
(2449, 'Елизово (Камчатская обл.)', NULL, 23, NULL, NULL, NULL),
(2450, 'Ильпырский', NULL, 23, NULL, NULL, NULL),
(2451, 'Каменское', NULL, 23, NULL, NULL, NULL),
(2452, 'Кировский', NULL, 23, NULL, NULL, NULL),
(2453, 'Ключи (Камчатская обл.)', NULL, 23, NULL, NULL, NULL),
(2454, 'Крапивная', NULL, 23, NULL, NULL, NULL),
(2455, 'Мильково', NULL, 23, NULL, NULL, NULL),
(2456, 'Никольское', NULL, 23, NULL, NULL, NULL),
(2457, 'Озерновский', NULL, 23, NULL, NULL, NULL),
(2458, 'Оссора', NULL, 23, NULL, NULL, NULL),
(2459, 'Палана', NULL, 23, NULL, NULL, NULL),
(2460, 'Парень', NULL, 23, NULL, NULL, NULL),
(2461, 'Пахачи', NULL, 23, NULL, NULL, NULL),
(2462, 'Петропавловск-Камчатский', NULL, 23, NULL, NULL, NULL),
(2463, 'Тигиль', NULL, 23, NULL, NULL, NULL),
(2464, 'Тиличики', NULL, 23, NULL, NULL, NULL),
(2465, 'Усть-Большерецк', NULL, 23, NULL, NULL, NULL),
(2466, 'Усть-Камчатск', NULL, 23, NULL, NULL, NULL),
(2564, 'Амбарный', NULL, 24, NULL, NULL, NULL),
(2565, 'Беломорск', NULL, 24, NULL, NULL, NULL),
(2566, 'Валаам', NULL, 24, NULL, NULL, NULL),
(2567, 'Вирандозеро', NULL, 24, NULL, NULL, NULL),
(2568, 'Гирвас', NULL, 24, NULL, NULL, NULL),
(2569, 'Деревянка', NULL, 24, NULL, NULL, NULL),
(2570, 'Идель', NULL, 24, NULL, NULL, NULL),
(2571, 'Ильинский (Карелия)', NULL, 24, NULL, NULL, NULL),
(2572, 'Калевала', NULL, 24, NULL, NULL, NULL),
(2573, 'Кемь', NULL, 24, NULL, NULL, NULL),
(2574, 'Кестеньга', NULL, 24, NULL, NULL, NULL),
(2575, 'Кондопога', NULL, 24, NULL, NULL, NULL),
(2576, 'Костомукша', NULL, 24, NULL, NULL, NULL),
(2577, 'Лахденпохья', NULL, 24, NULL, NULL, NULL),
(2578, 'Лоухи', NULL, 24, NULL, NULL, NULL),
(2579, 'Медвежьегорск', NULL, 24, NULL, NULL, NULL),
(2580, 'Муезерский', NULL, 24, NULL, NULL, NULL),
(2581, 'Олонец', NULL, 24, NULL, NULL, NULL),
(2582, 'Петрозаводск', NULL, 24, NULL, NULL, NULL),
(2583, 'Питкяранта', NULL, 24, NULL, NULL, NULL),
(2584, 'Повенец', NULL, 24, NULL, NULL, NULL),
(2585, 'Пряжа', NULL, 24, NULL, NULL, NULL),
(2586, 'Пудож', NULL, 24, NULL, NULL, NULL),
(2587, 'Сегежа', NULL, 24, NULL, NULL, NULL),
(2588, 'Сортавала', NULL, 24, NULL, NULL, NULL),
(2589, 'Суоярви', NULL, 24, NULL, NULL, NULL),
(2590, 'Хийденсельга', NULL, 24, NULL, NULL, NULL),
(2661, 'Анжеро-Судженск', NULL, 25, NULL, NULL, NULL),
(2662, 'Барзас', NULL, 25, NULL, NULL, NULL),
(2663, 'Белово', NULL, 25, NULL, NULL, NULL),
(2664, 'Белогорск', NULL, 25, NULL, NULL, NULL),
(2665, 'Березовский (Кемеровская обл.)', NULL, 25, NULL, NULL, NULL),
(2666, 'Грамотеино', NULL, 25, NULL, NULL, NULL),
(2667, 'Гурьевск', NULL, 25, NULL, NULL, NULL),
(2668, 'Ижморский', NULL, 25, NULL, NULL, NULL),
(2669, 'Итатский', NULL, 25, NULL, NULL, NULL),
(2670, 'Калтан', NULL, 25, NULL, NULL, NULL),
(2671, 'Кедровка', NULL, 25, NULL, NULL, NULL),
(2672, 'Кемерово', NULL, 25, NULL, NULL, NULL),
(2673, 'Киселевск', NULL, 25, NULL, NULL, NULL),
(2674, 'Крапивинский', NULL, 25, NULL, NULL, NULL),
(2675, 'Ленинск-Кузнецкий', NULL, 25, NULL, NULL, NULL),
(2676, 'Мариинск', NULL, 25, NULL, NULL, NULL),
(2677, 'Междуреченск', NULL, 25, NULL, NULL, NULL),
(2678, 'Мыски', NULL, 25, NULL, NULL, NULL),
(2679, 'Новокузнецк', NULL, 25, NULL, NULL, NULL),
(2680, 'Осинники', NULL, 25, NULL, NULL, NULL),
(2681, 'Полысаево', NULL, 25, NULL, NULL, NULL),
(2682, 'Прокопьевск', NULL, 25, NULL, NULL, NULL),
(2683, 'Промышленная', NULL, 25, NULL, NULL, NULL),
(2684, 'Тайга', NULL, 25, NULL, NULL, NULL),
(2685, 'Таштагол', NULL, 25, NULL, NULL, NULL),
(2686, 'Тисуль', NULL, 25, NULL, NULL, NULL),
(2687, 'Топки', NULL, 25, NULL, NULL, NULL),
(2688, 'Тяжинский', NULL, 25, NULL, NULL, NULL),
(2689, 'Юрга', NULL, 25, NULL, NULL, NULL),
(2690, 'Яшкино', NULL, 25, NULL, NULL, NULL),
(2691, 'Яя', NULL, 25, NULL, NULL, NULL),
(2809, 'Кикнур', NULL, 26, NULL, NULL, NULL),
(2810, 'Кильмезь', NULL, 26, NULL, NULL, NULL),
(2811, 'Арбаж', NULL, 26, NULL, NULL, NULL),
(2812, 'Аркуль', NULL, 26, NULL, NULL, NULL),
(2813, 'Белая Холуница', NULL, 26, NULL, NULL, NULL),
(2814, 'Богородское (Кировская обл.)', NULL, 26, NULL, NULL, NULL),
(2815, 'Боровой', NULL, 26, NULL, NULL, NULL),
(2816, 'Верхошижемье', NULL, 26, NULL, NULL, NULL),
(2817, 'Вятские Поляны (Кировская обл.)', NULL, 26, NULL, NULL, NULL),
(2818, 'Зуевка', NULL, 26, NULL, NULL, NULL),
(2819, 'Каринторф', NULL, 26, NULL, NULL, NULL),
(2820, 'Киров (Кировская обл.)', NULL, 26, NULL, NULL, NULL),
(2821, 'Кирово-Чепецк', NULL, 26, NULL, NULL, NULL),
(2822, 'Кирс', NULL, 26, NULL, NULL, NULL),
(2823, 'Кобра', NULL, 26, NULL, NULL, NULL),
(2824, 'Котельнич', NULL, 26, NULL, NULL, NULL),
(2825, 'Кумены', NULL, 26, NULL, NULL, NULL),
(2826, 'Ленинское', NULL, 26, NULL, NULL, NULL),
(2827, 'Луза', NULL, 26, NULL, NULL, NULL),
(2828, 'Малмыж', NULL, 26, NULL, NULL, NULL),
(2829, 'Мураши', NULL, 26, NULL, NULL, NULL),
(2830, 'Нагорск', NULL, 26, NULL, NULL, NULL),
(2831, 'Нема', NULL, 26, NULL, NULL, NULL),
(2832, 'Нововятск', NULL, 26, NULL, NULL, NULL),
(2833, 'Нолинск', NULL, 26, NULL, NULL, NULL),
(2834, 'Омутнинск', NULL, 26, NULL, NULL, NULL),
(2835, 'Опарино', NULL, 26, NULL, NULL, NULL),
(2836, 'Оричи', NULL, 26, NULL, NULL, NULL),
(2837, 'Пижанка', NULL, 26, NULL, NULL, NULL),
(2838, 'Подосиновец', NULL, 26, NULL, NULL, NULL),
(2839, 'Санчурск', NULL, 26, NULL, NULL, NULL),
(2840, 'Свеча', NULL, 26, NULL, NULL, NULL),
(2841, 'Слободской', NULL, 26, NULL, NULL, NULL),
(2842, 'Советск (Кировская обл.)', NULL, 26, NULL, NULL, NULL),
(2843, 'Суна', NULL, 26, NULL, NULL, NULL),
(2844, 'Тужа', NULL, 26, NULL, NULL, NULL),
(2845, 'Уни', NULL, 26, NULL, NULL, NULL),
(2846, 'Уржум', NULL, 26, NULL, NULL, NULL),
(2847, 'Фаленки', NULL, 26, NULL, NULL, NULL),
(2848, 'Халтурин', NULL, 26, NULL, NULL, NULL),
(2849, 'Юрья', NULL, 26, NULL, NULL, NULL),
(2850, 'Яранск', NULL, 26, NULL, NULL, NULL),
(2917, 'Абезь', NULL, 27, NULL, NULL, NULL),
(2918, 'Адзьвавом', NULL, 27, NULL, NULL, NULL),
(2919, 'Айкино', NULL, 27, NULL, NULL, NULL),
(2920, 'Верхняя Инта', NULL, 27, NULL, NULL, NULL),
(2921, 'Визинга', NULL, 27, NULL, NULL, NULL),
(2922, 'Водный', NULL, 27, NULL, NULL, NULL),
(2923, 'Воркута', NULL, 27, NULL, NULL, NULL),
(2924, 'Вуктыл', NULL, 27, NULL, NULL, NULL),
(2925, 'Елецкий', NULL, 27, NULL, NULL, NULL),
(2926, 'Емва', NULL, 27, NULL, NULL, NULL),
(2927, 'Жешарт', NULL, 27, NULL, NULL, NULL),
(2928, 'Заполярный', NULL, 27, NULL, NULL, NULL),
(2929, 'Ижма', NULL, 27, NULL, NULL, NULL),
(2930, 'Инта', NULL, 27, NULL, NULL, NULL),
(2931, 'Ираель', NULL, 27, NULL, NULL, NULL),
(2932, 'Каджером', NULL, 27, NULL, NULL, NULL),
(2933, 'Кажым', NULL, 27, NULL, NULL, NULL),
(2934, 'Кожым', NULL, 27, NULL, NULL, NULL),
(2935, 'Койгородок', NULL, 27, NULL, NULL, NULL),
(2936, 'Корткерос', NULL, 27, NULL, NULL, NULL),
(2937, 'Кослан', NULL, 27, NULL, NULL, NULL),
(2938, 'Микунь', NULL, 27, NULL, NULL, NULL),
(2939, 'Нижний Одес', NULL, 27, NULL, NULL, NULL),
(2940, 'Объячево', NULL, 27, NULL, NULL, NULL),
(2941, 'Печора', NULL, 27, NULL, NULL, NULL),
(2942, 'Сосногорск', NULL, 27, NULL, NULL, NULL),
(2943, 'Сыктывкар', NULL, 27, NULL, NULL, NULL),
(2944, 'Троицко-Печерск', NULL, 27, NULL, NULL, NULL),
(2945, 'Усинск', NULL, 27, NULL, NULL, NULL),
(2946, 'Усогорск', NULL, 27, NULL, NULL, NULL),
(2947, 'Усть-Кулом', NULL, 27, NULL, NULL, NULL),
(2948, 'Усть-Цильма', NULL, 27, NULL, NULL, NULL),
(2949, 'Ухта', NULL, 27, NULL, NULL, NULL),
(3016, 'Антропово', NULL, 28, NULL, NULL, NULL),
(3017, 'Боговарово', NULL, 28, NULL, NULL, NULL),
(3018, 'Буй', NULL, 28, NULL, NULL, NULL),
(3019, 'Волгореченск', NULL, 28, NULL, NULL, NULL),
(3020, 'Галич', NULL, 28, NULL, NULL, NULL),
(3021, 'Горчуха', NULL, 28, NULL, NULL, NULL),
(3022, 'Зебляки', NULL, 28, NULL, NULL, NULL),
(3023, 'Кадый', NULL, 28, NULL, NULL, NULL),
(3024, 'Кологрив', NULL, 28, NULL, NULL, NULL),
(3025, 'Кострома', NULL, 28, NULL, NULL, NULL),
(3026, 'Красное-на-Волге', NULL, 28, NULL, NULL, NULL),
(3027, 'Макарьев', NULL, 28, NULL, NULL, NULL),
(3028, 'Мантурово', NULL, 28, NULL, NULL, NULL),
(3029, 'Нерехта', NULL, 28, NULL, NULL, NULL),
(3030, 'Нея', NULL, 28, NULL, NULL, NULL),
(3031, 'Островское', NULL, 28, NULL, NULL, NULL),
(3032, 'Павино', NULL, 28, NULL, NULL, NULL),
(3033, 'Парфентьево', NULL, 28, NULL, NULL, NULL),
(3034, 'Поназырево', NULL, 28, NULL, NULL, NULL),
(3035, 'Солигалич', NULL, 28, NULL, NULL, NULL),
(3036, 'Судиславль', NULL, 28, NULL, NULL, NULL),
(3037, 'Сусанино', NULL, 28, NULL, NULL, NULL),
(3038, 'Чухлома', NULL, 28, NULL, NULL, NULL),
(3039, 'Шарья', NULL, 28, NULL, NULL, NULL),
(3040, 'Шемятино', NULL, 28, NULL, NULL, NULL),
(3100, 'Абинск', NULL, 29, NULL, NULL, NULL),
(3101, 'Абрау-Дюрсо', NULL, 29, NULL, NULL, NULL),
(3102, 'Адлер', NULL, 29, NULL, NULL, NULL),
(3103, 'Анапа', NULL, 29, NULL, NULL, NULL),
(3104, 'Апшеронск', NULL, 29, NULL, NULL, NULL),
(3105, 'Армавир', NULL, 29, NULL, NULL, NULL),
(3106, 'Архипо-Осиповка', NULL, 29, NULL, NULL, NULL),
(3107, 'Афипский', NULL, 29, NULL, NULL, NULL),
(3108, 'Ахтырский', NULL, 29, NULL, NULL, NULL),
(3109, 'Ачуево', NULL, 29, NULL, NULL, NULL),
(3110, 'Белая Глина', NULL, 29, NULL, NULL, NULL),
(3111, 'Белореченск', NULL, 29, NULL, NULL, NULL),
(3112, 'Верхнебаканский', NULL, 29, NULL, NULL, NULL),
(3113, 'Выселки', NULL, 29, NULL, NULL, NULL),
(3114, 'Геленджик', NULL, 29, NULL, NULL, NULL),
(3115, 'Гиагинская', NULL, 29, NULL, NULL, NULL),
(3116, 'Горячий Ключ', NULL, 29, NULL, NULL, NULL),
(3117, 'Гулькевичи', NULL, 29, NULL, NULL, NULL),
(3118, 'Джубга', NULL, 29, NULL, NULL, NULL),
(3119, 'Динская', NULL, 29, NULL, NULL, NULL),
(3120, 'Ейск', NULL, 29, NULL, NULL, NULL),
(3121, 'Ильский', NULL, 29, NULL, NULL, NULL);
INSERT INTO `cities` (`id`, `name`, `translation`, `region_id`, `created_at`, `updated_at`, `deleted_at`) VALUES
(3122, 'Кабардинка', NULL, 29, NULL, NULL, NULL),
(3123, 'Калинино', NULL, 29, NULL, NULL, NULL),
(3124, 'Калининская', NULL, 29, NULL, NULL, NULL),
(3125, 'Каменномостский', NULL, 29, NULL, NULL, NULL),
(3126, 'Каневская', NULL, 29, NULL, NULL, NULL),
(3127, 'Кореновск', NULL, 29, NULL, NULL, NULL),
(3128, 'Красноармейская', NULL, 29, NULL, NULL, NULL),
(3129, 'Краснодар', NULL, 29, NULL, NULL, NULL),
(3130, 'Кропоткин', NULL, 29, NULL, NULL, NULL),
(3131, 'Крыловская', NULL, 29, NULL, NULL, NULL),
(3132, 'Крымск', NULL, 29, NULL, NULL, NULL),
(3133, 'Курганинск', NULL, 29, NULL, NULL, NULL),
(3134, 'Кущевская', NULL, 29, NULL, NULL, NULL),
(3135, 'Лабинск', NULL, 29, NULL, NULL, NULL),
(3136, 'Лазаревское', NULL, 29, NULL, NULL, NULL),
(3137, 'Ленинградская', NULL, 29, NULL, NULL, NULL),
(3138, 'Майкоп (Краснодарский край)', NULL, 29, NULL, NULL, NULL),
(3139, 'Мостовской', NULL, 29, NULL, NULL, NULL),
(3140, 'Новокубанск', NULL, 29, NULL, NULL, NULL),
(3141, 'Новороссийск', NULL, 29, NULL, NULL, NULL),
(3142, 'Отрадная', NULL, 29, NULL, NULL, NULL),
(3143, 'Павловская', NULL, 29, NULL, NULL, NULL),
(3144, 'Приморско-Ахтарск', NULL, 29, NULL, NULL, NULL),
(3145, 'Северская', NULL, 29, NULL, NULL, NULL),
(3146, 'Славянск-на-Кубани', NULL, 29, NULL, NULL, NULL),
(3147, 'Сочи', NULL, 29, NULL, NULL, NULL),
(3148, 'Староминская', NULL, 29, NULL, NULL, NULL),
(3149, 'Старощербиновская', NULL, 29, NULL, NULL, NULL),
(3150, 'Тбилисская', NULL, 29, NULL, NULL, NULL),
(3151, 'Темрюк', NULL, 29, NULL, NULL, NULL),
(3152, 'Тимашевск', NULL, 29, NULL, NULL, NULL),
(3153, 'Тихорецк', NULL, 29, NULL, NULL, NULL),
(3154, 'Туапсе', NULL, 29, NULL, NULL, NULL),
(3155, 'Тульский', NULL, 29, NULL, NULL, NULL),
(3156, 'Усть-Лабинск', NULL, 29, NULL, NULL, NULL),
(3157, 'Хадыженск', NULL, 29, NULL, NULL, NULL),
(3158, 'Хоста', NULL, 29, NULL, NULL, NULL),
(3159, 'Шовгеновский', NULL, 29, NULL, NULL, NULL),
(3203, 'Абаза', NULL, 30, NULL, NULL, NULL),
(3204, 'Абакан', NULL, 30, NULL, NULL, NULL),
(3205, 'Агинское', NULL, 30, NULL, NULL, NULL),
(3206, 'Артемовск', NULL, 30, NULL, NULL, NULL),
(3207, 'Аскиз', NULL, 30, NULL, NULL, NULL),
(3208, 'Ачинск', NULL, 30, NULL, NULL, NULL),
(3209, 'Байкит', NULL, 30, NULL, NULL, NULL),
(3210, 'Балахта', NULL, 30, NULL, NULL, NULL),
(3211, 'Балыкса', NULL, 30, NULL, NULL, NULL),
(3212, 'Белый Яр', NULL, 30, NULL, NULL, NULL),
(3213, 'Бея', NULL, 30, NULL, NULL, NULL),
(3214, 'Бискамжа', NULL, 30, NULL, NULL, NULL),
(3215, 'Боготол', NULL, 30, NULL, NULL, NULL),
(3216, 'Боград', NULL, 30, NULL, NULL, NULL),
(3217, 'Богучаны', NULL, 30, NULL, NULL, NULL),
(3218, 'Большая Мурта', NULL, 30, NULL, NULL, NULL),
(3219, 'Большой Улуй', NULL, 30, NULL, NULL, NULL),
(3220, 'Бородино (Красноярский край)', NULL, 30, NULL, NULL, NULL),
(3221, 'Ванавара', NULL, 30, NULL, NULL, NULL),
(3222, 'Верхнеимбатск', NULL, 30, NULL, NULL, NULL),
(3223, 'Горячегорск', NULL, 30, NULL, NULL, NULL),
(3224, 'Дзержинское', NULL, 30, NULL, NULL, NULL),
(3225, 'Дивногорск', NULL, 30, NULL, NULL, NULL),
(3226, 'Диксон', NULL, 30, NULL, NULL, NULL),
(3227, 'Дудинка', NULL, 30, NULL, NULL, NULL),
(3228, 'Емельяново', NULL, 30, NULL, NULL, NULL),
(3229, 'Енисейск', NULL, 30, NULL, NULL, NULL),
(3230, 'Ермаковское', NULL, 30, NULL, NULL, NULL),
(3231, 'Железногорск', NULL, 30, NULL, NULL, NULL),
(3232, 'Заозерный', NULL, 30, NULL, NULL, NULL),
(3233, 'Зеленогорск (Красноярский край)', NULL, 30, NULL, NULL, NULL),
(3234, 'Игарка', NULL, 30, NULL, NULL, NULL),
(3235, 'Идринское', NULL, 30, NULL, NULL, NULL),
(3236, 'Иланский', NULL, 30, NULL, NULL, NULL),
(3237, 'Ирбейское', NULL, 30, NULL, NULL, NULL),
(3238, 'Казачинское (Красноярский край)', NULL, 30, NULL, NULL, NULL),
(3239, 'Канск', NULL, 30, NULL, NULL, NULL),
(3240, 'Каратузское', NULL, 30, NULL, NULL, NULL),
(3241, 'Караул', NULL, 30, NULL, NULL, NULL),
(3242, 'Кодинск', NULL, 30, NULL, NULL, NULL),
(3243, 'Козулька', NULL, 30, NULL, NULL, NULL),
(3244, 'Копьево', NULL, 30, NULL, NULL, NULL),
(3245, 'Краснотуранск', NULL, 30, NULL, NULL, NULL),
(3246, 'Красноярск', NULL, 30, NULL, NULL, NULL),
(3247, 'Курагино', NULL, 30, NULL, NULL, NULL),
(3248, 'Лесосибирск', NULL, 30, NULL, NULL, NULL),
(3249, 'Минусинск', NULL, 30, NULL, NULL, NULL),
(3250, 'Мотыгино', NULL, 30, NULL, NULL, NULL),
(3251, 'Назарово', NULL, 30, NULL, NULL, NULL),
(3252, 'Нижний Ингаш', NULL, 30, NULL, NULL, NULL),
(3253, 'Новоселово', NULL, 30, NULL, NULL, NULL),
(3254, 'Норильск', NULL, 30, NULL, NULL, NULL),
(3255, 'Партизанское', NULL, 30, NULL, NULL, NULL),
(3256, 'Пировское', NULL, 30, NULL, NULL, NULL),
(3257, 'Северо-Енисейский', NULL, 30, NULL, NULL, NULL),
(3258, 'Сосновоборск (Красноярский край)', NULL, 30, NULL, NULL, NULL),
(3259, 'Тасеево', NULL, 30, NULL, NULL, NULL),
(3260, 'Таштып', NULL, 30, NULL, NULL, NULL),
(3261, 'Тура', NULL, 30, NULL, NULL, NULL),
(3262, 'Туруханск', NULL, 30, NULL, NULL, NULL),
(3263, 'Тюхтет', NULL, 30, NULL, NULL, NULL),
(3264, 'Ужур', NULL, 30, NULL, NULL, NULL),
(3265, 'Уяр', NULL, 30, NULL, NULL, NULL),
(3266, 'Хатанга', NULL, 30, NULL, NULL, NULL),
(3267, 'Черемушки', NULL, 30, NULL, NULL, NULL),
(3268, 'Черногорск', NULL, 30, NULL, NULL, NULL),
(3269, 'Шалинское', NULL, 30, NULL, NULL, NULL),
(3270, 'Шарыпово (Красноярский край)', NULL, 30, NULL, NULL, NULL),
(3271, 'Шира', NULL, 30, NULL, NULL, NULL),
(3272, 'Шушенское', NULL, 30, NULL, NULL, NULL),
(3325, 'Варгаши', NULL, 31, NULL, NULL, NULL),
(3326, 'Глядянское', NULL, 31, NULL, NULL, NULL),
(3327, 'Далматово', NULL, 31, NULL, NULL, NULL),
(3328, 'Каргаполье', NULL, 31, NULL, NULL, NULL),
(3329, 'Катайск', NULL, 31, NULL, NULL, NULL),
(3330, 'Кетово', NULL, 31, NULL, NULL, NULL),
(3331, 'Курган', NULL, 31, NULL, NULL, NULL),
(3332, 'Куртамыш', NULL, 31, NULL, NULL, NULL),
(3333, 'Лебяжье', NULL, 31, NULL, NULL, NULL),
(3334, 'Макушино', NULL, 31, NULL, NULL, NULL),
(3335, 'Мишкино', NULL, 31, NULL, NULL, NULL),
(3336, 'Мокроусово', NULL, 31, NULL, NULL, NULL),
(3337, 'Петухово', NULL, 31, NULL, NULL, NULL),
(3338, 'Половинное', NULL, 31, NULL, NULL, NULL),
(3339, 'Сафакулево', NULL, 31, NULL, NULL, NULL),
(3340, 'Целинное', NULL, 31, NULL, NULL, NULL),
(3341, 'Шадринск', NULL, 31, NULL, NULL, NULL),
(3342, 'Шатрово', NULL, 31, NULL, NULL, NULL),
(3343, 'Шумиха', NULL, 31, NULL, NULL, NULL),
(3344, 'Щучье', NULL, 31, NULL, NULL, NULL),
(3345, 'Юргамыш', NULL, 31, NULL, NULL, NULL),
(3389, 'Альменево', NULL, 32, NULL, NULL, NULL),
(3390, 'Белая', NULL, 32, NULL, NULL, NULL),
(3391, 'Большое Солдатское', NULL, 32, NULL, NULL, NULL),
(3392, 'Глушково', NULL, 32, NULL, NULL, NULL),
(3393, 'Горшечное', NULL, 32, NULL, NULL, NULL),
(3394, 'Дмитриев-Льговский', NULL, 32, NULL, NULL, NULL),
(3395, 'Железногорск', NULL, 32, NULL, NULL, NULL),
(3396, 'Золотухино', NULL, 32, NULL, NULL, NULL),
(3397, 'Касторное', NULL, 32, NULL, NULL, NULL),
(3398, 'Конышевка', NULL, 32, NULL, NULL, NULL),
(3399, 'Коренево', NULL, 32, NULL, NULL, NULL),
(3400, 'Курск', NULL, 32, NULL, NULL, NULL),
(3401, 'Курчатов', NULL, 32, NULL, NULL, NULL),
(3402, 'Кшенский', NULL, 32, NULL, NULL, NULL),
(3403, 'Льгов', NULL, 32, NULL, NULL, NULL),
(3404, 'Мантурово', NULL, 32, NULL, NULL, NULL),
(3405, 'Медвенка', NULL, 32, NULL, NULL, NULL),
(3406, 'Обоянь', NULL, 32, NULL, NULL, NULL),
(3407, 'Поныри', NULL, 32, NULL, NULL, NULL),
(3408, 'Пристень', NULL, 32, NULL, NULL, NULL),
(3409, 'Прямицыно', NULL, 32, NULL, NULL, NULL),
(3410, 'Рыльск', NULL, 32, NULL, NULL, NULL),
(3411, 'Суджа', NULL, 32, NULL, NULL, NULL),
(3412, 'Тим', NULL, 32, NULL, NULL, NULL),
(3413, 'Фатеж', NULL, 32, NULL, NULL, NULL),
(3414, 'Хомутовка', NULL, 32, NULL, NULL, NULL),
(3415, 'Черемисиново', NULL, 32, NULL, NULL, NULL),
(3416, 'Щигры', NULL, 32, NULL, NULL, NULL),
(3455, 'Грязи', NULL, 33, NULL, NULL, NULL),
(3456, 'Данков', NULL, 33, NULL, NULL, NULL),
(3457, 'Доброе', NULL, 33, NULL, NULL, NULL),
(3458, 'Долгоруково', NULL, 33, NULL, NULL, NULL),
(3459, 'Елец', NULL, 33, NULL, NULL, NULL),
(3460, 'Задонск', NULL, 33, NULL, NULL, NULL),
(3461, 'Измалково', NULL, 33, NULL, NULL, NULL),
(3462, 'Казинка', NULL, 33, NULL, NULL, NULL),
(3463, 'Лебедянь', NULL, 33, NULL, NULL, NULL),
(3464, 'Лев Толстой', NULL, 33, NULL, NULL, NULL),
(3465, 'Липецк', NULL, 33, NULL, NULL, NULL),
(3466, 'Тербуны', NULL, 33, NULL, NULL, NULL),
(3467, 'Усмань', NULL, 33, NULL, NULL, NULL),
(3468, 'Хлевное', NULL, 33, NULL, NULL, NULL),
(3469, 'Чаплыгин', NULL, 33, NULL, NULL, NULL),
(3515, 'Анадырь (Магаданская обл.)', NULL, 34, NULL, NULL, NULL),
(3516, 'Атка', NULL, 34, NULL, NULL, NULL),
(3517, 'Беринговский', NULL, 34, NULL, NULL, NULL),
(3518, 'Билибино', NULL, 34, NULL, NULL, NULL),
(3519, 'Большевик', NULL, 34, NULL, NULL, NULL),
(3520, 'Ванкарем', NULL, 34, NULL, NULL, NULL),
(3521, 'Кадыкчан', NULL, 34, NULL, NULL, NULL),
(3522, 'Лаврентия', NULL, 34, NULL, NULL, NULL),
(3523, 'Магадан', NULL, 34, NULL, NULL, NULL),
(3524, 'Мыс Шмидта', NULL, 34, NULL, NULL, NULL),
(3525, 'Ола', NULL, 34, NULL, NULL, NULL),
(3526, 'Омсукчан', NULL, 34, NULL, NULL, NULL),
(3527, 'Палатка', NULL, 34, NULL, NULL, NULL),
(3528, 'Певек', NULL, 34, NULL, NULL, NULL),
(3529, 'Провидения', NULL, 34, NULL, NULL, NULL),
(3530, 'Сеймчан', NULL, 34, NULL, NULL, NULL),
(3531, 'Синегорье', NULL, 34, NULL, NULL, NULL),
(3532, 'Сусуман', NULL, 34, NULL, NULL, NULL),
(3533, 'Усть-Омчуг', NULL, 34, NULL, NULL, NULL),
(3534, 'Эвенск', NULL, 34, NULL, NULL, NULL),
(3535, 'Эгвекинот', NULL, 34, NULL, NULL, NULL),
(3536, 'Ягодное', NULL, 34, NULL, NULL, NULL),
(3565, 'Волжск', NULL, 35, NULL, NULL, NULL),
(3566, 'Дубовский', NULL, 35, NULL, NULL, NULL),
(3567, 'Звенигово', NULL, 35, NULL, NULL, NULL),
(3568, 'Йошкар-Ола', NULL, 35, NULL, NULL, NULL),
(3569, 'Килемары', NULL, 35, NULL, NULL, NULL),
(3570, 'Козьмодемьянск', NULL, 35, NULL, NULL, NULL),
(3571, 'Куженер', NULL, 35, NULL, NULL, NULL),
(3572, 'Мари-Турек', NULL, 35, NULL, NULL, NULL),
(3573, 'Медведево', NULL, 35, NULL, NULL, NULL),
(3574, 'Морки', NULL, 35, NULL, NULL, NULL),
(3575, 'Новый Торьял', NULL, 35, NULL, NULL, NULL),
(3576, 'Оршанка', NULL, 35, NULL, NULL, NULL),
(3577, 'Параньга', NULL, 35, NULL, NULL, NULL),
(3578, 'Сернур', NULL, 35, NULL, NULL, NULL),
(3579, 'Советский (Марий Эл)', NULL, 35, NULL, NULL, NULL),
(3580, 'Юрино', NULL, 35, NULL, NULL, NULL),
(3594, 'Ардатов', NULL, 36, NULL, NULL, NULL),
(3595, 'Атюрьево', NULL, 36, NULL, NULL, NULL),
(3596, 'Атяшево', NULL, 36, NULL, NULL, NULL),
(3597, 'Большие Березники', NULL, 36, NULL, NULL, NULL),
(3598, 'Большое Игнатово', NULL, 36, NULL, NULL, NULL),
(3599, 'Выша', NULL, 36, NULL, NULL, NULL),
(3600, 'Ельники', NULL, 36, NULL, NULL, NULL),
(3601, 'Зубова Поляна', NULL, 36, NULL, NULL, NULL),
(3602, 'Инсар', NULL, 36, NULL, NULL, NULL),
(3603, 'Кадошкино', NULL, 36, NULL, NULL, NULL),
(3604, 'Кемля', NULL, 36, NULL, NULL, NULL),
(3605, 'Ковылкино', NULL, 36, NULL, NULL, NULL),
(3606, 'Комсомольский (Мордовия)', NULL, 36, NULL, NULL, NULL),
(3607, 'Кочкурово', NULL, 36, NULL, NULL, NULL),
(3608, 'Краснослободск', NULL, 36, NULL, NULL, NULL),
(3609, 'Лямбирь', NULL, 36, NULL, NULL, NULL),
(3610, 'Ромоданово', NULL, 36, NULL, NULL, NULL),
(3611, 'Рузаевка', NULL, 36, NULL, NULL, NULL),
(3612, 'Саранск', NULL, 36, NULL, NULL, NULL),
(3613, 'Старое Шайгово', NULL, 36, NULL, NULL, NULL),
(3614, 'Темников', NULL, 36, NULL, NULL, NULL),
(3615, 'Теньгушево', NULL, 36, NULL, NULL, NULL),
(3616, 'Торбеево', NULL, 36, NULL, NULL, NULL),
(3617, 'Чамзинка', NULL, 36, NULL, NULL, NULL),
(3626, 'Апатиты', NULL, 37, NULL, NULL, NULL),
(3627, 'Африканда', NULL, 37, NULL, NULL, NULL),
(3628, 'Верхнетуломский', NULL, 37, NULL, NULL, NULL),
(3629, 'Видяево', NULL, 37, NULL, NULL, NULL),
(3630, 'Гаджиево', NULL, 37, NULL, NULL, NULL),
(3631, 'Заозерск', NULL, 37, NULL, NULL, NULL),
(3632, 'Заполярный', NULL, 37, NULL, NULL, NULL),
(3633, 'Зареченск', NULL, 37, NULL, NULL, NULL),
(3634, 'Зашеек', NULL, 37, NULL, NULL, NULL),
(3635, 'Зеленоборский', NULL, 37, NULL, NULL, NULL),
(3636, 'Кандалакша', NULL, 37, NULL, NULL, NULL),
(3637, 'Кильдинстрой', NULL, 37, NULL, NULL, NULL),
(3638, 'Кировск', NULL, 37, NULL, NULL, NULL),
(3639, 'Ковдор', NULL, 37, NULL, NULL, NULL),
(3640, 'Кола', NULL, 37, NULL, NULL, NULL),
(3641, 'Конда', NULL, 37, NULL, NULL, NULL),
(3642, 'Ловозеро', NULL, 37, NULL, NULL, NULL),
(3643, 'Мончегорск', NULL, 37, NULL, NULL, NULL),
(3644, 'Мурманск', NULL, 37, NULL, NULL, NULL),
(3645, 'Мурмаши', NULL, 37, NULL, NULL, NULL),
(3646, 'Никель', NULL, 37, NULL, NULL, NULL),
(3647, 'Оленегорск', NULL, 37, NULL, NULL, NULL),
(3648, 'Полярные Зори', NULL, 37, NULL, NULL, NULL),
(3649, 'Полярный', NULL, 37, NULL, NULL, NULL),
(3650, 'Ревда (Мурманская обл.)', NULL, 37, NULL, NULL, NULL),
(3651, 'Североморск', NULL, 37, NULL, NULL, NULL),
(3652, 'Снежногорск', NULL, 37, NULL, NULL, NULL),
(3653, 'Умба', NULL, 37, NULL, NULL, NULL),
(3669, 'Ардатов', NULL, 38, NULL, NULL, NULL),
(3670, 'Арзамас', NULL, 38, NULL, NULL, NULL),
(3671, 'Арья', NULL, 38, NULL, NULL, NULL),
(3672, 'Балахна', NULL, 38, NULL, NULL, NULL),
(3673, 'Богородск', NULL, 38, NULL, NULL, NULL),
(3674, 'Большереченск', NULL, 38, NULL, NULL, NULL),
(3675, 'Большое Болдино', NULL, 38, NULL, NULL, NULL),
(3676, 'Большое Козино', NULL, 38, NULL, NULL, NULL),
(3677, 'Большое Мурашкино', NULL, 38, NULL, NULL, NULL),
(3678, 'Большое Пикино', NULL, 38, NULL, NULL, NULL),
(3679, 'Бор', NULL, 38, NULL, NULL, NULL),
(3680, 'Бутурлино', NULL, 38, NULL, NULL, NULL),
(3681, 'Вад', NULL, 38, NULL, NULL, NULL),
(3682, 'Варнавино', NULL, 38, NULL, NULL, NULL),
(3683, 'Васильсурск', NULL, 38, NULL, NULL, NULL),
(3684, 'Вахтан', NULL, 38, NULL, NULL, NULL),
(3685, 'Вача', NULL, 38, NULL, NULL, NULL),
(3686, 'Ветлуга', NULL, 38, NULL, NULL, NULL),
(3687, 'Виля', NULL, 38, NULL, NULL, NULL),
(3688, 'Вознесенское', NULL, 38, NULL, NULL, NULL),
(3689, 'Володарск', NULL, 38, NULL, NULL, NULL),
(3690, 'Воротынец', NULL, 38, NULL, NULL, NULL),
(3691, 'Ворсма', NULL, 38, NULL, NULL, NULL),
(3692, 'Воскресенское', NULL, 38, NULL, NULL, NULL),
(3693, 'Выездное', NULL, 38, NULL, NULL, NULL),
(3694, 'Выкса', NULL, 38, NULL, NULL, NULL),
(3695, 'Гагино', NULL, 38, NULL, NULL, NULL),
(3696, 'Гидроторф', NULL, 38, NULL, NULL, NULL),
(3697, 'Горбатов', NULL, 38, NULL, NULL, NULL),
(3698, 'Горбатовка', NULL, 38, NULL, NULL, NULL),
(3699, 'Городец', NULL, 38, NULL, NULL, NULL),
(3700, 'Дальнее Константиново', NULL, 38, NULL, NULL, NULL),
(3701, 'Дзержинск', NULL, 38, NULL, NULL, NULL),
(3702, 'Дивеево', NULL, 38, NULL, NULL, NULL),
(3703, 'Досчатое', NULL, 38, NULL, NULL, NULL),
(3704, 'Заволжье', NULL, 38, NULL, NULL, NULL),
(3705, 'Керженец', NULL, 38, NULL, NULL, NULL),
(3706, 'Княгинино', NULL, 38, NULL, NULL, NULL),
(3707, 'Ковернино', NULL, 38, NULL, NULL, NULL),
(3708, 'Красные Баки', NULL, 38, NULL, NULL, NULL),
(3709, 'Кстово', NULL, 38, NULL, NULL, NULL),
(3710, 'Кулебаки', NULL, 38, NULL, NULL, NULL),
(3711, 'Лукоянов', NULL, 38, NULL, NULL, NULL),
(3712, 'Лысково', NULL, 38, NULL, NULL, NULL),
(3713, 'Навашино', NULL, 38, NULL, NULL, NULL),
(3714, 'Нижний Новгород', NULL, 38, NULL, NULL, NULL),
(3715, 'Новосмолинский', NULL, 38, NULL, NULL, NULL),
(3716, 'Павлово', NULL, 38, NULL, NULL, NULL),
(3717, 'Первомайск', NULL, 38, NULL, NULL, NULL),
(3718, 'Перевоз', NULL, 38, NULL, NULL, NULL),
(3719, 'Пильна', NULL, 38, NULL, NULL, NULL),
(3720, 'Починки', NULL, 38, NULL, NULL, NULL),
(3721, 'Саров (Нижегородская обл.)', NULL, 38, NULL, NULL, NULL),
(3722, 'Семенов', NULL, 38, NULL, NULL, NULL),
(3723, 'Сергач', NULL, 38, NULL, NULL, NULL),
(3724, 'Сеченово', NULL, 38, NULL, NULL, NULL),
(3725, 'Сосновское', NULL, 38, NULL, NULL, NULL),
(3726, 'Спасское', NULL, 38, NULL, NULL, NULL),
(3727, 'Тонкино', NULL, 38, NULL, NULL, NULL),
(3728, 'Тоншаево', NULL, 38, NULL, NULL, NULL),
(3729, 'Уразовка', NULL, 38, NULL, NULL, NULL),
(3730, 'Урень', NULL, 38, NULL, NULL, NULL),
(3731, 'Чкаловск', NULL, 38, NULL, NULL, NULL),
(3732, 'Шаранга', NULL, 38, NULL, NULL, NULL),
(3733, 'Шатки', NULL, 38, NULL, NULL, NULL),
(3734, 'Шахунья', NULL, 38, NULL, NULL, NULL),
(3742, 'Анциферово', NULL, 39, NULL, NULL, NULL),
(3743, 'Батецкий', NULL, 39, NULL, NULL, NULL),
(3744, 'Большая Вишера', NULL, 39, NULL, NULL, NULL),
(3745, 'Боровичи', NULL, 39, NULL, NULL, NULL),
(3746, 'Валдай', NULL, 39, NULL, NULL, NULL),
(3747, 'Великий Новгород (Новгород)', NULL, 39, NULL, NULL, NULL),
(3748, 'Волот', NULL, 39, NULL, NULL, NULL),
(3749, 'Деманск', NULL, 39, NULL, NULL, NULL),
(3750, 'Зарубино', NULL, 39, NULL, NULL, NULL),
(3751, 'Крестцы', NULL, 39, NULL, NULL, NULL),
(3752, 'Любытино', NULL, 39, NULL, NULL, NULL),
(3753, 'Малая Вишера', NULL, 39, NULL, NULL, NULL),
(3754, 'Марево', NULL, 39, NULL, NULL, NULL),
(3755, 'Мошенское', NULL, 39, NULL, NULL, NULL),
(3756, 'Окуловка', NULL, 39, NULL, NULL, NULL),
(3757, 'Парфино', NULL, 39, NULL, NULL, NULL),
(3758, 'Пестово', NULL, 39, NULL, NULL, NULL),
(3759, 'Поддорье', NULL, 39, NULL, NULL, NULL),
(3760, 'Сольцы', NULL, 39, NULL, NULL, NULL),
(3761, 'Старая Русса', NULL, 39, NULL, NULL, NULL),
(3762, 'Хвойная', NULL, 39, NULL, NULL, NULL),
(3763, 'Холм', NULL, 39, NULL, NULL, NULL),
(3764, 'Чудово', NULL, 39, NULL, NULL, NULL),
(3765, 'Шимск', NULL, 39, NULL, NULL, NULL),
(3835, 'Баган', NULL, 40, NULL, NULL, NULL),
(3836, 'Барабинск', NULL, 40, NULL, NULL, NULL),
(3837, 'Бердск', NULL, 40, NULL, NULL, NULL),
(3838, 'Биаза', NULL, 40, NULL, NULL, NULL),
(3839, 'Болотное', NULL, 40, NULL, NULL, NULL),
(3840, 'Венгерово', NULL, 40, NULL, NULL, NULL),
(3841, 'Довольное', NULL, 40, NULL, NULL, NULL),
(3842, 'Завьялово', NULL, 40, NULL, NULL, NULL),
(3843, 'Искитим', NULL, 40, NULL, NULL, NULL),
(3844, 'Карасук', NULL, 40, NULL, NULL, NULL),
(3845, 'Каргат', NULL, 40, NULL, NULL, NULL),
(3846, 'Колывань', NULL, 40, NULL, NULL, NULL),
(3847, 'Краснозерское', NULL, 40, NULL, NULL, NULL),
(3848, 'Крутиха', NULL, 40, NULL, NULL, NULL),
(3849, 'Куйбышев (Новосибирская обл.)', NULL, 40, NULL, NULL, NULL),
(3850, 'Купино', NULL, 40, NULL, NULL, NULL),
(3851, 'Кыштовка', NULL, 40, NULL, NULL, NULL),
(3852, 'Маслянино', NULL, 40, NULL, NULL, NULL),
(3853, 'Мошково', NULL, 40, NULL, NULL, NULL),
(3854, 'Новосибирск', NULL, 40, NULL, NULL, NULL),
(3855, 'Норильск', NULL, 40, NULL, NULL, NULL),
(3856, 'Обь', NULL, 40, NULL, NULL, NULL),
(3857, 'Ордынское', NULL, 40, NULL, NULL, NULL),
(3858, 'Северное', NULL, 40, NULL, NULL, NULL),
(3859, 'Сузун', NULL, 40, NULL, NULL, NULL),
(3860, 'Татарск', NULL, 40, NULL, NULL, NULL),
(3861, 'Тогучин', NULL, 40, NULL, NULL, NULL),
(3862, 'Убинское', NULL, 40, NULL, NULL, NULL),
(3863, 'Усть-Тарка', NULL, 40, NULL, NULL, NULL),
(3864, 'Чаны', NULL, 40, NULL, NULL, NULL),
(3865, 'Черепаново', NULL, 40, NULL, NULL, NULL),
(3866, 'Чистоозерное', NULL, 40, NULL, NULL, NULL),
(3867, 'Чулым', NULL, 40, NULL, NULL, NULL),
(3934, 'Береговой', NULL, 41, NULL, NULL, NULL),
(3935, 'Большеречье', NULL, 41, NULL, NULL, NULL),
(3936, 'Большие Уки', NULL, 41, NULL, NULL, NULL),
(3937, 'Горьковское', NULL, 41, NULL, NULL, NULL),
(3938, 'Знаменское (Омская обл.)', NULL, 41, NULL, NULL, NULL),
(3939, 'Исилькуль', NULL, 41, NULL, NULL, NULL),
(3940, 'Калачинск', NULL, 41, NULL, NULL, NULL),
(3941, 'Колосовка', NULL, 41, NULL, NULL, NULL),
(3942, 'Кормиловка', NULL, 41, NULL, NULL, NULL),
(3943, 'Крутинка', NULL, 41, NULL, NULL, NULL),
(3944, 'Любинский', NULL, 41, NULL, NULL, NULL),
(3945, 'Марьяновка', NULL, 41, NULL, NULL, NULL),
(3946, 'Муромцево', NULL, 41, NULL, NULL, NULL),
(3947, 'Называевск', NULL, 41, NULL, NULL, NULL),
(3948, 'Нижняя Омка', NULL, 41, NULL, NULL, NULL),
(3949, 'Нововаршавка', NULL, 41, NULL, NULL, NULL),
(3950, 'Одесское', NULL, 41, NULL, NULL, NULL),
(3951, 'Оконешниково', NULL, 41, NULL, NULL, NULL),
(3952, 'Омск', NULL, 41, NULL, NULL, NULL),
(3953, 'Павлоградка', NULL, 41, NULL, NULL, NULL),
(3954, 'Полтавка', NULL, 41, NULL, NULL, NULL),
(3955, 'Русская Поляна', NULL, 41, NULL, NULL, NULL),
(3956, 'Саргатское', NULL, 41, NULL, NULL, NULL),
(3957, 'Седельниково', NULL, 41, NULL, NULL, NULL),
(3958, 'Таврическое', NULL, 41, NULL, NULL, NULL),
(3959, 'Тара', NULL, 41, NULL, NULL, NULL),
(3960, 'Тевриз', NULL, 41, NULL, NULL, NULL),
(3961, 'Тюкалинск', NULL, 41, NULL, NULL, NULL),
(3962, 'Усть-Ишим', NULL, 41, NULL, NULL, NULL),
(3963, 'Черлак', NULL, 41, NULL, NULL, NULL),
(3964, 'Шербакуль', NULL, 41, NULL, NULL, NULL),
(4031, 'Абдулино', NULL, 42, NULL, NULL, NULL),
(4032, 'Адамовка', NULL, 42, NULL, NULL, NULL),
(4033, 'Айдырлинский', NULL, 42, NULL, NULL, NULL),
(4034, 'Акбулак', NULL, 42, NULL, NULL, NULL),
(4035, 'Аккермановка', NULL, 42, NULL, NULL, NULL),
(4036, 'Асекеево', NULL, 42, NULL, NULL, NULL),
(4037, 'Беляевка', NULL, 42, NULL, NULL, NULL),
(4038, 'Бугуруслан', NULL, 42, NULL, NULL, NULL),
(4039, 'Бузулук', NULL, 42, NULL, NULL, NULL),
(4040, 'Гай', NULL, 42, NULL, NULL, NULL),
(4041, 'Грачевка', NULL, 42, NULL, NULL, NULL),
(4042, 'Домбаровский', NULL, 42, NULL, NULL, NULL),
(4043, 'Дубенский', NULL, 42, NULL, NULL, NULL),
(4044, 'Илек', NULL, 42, NULL, NULL, NULL),
(4045, 'Ириклинский', NULL, 42, NULL, NULL, NULL),
(4046, 'Кувандык', NULL, 42, NULL, NULL, NULL),
(4047, 'Курманаевка', NULL, 42, NULL, NULL, NULL),
(4048, 'Матвеевка', NULL, 42, NULL, NULL, NULL),
(4049, 'Медногорск', NULL, 42, NULL, NULL, NULL),
(4050, 'Новоорск', NULL, 42, NULL, NULL, NULL),
(4051, 'Новосергиевка', NULL, 42, NULL, NULL, NULL),
(4052, 'Новотроицк', NULL, 42, NULL, NULL, NULL),
(4053, 'Октябрьское (Оренбург.)', NULL, 42, NULL, NULL, NULL),
(4054, 'Оренбург', NULL, 42, NULL, NULL, NULL),
(4055, 'Орск', NULL, 42, NULL, NULL, NULL),
(4056, 'Первомайский (Оренбург.)', NULL, 42, NULL, NULL, NULL),
(4057, 'Переволоцкий', NULL, 42, NULL, NULL, NULL),
(4058, 'Пономаревка', NULL, 42, NULL, NULL, NULL),
(4059, 'Саракташ', NULL, 42, NULL, NULL, NULL),
(4060, 'Светлый (Оренбургская обл.)', NULL, 42, NULL, NULL, NULL),
(4061, 'Северное', NULL, 42, NULL, NULL, NULL),
(4062, 'Соль-Илецк', NULL, 42, NULL, NULL, NULL),
(4063, 'Сорочинск', NULL, 42, NULL, NULL, NULL),
(4064, 'Ташла', NULL, 42, NULL, NULL, NULL),
(4065, 'Тоцкое', NULL, 42, NULL, NULL, NULL),
(4066, 'Тюльган', NULL, 42, NULL, NULL, NULL),
(4067, 'Шарлык', NULL, 42, NULL, NULL, NULL),
(4068, 'Энергетик', NULL, 42, NULL, NULL, NULL),
(4069, 'Ясный', NULL, 42, NULL, NULL, NULL),
(4118, 'Болхов', NULL, 43, NULL, NULL, NULL),
(4119, 'Верховье', NULL, 43, NULL, NULL, NULL),
(4120, 'Глазуновка', NULL, 43, NULL, NULL, NULL),
(4121, 'Дмитровск-Орловский', NULL, 43, NULL, NULL, NULL),
(4122, 'Долгое', NULL, 43, NULL, NULL, NULL),
(4123, 'Залегощь', NULL, 43, NULL, NULL, NULL),
(4124, 'Змиевка', NULL, 43, NULL, NULL, NULL),
(4125, 'Знаменское (Орловская обл.)', NULL, 43, NULL, NULL, NULL),
(4126, 'Колпны', NULL, 43, NULL, NULL, NULL),
(4127, 'Красная Заря', NULL, 43, NULL, NULL, NULL),
(4128, 'Кромы', NULL, 43, NULL, NULL, NULL),
(4129, 'Ливны', NULL, 43, NULL, NULL, NULL),
(4130, 'Малоархангельск', NULL, 43, NULL, NULL, NULL),
(4131, 'Мценск', NULL, 43, NULL, NULL, NULL),
(4132, 'Нарышкино', NULL, 43, NULL, NULL, NULL),
(4133, 'Новосиль', NULL, 43, NULL, NULL, NULL),
(4134, 'Орел', NULL, 43, NULL, NULL, NULL),
(4135, 'Покровское', NULL, 43, NULL, NULL, NULL),
(4136, 'Сосково', NULL, 43, NULL, NULL, NULL),
(4137, 'Тросна', NULL, 43, NULL, NULL, NULL),
(4138, 'Хомутово', NULL, 43, NULL, NULL, NULL),
(4139, 'Хотынец', NULL, 43, NULL, NULL, NULL),
(4140, 'Шаблыкино', NULL, 43, NULL, NULL, NULL),
(4218, 'Башмаково', NULL, 44, NULL, NULL, NULL),
(4219, 'Беднодемьяновск', NULL, 44, NULL, NULL, NULL),
(4220, 'Беково', NULL, 44, NULL, NULL, NULL),
(4221, 'Белинский', NULL, 44, NULL, NULL, NULL),
(4222, 'Бессоновка', NULL, 44, NULL, NULL, NULL),
(4223, 'Вадинск', NULL, 44, NULL, NULL, NULL),
(4224, 'Верхозим', NULL, 44, NULL, NULL, NULL),
(4225, 'Городище (Пензенская обл.)', NULL, 44, NULL, NULL, NULL),
(4226, 'Евлашево', NULL, 44, NULL, NULL, NULL),
(4227, 'Заречный (Пензенская обл.)', NULL, 44, NULL, NULL, NULL),
(4228, 'Земетчино', NULL, 44, NULL, NULL, NULL),
(4229, 'Золотаревка', NULL, 44, NULL, NULL, NULL),
(4230, 'Исса', NULL, 44, NULL, NULL, NULL),
(4231, 'Каменка', NULL, 44, NULL, NULL, NULL),
(4232, 'Колышлей', NULL, 44, NULL, NULL, NULL),
(4233, 'Кондоль', NULL, 44, NULL, NULL, NULL),
(4234, 'Кузнецк', NULL, 44, NULL, NULL, NULL),
(4235, 'Лопатино', NULL, 44, NULL, NULL, NULL),
(4236, 'Малая Сердоба', NULL, 44, NULL, NULL, NULL),
(4237, 'Мокшан', NULL, 44, NULL, NULL, NULL),
(4238, 'Наровчат', NULL, 44, NULL, NULL, NULL),
(4239, 'Неверкино', NULL, 44, NULL, NULL, NULL),
(4240, 'Нижний Ломов', NULL, 44, NULL, NULL, NULL),
(4241, 'Никольск (Пензенская обл.)', NULL, 44, NULL, NULL, NULL),
(4242, 'Пачелма', NULL, 44, NULL, NULL, NULL),
(4243, 'Пенза', NULL, 44, NULL, NULL, NULL),
(4244, 'Русский Камешкир', NULL, 44, NULL, NULL, NULL),
(4245, 'Сердобск', NULL, 44, NULL, NULL, NULL),
(4246, 'Сосновоборск', NULL, 44, NULL, NULL, NULL),
(4247, 'Сура', NULL, 44, NULL, NULL, NULL),
(4248, 'Тамала', NULL, 44, NULL, NULL, NULL),
(4249, 'Шемышейка', NULL, 44, NULL, NULL, NULL),
(4349, 'Александровск', NULL, 45, NULL, NULL, NULL),
(4350, 'Барда', NULL, 45, NULL, NULL, NULL),
(4351, 'Березники', NULL, 45, NULL, NULL, NULL),
(4352, 'Большая Соснова', NULL, 45, NULL, NULL, NULL),
(4353, 'Верещагино', NULL, 45, NULL, NULL, NULL),
(4354, 'Гайны', NULL, 45, NULL, NULL, NULL),
(4355, 'Горнозаводск (Пермский край)', NULL, 45, NULL, NULL, NULL),
(4356, 'Гремячинск', NULL, 45, NULL, NULL, NULL),
(4357, 'Губаха', NULL, 45, NULL, NULL, NULL),
(4358, 'Добрянка', NULL, 45, NULL, NULL, NULL),
(4359, 'Елово', NULL, 45, NULL, NULL, NULL),
(4360, 'Зюкайка', NULL, 45, NULL, NULL, NULL),
(4361, 'Ильинский (Пермская обл.)', NULL, 45, NULL, NULL, NULL),
(4362, 'Карагай', NULL, 45, NULL, NULL, NULL),
(4363, 'Керчевский', NULL, 45, NULL, NULL, NULL),
(4364, 'Кизел', NULL, 45, NULL, NULL, NULL),
(4365, 'Коса', NULL, 45, NULL, NULL, NULL),
(4366, 'Кочево', NULL, 45, NULL, NULL, NULL),
(4367, 'Красновишерск', NULL, 45, NULL, NULL, NULL),
(4368, 'Краснокамск', NULL, 45, NULL, NULL, NULL),
(4369, 'Кудымкар', NULL, 45, NULL, NULL, NULL),
(4370, 'Куеда', NULL, 45, NULL, NULL, NULL),
(4371, 'Кунгур', NULL, 45, NULL, NULL, NULL),
(4372, 'Лысьва', NULL, 45, NULL, NULL, NULL),
(4373, 'Ныроб', NULL, 45, NULL, NULL, NULL),
(4374, 'Нытва', NULL, 45, NULL, NULL, NULL),
(4375, 'Октябрьский', NULL, 45, NULL, NULL, NULL),
(4376, 'Орда', NULL, 45, NULL, NULL, NULL),
(4377, 'Оса', NULL, 45, NULL, NULL, NULL),
(4378, 'Оханск', NULL, 45, NULL, NULL, NULL),
(4379, 'Очер', NULL, 45, NULL, NULL, NULL),
(4380, 'Пермь', NULL, 45, NULL, NULL, NULL),
(4381, 'Соликамск', NULL, 45, NULL, NULL, NULL),
(4382, 'Суксун', NULL, 45, NULL, NULL, NULL),
(4383, 'Уинское', NULL, 45, NULL, NULL, NULL),
(4384, 'Усолье', NULL, 45, NULL, NULL, NULL),
(4385, 'Усть-Кишерть', NULL, 45, NULL, NULL, NULL),
(4386, 'Чайковский', NULL, 45, NULL, NULL, NULL),
(4387, 'Частые', NULL, 45, NULL, NULL, NULL),
(4388, 'Чердынь', NULL, 45, NULL, NULL, NULL),
(4389, 'Чернореченский', NULL, 45, NULL, NULL, NULL),
(4390, 'Чернушка', NULL, 45, NULL, NULL, NULL),
(4391, 'Чусовой', NULL, 45, NULL, NULL, NULL),
(4392, 'Юрла', NULL, 45, NULL, NULL, NULL),
(4393, 'Юсьва', NULL, 45, NULL, NULL, NULL),
(4460, 'Анучино', NULL, 46, NULL, NULL, NULL),
(4461, 'Арсеньев', NULL, 46, NULL, NULL, NULL),
(4462, 'Артем', NULL, 46, NULL, NULL, NULL),
(4463, 'Артемовский (Приморский край)', NULL, 46, NULL, NULL, NULL),
(4464, 'Большой Камень', NULL, 46, NULL, NULL, NULL),
(4465, 'Валентин', NULL, 46, NULL, NULL, NULL),
(4466, 'Владивосток', NULL, 46, NULL, NULL, NULL),
(4467, 'Высокогорск', NULL, 46, NULL, NULL, NULL),
(4468, 'Горные Ключи', NULL, 46, NULL, NULL, NULL),
(4469, 'Горный', NULL, 46, NULL, NULL, NULL),
(4470, 'Дальнегорск', NULL, 46, NULL, NULL, NULL),
(4471, 'Дальнереченск', NULL, 46, NULL, NULL, NULL),
(4472, 'Зарубино', NULL, 46, NULL, NULL, NULL),
(4473, 'Кавалерово', NULL, 46, NULL, NULL, NULL),
(4474, 'Каменка (Приморский край)', NULL, 46, NULL, NULL, NULL),
(4475, 'Камень-Рыболов', NULL, 46, NULL, NULL, NULL),
(4476, 'Кировский', NULL, 46, NULL, NULL, NULL),
(4477, 'Лазо', NULL, 46, NULL, NULL, NULL),
(4478, 'Лесозаводск', NULL, 46, NULL, NULL, NULL),
(4479, 'Лучегорск', NULL, 46, NULL, NULL, NULL),
(4480, 'Михайловка (Приморский край)', NULL, 46, NULL, NULL, NULL),
(4481, 'Находка (Приморский край)', NULL, 46, NULL, NULL, NULL),
(4482, 'Новопокровка', NULL, 46, NULL, NULL, NULL),
(4483, 'Ольга', NULL, 46, NULL, NULL, NULL),
(4484, 'Партизанск', NULL, 46, NULL, NULL, NULL),
(4485, 'Пластун', NULL, 46, NULL, NULL, NULL),
(4486, 'Пограничный', NULL, 46, NULL, NULL, NULL),
(4487, 'Покровка', NULL, 46, NULL, NULL, NULL),
(4488, 'Посьет', NULL, 46, NULL, NULL, NULL),
(4489, 'Русский', NULL, 46, NULL, NULL, NULL),
(4490, 'Славянка', NULL, 46, NULL, NULL, NULL),
(4491, 'Спасск-Дальний', NULL, 46, NULL, NULL, NULL),
(4492, 'Терней', NULL, 46, NULL, NULL, NULL),
(4493, 'Уссурийск', NULL, 46, NULL, NULL, NULL),
(4494, 'Фокино', NULL, 46, NULL, NULL, NULL),
(4495, 'Хасан', NULL, 46, NULL, NULL, NULL),
(4496, 'Хороль', NULL, 46, NULL, NULL, NULL),
(4497, 'Черниговка', NULL, 46, NULL, NULL, NULL),
(4498, 'Чугуевка', NULL, 46, NULL, NULL, NULL),
(4499, 'Яковлевка', NULL, 46, NULL, NULL, NULL),
(4500, 'Ярославский', NULL, 46, NULL, NULL, NULL),
(4552, 'Бежаницы', NULL, 47, NULL, NULL, NULL),
(4553, 'Великие Луки', NULL, 47, NULL, NULL, NULL),
(4554, 'Гдов', NULL, 47, NULL, NULL, NULL),
(4555, 'Дедовичи', NULL, 47, NULL, NULL, NULL),
(4556, 'Дно', NULL, 47, NULL, NULL, NULL),
(4557, 'Заплюсье', NULL, 47, NULL, NULL, NULL),
(4558, 'Идрица', NULL, 47, NULL, NULL, NULL),
(4559, 'Красногородское', NULL, 47, NULL, NULL, NULL),
(4560, 'Кунья', NULL, 47, NULL, NULL, NULL),
(4561, 'Локня', NULL, 47, NULL, NULL, NULL),
(4562, 'Невель', NULL, 47, NULL, NULL, NULL),
(4563, 'Новоржев', NULL, 47, NULL, NULL, NULL),
(4564, 'Новосокольники', NULL, 47, NULL, NULL, NULL),
(4565, 'Опочка', NULL, 47, NULL, NULL, NULL),
(4566, 'Остров', NULL, 47, NULL, NULL, NULL),
(4567, 'Палкино', NULL, 47, NULL, NULL, NULL),
(4568, 'Печоры', NULL, 47, NULL, NULL, NULL),
(4569, 'Плюсса', NULL, 47, NULL, NULL, NULL),
(4570, 'Порхов', NULL, 47, NULL, NULL, NULL),
(4571, 'Псков', NULL, 47, NULL, NULL, NULL),
(4572, 'Пустошка', NULL, 47, NULL, NULL, NULL),
(4573, 'Пушкинские Горы', NULL, 47, NULL, NULL, NULL),
(4574, 'Пыталово', NULL, 47, NULL, NULL, NULL),
(4575, 'Себеж', NULL, 47, NULL, NULL, NULL),
(4576, 'Струги-Красные', NULL, 47, NULL, NULL, NULL),
(4577, 'Усвяты', NULL, 47, NULL, NULL, NULL),
(4682, 'Азов', NULL, 48, NULL, NULL, NULL),
(4683, 'Аксай (Ростовская обл.)', NULL, 48, NULL, NULL, NULL),
(4684, 'Алмазный', NULL, 48, NULL, NULL, NULL),
(4685, 'Аютинск', NULL, 48, NULL, NULL, NULL),
(4686, 'Багаевский', NULL, 48, NULL, NULL, NULL),
(4687, 'Батайск', NULL, 48, NULL, NULL, NULL),
(4688, 'Белая Калитва', NULL, 48, NULL, NULL, NULL),
(4689, 'Боковская', NULL, 48, NULL, NULL, NULL),
(4690, 'Большая Мартыновка', NULL, 48, NULL, NULL, NULL),
(4691, 'Вешенская', NULL, 48, NULL, NULL, NULL),
(4692, 'Волгодонск', NULL, 48, NULL, NULL, NULL),
(4693, 'Восход', NULL, 48, NULL, NULL, NULL),
(4694, 'Гигант', NULL, 48, NULL, NULL, NULL),
(4695, 'Горняцкий', NULL, 48, NULL, NULL, NULL),
(4696, 'Гуково', NULL, 48, NULL, NULL, NULL),
(4697, 'Донецк', NULL, 48, NULL, NULL, NULL),
(4698, 'Донской (Ростовская обл.)', NULL, 48, NULL, NULL, NULL),
(4699, 'Дубовское', NULL, 48, NULL, NULL, NULL),
(4700, 'Егорлыкская', NULL, 48, NULL, NULL, NULL),
(4701, 'Жирнов', NULL, 48, NULL, NULL, NULL),
(4702, 'Заветное', NULL, 48, NULL, NULL, NULL),
(4703, 'Заводской', NULL, 48, NULL, NULL, NULL),
(4704, 'Зверево', NULL, 48, NULL, NULL, NULL),
(4705, 'Зерноград', NULL, 48, NULL, NULL, NULL),
(4706, 'Зимовники', NULL, 48, NULL, NULL, NULL),
(4707, 'Кагальницкая', NULL, 48, NULL, NULL, NULL),
(4708, 'Казанская', NULL, 48, NULL, NULL, NULL),
(4709, 'Каменоломни', NULL, 48, NULL, NULL, NULL),
(4710, 'Каменск-Шахтинский', NULL, 48, NULL, NULL, NULL),
(4711, 'Кашары', NULL, 48, NULL, NULL, NULL),
(4712, 'Коксовый', NULL, 48, NULL, NULL, NULL),
(4713, 'Константиновск', NULL, 48, NULL, NULL, NULL),
(4714, 'Красный Сулин', NULL, 48, NULL, NULL, NULL),
(4715, 'Куйбышево', NULL, 48, NULL, NULL, NULL),
(4716, 'Матвеев Курган', NULL, 48, NULL, NULL, NULL),
(4717, 'Мигулинская', NULL, 48, NULL, NULL, NULL),
(4718, 'Миллерово', NULL, 48, NULL, NULL, NULL),
(4719, 'Милютинская', NULL, 48, NULL, NULL, NULL),
(4720, 'Морозовск', NULL, 48, NULL, NULL, NULL),
(4721, 'Новочеркасск', NULL, 48, NULL, NULL, NULL),
(4722, 'Новошахтинск', NULL, 48, NULL, NULL, NULL),
(4723, 'Обливская', NULL, 48, NULL, NULL, NULL),
(4724, 'Орловский', NULL, 48, NULL, NULL, NULL),
(4725, 'Песчанокопское', NULL, 48, NULL, NULL, NULL),
(4726, 'Покровское', NULL, 48, NULL, NULL, NULL),
(4727, 'Пролетарск', NULL, 48, NULL, NULL, NULL),
(4728, 'Ремонтное', NULL, 48, NULL, NULL, NULL),
(4729, 'Родионово-Несветайская', NULL, 48, NULL, NULL, NULL),
(4730, 'Ростов-на-Дону', NULL, 48, NULL, NULL, NULL),
(4731, 'Сальск', NULL, 48, NULL, NULL, NULL),
(4732, 'Семикаракорск', NULL, 48, NULL, NULL, NULL),
(4733, 'Таганрог', NULL, 48, NULL, NULL, NULL),
(4734, 'Тарасовский', NULL, 48, NULL, NULL, NULL),
(4735, 'Тацинский', NULL, 48, NULL, NULL, NULL),
(4736, 'Усть-Донецкий', NULL, 48, NULL, NULL, NULL),
(4737, 'Целина', NULL, 48, NULL, NULL, NULL),
(4738, 'Цимлянск', NULL, 48, NULL, NULL, NULL),
(4739, 'Чалтырь', NULL, 48, NULL, NULL, NULL),
(4740, 'Чертково', NULL, 48, NULL, NULL, NULL),
(4741, 'Шахты', NULL, 48, NULL, NULL, NULL),
(4742, 'Шолоховский', NULL, 48, NULL, NULL, NULL),
(4767, 'Александро-Невский', NULL, 49, NULL, NULL, NULL),
(4768, 'Горняк', NULL, 49, NULL, NULL, NULL),
(4769, 'Гусь Железный', NULL, 49, NULL, NULL, NULL),
(4770, 'Елатьма', NULL, 49, NULL, NULL, NULL),
(4771, 'Ермишь', NULL, 49, NULL, NULL, NULL),
(4772, 'Заречный (Рязанская обл.)', NULL, 49, NULL, NULL, NULL),
(4773, 'Захарово', NULL, 49, NULL, NULL, NULL),
(4774, 'Кадом', NULL, 49, NULL, NULL, NULL),
(4775, 'Касимов', NULL, 49, NULL, NULL, NULL),
(4776, 'Кораблино', NULL, 49, NULL, NULL, NULL),
(4777, 'Милославское', NULL, 49, NULL, NULL, NULL),
(4778, 'Михайлов', NULL, 49, NULL, NULL, NULL),
(4779, 'Новомичуринск', NULL, 49, NULL, NULL, NULL),
(4780, 'Пителино', NULL, 49, NULL, NULL, NULL),
(4781, 'Пронск', NULL, 49, NULL, NULL, NULL),
(4782, 'Путятино', NULL, 49, NULL, NULL, NULL),
(4783, 'Рыбное', NULL, 49, NULL, NULL, NULL),
(4784, 'Ряжск', NULL, 49, NULL, NULL, NULL),
(4785, 'Рязань', NULL, 49, NULL, NULL, NULL),
(4786, 'Сапожок', NULL, 49, NULL, NULL, NULL),
(4787, 'Сараи', NULL, 49, NULL, NULL, NULL),
(4788, 'Сасово', NULL, 49, NULL, NULL, NULL),
(4789, 'Скопин', NULL, 49, NULL, NULL, NULL),
(4790, 'Спас-Клепики', NULL, 49, NULL, NULL, NULL),
(4791, 'Спасск-Рязанский', NULL, 49, NULL, NULL, NULL),
(4792, 'Старожилово', NULL, 49, NULL, NULL, NULL),
(4793, 'Ухолово', NULL, 49, NULL, NULL, NULL),
(4794, 'Чучково', NULL, 49, NULL, NULL, NULL),
(4795, 'Шацк', NULL, 49, NULL, NULL, NULL),
(4796, 'Шилово', NULL, 49, NULL, NULL, NULL),
(4853, 'Алексеевка (Самарская обл.)', NULL, 50, NULL, NULL, NULL),
(4854, 'Безенчук', NULL, 50, NULL, NULL, NULL),
(4855, 'Богатое', NULL, 50, NULL, NULL, NULL),
(4856, 'Богатырь', NULL, 50, NULL, NULL, NULL),
(4857, 'Большая Глушица', NULL, 50, NULL, NULL, NULL),
(4858, 'Большая Глущица (Самарск.)', NULL, 50, NULL, NULL, NULL),
(4859, 'Большая Черниговка', NULL, 50, NULL, NULL, NULL),
(4860, 'Борское', NULL, 50, NULL, NULL, NULL),
(4861, 'Волжский (Самарская обл.)', NULL, 50, NULL, NULL, NULL),
(4862, 'Жигулевск', NULL, 50, NULL, NULL, NULL),
(4863, 'Зольное', NULL, 50, NULL, NULL, NULL),
(4864, 'Исаклы', NULL, 50, NULL, NULL, NULL),
(4865, 'Камышла', NULL, 50, NULL, NULL, NULL),
(4866, 'Кинель', NULL, 50, NULL, NULL, NULL),
(4867, 'Кинель-Черкасы', NULL, 50, NULL, NULL, NULL),
(4868, 'Клявлино', NULL, 50, NULL, NULL, NULL),
(4869, 'Кошки', NULL, 50, NULL, NULL, NULL),
(4870, 'Красноармейское (Самарск.)', NULL, 50, NULL, NULL, NULL),
(4871, 'Красный Яр (Самарская обл.)', NULL, 50, NULL, NULL, NULL),
(4872, 'Куйбышев', NULL, 50, NULL, NULL, NULL),
(4873, 'Нефтегорск', NULL, 50, NULL, NULL, NULL),
(4874, 'Новокуйбышевск', NULL, 50, NULL, NULL, NULL),
(4875, 'Октябрьск', NULL, 50, NULL, NULL, NULL),
(4876, 'Отрадный', NULL, 50, NULL, NULL, NULL),
(4877, 'Пестравка', NULL, 50, NULL, NULL, NULL),
(4878, 'Похвистнево', NULL, 50, NULL, NULL, NULL),
(4879, 'Приволжье', NULL, 50, NULL, NULL, NULL),
(4880, 'Самара', NULL, 50, NULL, NULL, NULL),
(4881, 'Сергиевск', NULL, 50, NULL, NULL, NULL),
(4882, 'Сургут (Самарская обл.)', NULL, 50, NULL, NULL, NULL),
(4883, 'Сызрань', NULL, 50, NULL, NULL, NULL),
(4884, 'Тольятти', NULL, 50, NULL, NULL, NULL),
(4885, 'Хворостянка', NULL, 50, NULL, NULL, NULL),
(4886, 'Чапаевск', NULL, 50, NULL, NULL, NULL),
(4887, 'Челно-Вершины', NULL, 50, NULL, NULL, NULL),
(4888, 'Шентала', NULL, 50, NULL, NULL, NULL),
(4889, 'Шигоны', NULL, 50, NULL, NULL, NULL),
(4944, 'Александров Гай', NULL, 51, NULL, NULL, NULL),
(4945, 'Аркадак', NULL, 51, NULL, NULL, NULL),
(4946, 'Аткарск', NULL, 51, NULL, NULL, NULL),
(4947, 'Базарный Карабулак', NULL, 51, NULL, NULL, NULL),
(4948, 'Балаково', NULL, 51, NULL, NULL, NULL),
(4949, 'Балашов', NULL, 51, NULL, NULL, NULL),
(4950, 'Балтай', NULL, 51, NULL, NULL, NULL),
(4951, 'Возрождение', NULL, 51, NULL, NULL, NULL),
(4952, 'Вольск', NULL, 51, NULL, NULL, NULL),
(4953, 'Воскресенское (Саратовск.)', NULL, 51, NULL, NULL, NULL),
(4954, 'Горный', NULL, 51, NULL, NULL, NULL),
(4955, 'Дергачи', NULL, 51, NULL, NULL, NULL),
(4956, 'Духовницкое', NULL, 51, NULL, NULL, NULL),
(4957, 'Екатериновка', NULL, 51, NULL, NULL, NULL),
(4958, 'Ершов', NULL, 51, NULL, NULL, NULL),
(4959, 'Ивантеевка (Саратовская обл.)', NULL, 51, NULL, NULL, NULL),
(4960, 'Калининск', NULL, 51, NULL, NULL, NULL),
(4961, 'Каменский', NULL, 51, NULL, NULL, NULL),
(4962, 'Красноармейск (Саратовск.)', NULL, 51, NULL, NULL, NULL),
(4963, 'Красный Кут', NULL, 51, NULL, NULL, NULL),
(4964, 'Лысые Горы', NULL, 51, NULL, NULL, NULL),
(4965, 'Маркс', NULL, 51, NULL, NULL, NULL),
(4966, 'Мокроус', NULL, 51, NULL, NULL, NULL),
(4967, 'Новоузенск', NULL, 51, NULL, NULL, NULL),
(4968, 'Новые Бурасы', NULL, 51, NULL, NULL, NULL),
(4969, 'Озинки', NULL, 51, NULL, NULL, NULL),
(4970, 'Перелюб', NULL, 51, NULL, NULL, NULL),
(4971, 'Петровск', NULL, 51, NULL, NULL, NULL),
(4972, 'Питерка', NULL, 51, NULL, NULL, NULL),
(4973, 'Пугачев', NULL, 51, NULL, NULL, NULL),
(4974, 'Ровное', NULL, 51, NULL, NULL, NULL),
(4975, 'Романовка', NULL, 51, NULL, NULL, NULL),
(4976, 'Ртищево', NULL, 51, NULL, NULL, NULL),
(4977, 'Самойловка', NULL, 51, NULL, NULL, NULL),
(4978, 'Саратов', NULL, 51, NULL, NULL, NULL),
(4979, 'Степное (Саратовская обл.)', NULL, 51, NULL, NULL, NULL),
(4980, 'Татищево', NULL, 51, NULL, NULL, NULL),
(4981, 'Турки', NULL, 51, NULL, NULL, NULL),
(4982, 'Хвалынск', NULL, 51, NULL, NULL, NULL),
(4983, 'Энгельс', NULL, 51, NULL, NULL, NULL),
(5020, 'Абый', NULL, 52, NULL, NULL, NULL),
(5021, 'Айхал', NULL, 52, NULL, NULL, NULL),
(5022, 'Алдан', NULL, 52, NULL, NULL, NULL),
(5023, 'Амга', NULL, 52, NULL, NULL, NULL),
(5024, 'Батагай', NULL, 52, NULL, NULL, NULL),
(5025, 'Бердигестях', NULL, 52, NULL, NULL, NULL),
(5026, 'Беркакит', NULL, 52, NULL, NULL, NULL),
(5027, 'Бестях', NULL, 52, NULL, NULL, NULL),
(5028, 'Борогонцы', NULL, 52, NULL, NULL, NULL),
(5029, 'Верхневилюйск', NULL, 52, NULL, NULL, NULL),
(5030, 'Верхоянск', NULL, 52, NULL, NULL, NULL),
(5031, 'Вилюйск', NULL, 52, NULL, NULL, NULL),
(5032, 'Витим', NULL, 52, NULL, NULL, NULL),
(5033, 'Власово', NULL, 52, NULL, NULL, NULL),
(5034, 'Депутатский', NULL, 52, NULL, NULL, NULL),
(5035, 'Жиганск', NULL, 52, NULL, NULL, NULL),
(5036, 'Зырянка', NULL, 52, NULL, NULL, NULL),
(5037, 'Кангалассы', NULL, 52, NULL, NULL, NULL),
(5038, 'Ленск', NULL, 52, NULL, NULL, NULL),
(5039, 'Майя', NULL, 52, NULL, NULL, NULL),
(5040, 'Мирный (Саха)', NULL, 52, NULL, NULL, NULL),
(5041, 'Нерюнгри', NULL, 52, NULL, NULL, NULL),
(5042, 'Нижний Куранах', NULL, 52, NULL, NULL, NULL),
(5043, 'Нюрба', NULL, 52, NULL, NULL, NULL),
(5044, 'Олекминск', NULL, 52, NULL, NULL, NULL),
(5045, 'Покровск', NULL, 52, NULL, NULL, NULL),
(5046, 'Сангар', NULL, 52, NULL, NULL, NULL),
(5047, 'Саскылах', NULL, 52, NULL, NULL, NULL),
(5048, 'Солнечный', NULL, 52, NULL, NULL, NULL),
(5049, 'Среднеколымск', NULL, 52, NULL, NULL, NULL),
(5050, 'Сунтар', NULL, 52, NULL, NULL, NULL),
(5051, 'Тикси', NULL, 52, NULL, NULL, NULL),
(5052, 'Удачный', NULL, 52, NULL, NULL, NULL),
(5053, 'Усть-Мая', NULL, 52, NULL, NULL, NULL),
(5054, 'Усть-Нера', NULL, 52, NULL, NULL, NULL),
(5055, 'Хандыга', NULL, 52, NULL, NULL, NULL),
(5056, 'Хонуу', NULL, 52, NULL, NULL, NULL),
(5057, 'Чернышевский', NULL, 52, NULL, NULL, NULL),
(5058, 'Черский', NULL, 52, NULL, NULL, NULL),
(5059, 'Чокурдах', NULL, 52, NULL, NULL, NULL),
(5060, 'Чульман', NULL, 52, NULL, NULL, NULL),
(5061, 'Чурапча', NULL, 52, NULL, NULL, NULL),
(5062, 'Якутск', NULL, 52, NULL, NULL, NULL),
(5509, 'Александровск-Сахалинский', NULL, 53, NULL, NULL, NULL),
(5510, 'Анбэцу', NULL, 53, NULL, NULL, NULL),
(5511, 'Анива', NULL, 53, NULL, NULL, NULL),
(5512, 'Бошняково', NULL, 53, NULL, NULL, NULL),
(5513, 'Быков', NULL, 53, NULL, NULL, NULL),
(5514, 'Вахрушев', NULL, 53, NULL, NULL, NULL),
(5515, 'Взморье', NULL, 53, NULL, NULL, NULL),
(5516, 'Гастелло', NULL, 53, NULL, NULL, NULL),
(5517, 'Горнозаводск (Сахалин)', NULL, 53, NULL, NULL, NULL),
(5518, 'Долинск', NULL, 53, NULL, NULL, NULL),
(5519, 'Ильинский (Сахалин)', NULL, 53, NULL, NULL, NULL),
(5520, 'Катангли', NULL, 53, NULL, NULL, NULL),
(5521, 'Корсаков', NULL, 53, NULL, NULL, NULL),
(5522, 'Курильск', NULL, 53, NULL, NULL, NULL),
(5523, 'Макаров', NULL, 53, NULL, NULL, NULL),
(5524, 'Невельск', NULL, 53, NULL, NULL, NULL),
(5525, 'Ноглики', NULL, 53, NULL, NULL, NULL),
(5526, 'Оха', NULL, 53, NULL, NULL, NULL),
(5527, 'Поронайск', NULL, 53, NULL, NULL, NULL),
(5528, 'Северо-Курильск', NULL, 53, NULL, NULL, NULL),
(5529, 'Смирных', NULL, 53, NULL, NULL, NULL),
(5530, 'Томари', NULL, 53, NULL, NULL, NULL),
(5531, 'Тымовское', NULL, 53, NULL, NULL, NULL),
(5532, 'Углегорск', NULL, 53, NULL, NULL, NULL),
(5533, 'Холмск', NULL, 53, NULL, NULL, NULL),
(5534, 'Шахтерск', NULL, 53, NULL, NULL, NULL),
(5535, 'Южно-Курильск', NULL, 53, NULL, NULL, NULL),
(5536, 'Южно-Сахалинск', NULL, 53, NULL, NULL, NULL),
(5957, 'Алапаевск', NULL, 54, NULL, NULL, NULL),
(5958, 'Алтынай', NULL, 54, NULL, NULL, NULL),
(5959, 'Арамиль', NULL, 54, NULL, NULL, NULL),
(5960, 'Артемовский (Свердловская обл.)', NULL, 54, NULL, NULL, NULL),
(5961, 'Арти', NULL, 54, NULL, NULL, NULL),
(5962, 'Асбест', NULL, 54, NULL, NULL, NULL),
(5963, 'Ачит', NULL, 54, NULL, NULL, NULL),
(5964, 'Байкалово', NULL, 54, NULL, NULL, NULL),
(5965, 'Басьяновский', NULL, 54, NULL, NULL, NULL),
(5966, 'Белоярский (Свердловская обл.)', NULL, 54, NULL, NULL, NULL),
(5967, 'Березовский (Свердловская обл.)', NULL, 54, NULL, NULL, NULL),
(5968, 'Бисерть', NULL, 54, NULL, NULL, NULL),
(5969, 'Богданович', NULL, 54, NULL, NULL, NULL),
(5970, 'Буланаш', NULL, 54, NULL, NULL, NULL),
(5971, 'Верхний Тагил', NULL, 54, NULL, NULL, NULL),
(5972, 'Верхняя Пышма', NULL, 54, NULL, NULL, NULL),
(5973, 'Верхняя Салда', NULL, 54, NULL, NULL, NULL),
(5974, 'Верхняя Синячиха', NULL, 54, NULL, NULL, NULL),
(5975, 'Верхняя Сысерть', NULL, 54, NULL, NULL, NULL),
(5976, 'Верхняя Тура', NULL, 54, NULL, NULL, NULL),
(5977, 'Верхотурье', NULL, 54, NULL, NULL, NULL),
(5978, 'Висим', NULL, 54, NULL, NULL, NULL),
(5979, 'Волчанск', NULL, 54, NULL, NULL, NULL),
(5980, 'Гари', NULL, 54, NULL, NULL, NULL),
(5981, 'Дегтярск', NULL, 54, NULL, NULL, NULL),
(5982, 'Екатеринбург', NULL, 54, NULL, NULL, NULL),
(5983, 'Ертарский', NULL, 54, NULL, NULL, NULL),
(5984, 'Заводоуспенское', NULL, 54, NULL, NULL, NULL),
(5985, 'Заречный', NULL, 54, NULL, NULL, NULL),
(5986, 'Ивдель', NULL, 54, NULL, NULL, NULL),
(5987, 'Изумруд', NULL, 54, NULL, NULL, NULL),
(5988, 'Ирбит', NULL, 54, NULL, NULL, NULL),
(5989, 'Ис', NULL, 54, NULL, NULL, NULL),
(5990, 'Каменск-Уральский', NULL, 54, NULL, NULL, NULL),
(5991, 'Камышлов', NULL, 54, NULL, NULL, NULL),
(5992, 'Карпинск', NULL, 54, NULL, NULL, NULL),
(5993, 'Качканар', NULL, 54, NULL, NULL, NULL),
(5994, 'Кировград', NULL, 54, NULL, NULL, NULL),
(5995, 'Краснотурьинск', NULL, 54, NULL, NULL, NULL),
(5996, 'Красноуральск', NULL, 54, NULL, NULL, NULL),
(5997, 'Красноуфимск', NULL, 54, NULL, NULL, NULL),
(5998, 'Кушва', NULL, 54, NULL, NULL, NULL),
(5999, 'Лесной', NULL, 54, NULL, NULL, NULL),
(6000, 'Михайловск', NULL, 54, NULL, NULL, NULL),
(6001, 'Невьянск', NULL, 54, NULL, NULL, NULL),
(6002, 'Нижние Серги', NULL, 54, NULL, NULL, NULL),
(6003, 'Нижний Тагил', NULL, 54, NULL, NULL, NULL),
(6004, 'Нижняя Салда', NULL, 54, NULL, NULL, NULL),
(6005, 'Нижняя Тура', NULL, 54, NULL, NULL, NULL),
(6006, 'Новая Ляля', NULL, 54, NULL, NULL, NULL),
(6007, 'Новоуральск', NULL, 54, NULL, NULL, NULL),
(6008, 'Новоуральск (Свердловская обл.)', NULL, 54, NULL, NULL, NULL),
(6009, 'Оус', NULL, 54, NULL, NULL, NULL),
(6010, 'Первоуральск', NULL, 54, NULL, NULL, NULL),
(6011, 'Полевской', NULL, 54, NULL, NULL, NULL),
(6012, 'Пышма', NULL, 54, NULL, NULL, NULL),
(6013, 'Ревда (Свердловская обл.)', NULL, 54, NULL, NULL, NULL),
(6014, 'Реж', NULL, 54, NULL, NULL, NULL),
(6015, 'Рефтинск', NULL, 54, NULL, NULL, NULL),
(6016, 'Свердловск', NULL, 54, NULL, NULL, NULL),
(6017, 'Североуральск', NULL, 54, NULL, NULL, NULL),
(6018, 'Серов', NULL, 54, NULL, NULL, NULL),
(6019, 'Сосьва', NULL, 54, NULL, NULL, NULL),
(6020, 'Среднеуральск', NULL, 54, NULL, NULL, NULL),
(6021, 'Сухой Лог', NULL, 54, NULL, NULL, NULL),
(6022, 'Сысерть', NULL, 54, NULL, NULL, NULL),
(6023, 'Таборы', NULL, 54, NULL, NULL, NULL),
(6024, 'Тавда', NULL, 54, NULL, NULL, NULL),
(6025, 'Талица', NULL, 54, NULL, NULL, NULL),
(6026, 'Тугулым', NULL, 54, NULL, NULL, NULL),
(6027, 'Туринск', NULL, 54, NULL, NULL, NULL),
(6028, 'Туринская Слобода', NULL, 54, NULL, NULL, NULL),
(6072, 'Алагир', NULL, 55, NULL, NULL, NULL),
(6073, 'Ардон', NULL, 55, NULL, NULL, NULL),
(6074, 'Беслан', NULL, 55, NULL, NULL, NULL),
(6075, 'Бурон', NULL, 55, NULL, NULL, NULL),
(6076, 'Владикавказ', NULL, 55, NULL, NULL, NULL),
(6077, 'Дигора', NULL, 55, NULL, NULL, NULL),
(6078, 'Моздок', NULL, 55, NULL, NULL, NULL),
(6079, 'Орджоникидзе', NULL, 55, NULL, NULL, NULL),
(6080, 'Чикола', NULL, 55, NULL, NULL, NULL),
(6166, 'Велиж', NULL, 56, NULL, NULL, NULL),
(6167, 'Верхнеднепровский', NULL, 56, NULL, NULL, NULL),
(6168, 'Ворга', NULL, 56, NULL, NULL, NULL),
(6169, 'Вязьма', NULL, 56, NULL, NULL, NULL),
(6170, 'Гагарин', NULL, 56, NULL, NULL, NULL),
(6171, 'Глинка', NULL, 56, NULL, NULL, NULL),
(6172, 'Голынки', NULL, 56, NULL, NULL, NULL),
(6173, 'Демидов', NULL, 56, NULL, NULL, NULL),
(6174, 'Десногорск', NULL, 56, NULL, NULL, NULL),
(6175, 'Дорогобуж', NULL, 56, NULL, NULL, NULL),
(6176, 'Духовщина', NULL, 56, NULL, NULL, NULL),
(6177, 'Ельня', NULL, 56, NULL, NULL, NULL),
(6178, 'Ершичи', NULL, 56, NULL, NULL, NULL),
(6179, 'Издешково', NULL, 56, NULL, NULL, NULL),
(6180, 'Кардымово', NULL, 56, NULL, NULL, NULL),
(6181, 'Красный', NULL, 56, NULL, NULL, NULL),
(6182, 'Монастырщина', NULL, 56, NULL, NULL, NULL),
(6183, 'Новодугино', NULL, 56, NULL, NULL, NULL),
(6184, 'Починок', NULL, 56, NULL, NULL, NULL),
(6185, 'Рославль', NULL, 56, NULL, NULL, NULL),
(6186, 'Рудня', NULL, 56, NULL, NULL, NULL),
(6187, 'Сафоново', NULL, 56, NULL, NULL, NULL),
(6188, 'Смоленск', NULL, 56, NULL, NULL, NULL),
(6189, 'Сычевка', NULL, 56, NULL, NULL, NULL),
(6190, 'Угра', NULL, 56, NULL, NULL, NULL),
(6191, 'Хиславичи', NULL, 56, NULL, NULL, NULL),
(6192, 'Холм-Жирковский', NULL, 56, NULL, NULL, NULL),
(6193, 'Шумячи', NULL, 56, NULL, NULL, NULL),
(6194, 'Ярцево', NULL, 56, NULL, NULL, NULL),
(6203, 'Александровское (Ставрополь.)', NULL, 57, NULL, NULL, NULL),
(6204, 'Арзгир', NULL, 57, NULL, NULL, NULL),
(6205, 'Благодарный', NULL, 57, NULL, NULL, NULL),
(6206, 'Буденновск', NULL, 57, NULL, NULL, NULL),
(6207, 'Георгиевск', NULL, 57, NULL, NULL, NULL),
(6208, 'Дивное (Ставропольский край)', NULL, 57, NULL, NULL, NULL),
(6209, 'Домбай', NULL, 57, NULL, NULL, NULL),
(6210, 'Донское', NULL, 57, NULL, NULL, NULL),
(6211, 'Ессентуки', NULL, 57, NULL, NULL, NULL),
(6212, 'Железноводск(Ставропольский)', NULL, 57, NULL, NULL, NULL),
(6213, 'Зеленокумск', NULL, 57, NULL, NULL, NULL),
(6214, 'Изобильный', NULL, 57, NULL, NULL, NULL),
(6215, 'Иноземцево', NULL, 57, NULL, NULL, NULL),
(6216, 'Ипатово', NULL, 57, NULL, NULL, NULL),
(6217, 'Карачаевск', NULL, 57, NULL, NULL, NULL),
(6218, 'Кисловодск', NULL, 57, NULL, NULL, NULL),
(6219, 'Кочубеевское', NULL, 57, NULL, NULL, NULL),
(6220, 'Красногвардейское (Ставрополь.)', NULL, 57, NULL, NULL, NULL),
(6221, 'Курсавка', NULL, 57, NULL, NULL, NULL),
(6222, 'Левокумское', NULL, 57, NULL, NULL, NULL),
(6223, 'Лермонтов', NULL, 57, NULL, NULL, NULL),
(6224, 'Минеральные Воды', NULL, 57, NULL, NULL, NULL),
(6225, 'Михайловск', NULL, 57, NULL, NULL, NULL),
(6226, 'Невинномысск', NULL, 57, NULL, NULL, NULL),
(6227, 'Нефтекумск', NULL, 57, NULL, NULL, NULL),
(6228, 'Новоалександровск', NULL, 57, NULL, NULL, NULL),
(6229, 'Новоалександровская', NULL, 57, NULL, NULL, NULL),
(6230, 'Новопавловск', NULL, 57, NULL, NULL, NULL),
(6231, 'Новоселицкое', NULL, 57, NULL, NULL, NULL),
(6232, 'Преградная', NULL, 57, NULL, NULL, NULL),
(6233, 'Пятигорск', NULL, 57, NULL, NULL, NULL),
(6234, 'Светлоград', NULL, 57, NULL, NULL, NULL),
(6235, 'Солнечнодольск', NULL, 57, NULL, NULL, NULL),
(6236, 'Ставрополь', NULL, 57, NULL, NULL, NULL),
(6237, 'Степное (Ставропольский край)', NULL, 57, NULL, NULL, NULL),
(6238, 'Теберда', NULL, 57, NULL, NULL, NULL),
(6239, 'Усть-Джегута', NULL, 57, NULL, NULL, NULL),
(6240, 'Хабез', NULL, 57, NULL, NULL, NULL),
(6241, 'Черкесск', NULL, 57, NULL, NULL, NULL),
(6253, 'Бондари', NULL, 58, NULL, NULL, NULL),
(6254, 'Гавриловка Вторая', NULL, 58, NULL, NULL, NULL),
(6255, 'Жердевка', NULL, 58, NULL, NULL, NULL),
(6256, 'Знаменка', NULL, 58, NULL, NULL, NULL),
(6257, 'Инжавино', NULL, 58, NULL, NULL, NULL),
(6258, 'Кирсанов', NULL, 58, NULL, NULL, NULL),
(6259, 'Котовск', NULL, 58, NULL, NULL, NULL),
(6260, 'Мичуринск', NULL, 58, NULL, NULL, NULL),
(6261, 'Мордово', NULL, 58, NULL, NULL, NULL),
(6262, 'Моршанск', NULL, 58, NULL, NULL, NULL),
(6263, 'Мучкапский', NULL, 58, NULL, NULL, NULL),
(6264, 'Первомайский (Тамбовская обл.)', NULL, 58, NULL, NULL, NULL),
(6265, 'Петровское', NULL, 58, NULL, NULL, NULL),
(6266, 'Пичаево', NULL, 58, NULL, NULL, NULL),
(6267, 'Рассказово', NULL, 58, NULL, NULL, NULL),
(6268, 'Ржакса', NULL, 58, NULL, NULL, NULL),
(6269, 'Сосновка', NULL, 58, NULL, NULL, NULL),
(6270, 'Староюрьево', NULL, 58, NULL, NULL, NULL),
(6271, 'Тамбов', NULL, 58, NULL, NULL, NULL),
(6272, 'Токаревка', NULL, 58, NULL, NULL, NULL),
(6273, 'Уварово', NULL, 58, NULL, NULL, NULL),
(6274, 'Умет', NULL, 58, NULL, NULL, NULL),
(6484, 'Агрыз', NULL, 59, NULL, NULL, NULL),
(6485, 'Азнакаево', NULL, 59, NULL, NULL, NULL),
(6486, 'Аксубаево', NULL, 59, NULL, NULL, NULL),
(6487, 'Актаныш', NULL, 59, NULL, NULL, NULL),
(6488, 'Актюбинский', NULL, 59, NULL, NULL, NULL),
(6489, 'Алексеевское', NULL, 59, NULL, NULL, NULL),
(6490, 'Альметьевск', NULL, 59, NULL, NULL, NULL),
(6491, 'Апастово', NULL, 59, NULL, NULL, NULL),
(6492, 'Арск', NULL, 59, NULL, NULL, NULL),
(6493, 'Бавлы', NULL, 59, NULL, NULL, NULL),
(6494, 'Базарные Матаки', NULL, 59, NULL, NULL, NULL),
(6495, 'Балтаси', NULL, 59, NULL, NULL, NULL),
(6496, 'Богатые Сабы', NULL, 59, NULL, NULL, NULL),
(6497, 'Брежнев', NULL, 59, NULL, NULL, NULL),
(6498, 'Бугульма', NULL, 59, NULL, NULL, NULL),
(6499, 'Буинск', NULL, 59, NULL, NULL, NULL),
(6500, 'Васильево', NULL, 59, NULL, NULL, NULL),
(6501, 'Верхний Услон', NULL, 59, NULL, NULL, NULL),
(6502, 'Высокая Гора', NULL, 59, NULL, NULL, NULL);
INSERT INTO `cities` (`id`, `name`, `translation`, `region_id`, `created_at`, `updated_at`, `deleted_at`) VALUES
(6503, 'Дербешкинский', NULL, 59, NULL, NULL, NULL),
(6504, 'Елабуга', NULL, 59, NULL, NULL, NULL),
(6505, 'Заинск', NULL, 59, NULL, NULL, NULL),
(6506, 'Зеленодольск', NULL, 59, NULL, NULL, NULL),
(6507, 'Казань', NULL, 59, NULL, NULL, NULL),
(6508, 'Камское Устье', NULL, 59, NULL, NULL, NULL),
(6509, 'Карабаш (Татарстан)', NULL, 59, NULL, NULL, NULL),
(6510, 'Куйбышев (Татарстан)', NULL, 59, NULL, NULL, NULL),
(6511, 'Кукмод', NULL, 59, NULL, NULL, NULL),
(6512, 'Кукмор', NULL, 59, NULL, NULL, NULL),
(6513, 'Лаишево', NULL, 59, NULL, NULL, NULL),
(6514, 'Лениногорск', NULL, 59, NULL, NULL, NULL),
(6515, 'Мамадыш', NULL, 59, NULL, NULL, NULL),
(6516, 'Менделеевск', NULL, 59, NULL, NULL, NULL),
(6517, 'Мензелинск', NULL, 59, NULL, NULL, NULL),
(6518, 'Муслюмово', NULL, 59, NULL, NULL, NULL),
(6519, 'Набережные Челны', NULL, 59, NULL, NULL, NULL),
(6520, 'Нижнекамск', NULL, 59, NULL, NULL, NULL),
(6521, 'Новошешминск', NULL, 59, NULL, NULL, NULL),
(6522, 'Нурлат', NULL, 59, NULL, NULL, NULL),
(6523, 'Пестрецы', NULL, 59, NULL, NULL, NULL),
(6524, 'Рыбная Слобода', NULL, 59, NULL, NULL, NULL),
(6525, 'Сарманово', NULL, 59, NULL, NULL, NULL),
(6526, 'Старое Дрожжаное', NULL, 59, NULL, NULL, NULL),
(6527, 'Тетюши', NULL, 59, NULL, NULL, NULL),
(6528, 'Черемшан', NULL, 59, NULL, NULL, NULL),
(6529, 'Чистополь', NULL, 59, NULL, NULL, NULL),
(6603, 'Андреаполь', NULL, 60, NULL, NULL, NULL),
(6604, 'Бежецк', NULL, 60, NULL, NULL, NULL),
(6605, 'Белый', NULL, 60, NULL, NULL, NULL),
(6606, 'Белый Городок', NULL, 60, NULL, NULL, NULL),
(6607, 'Березайка', NULL, 60, NULL, NULL, NULL),
(6608, 'Бологое', NULL, 60, NULL, NULL, NULL),
(6609, 'Васильевский Мох', NULL, 60, NULL, NULL, NULL),
(6610, 'Весьегонск', NULL, 60, NULL, NULL, NULL),
(6611, 'Выползово', NULL, 60, NULL, NULL, NULL),
(6612, 'Вышний Волочек', NULL, 60, NULL, NULL, NULL),
(6613, 'Жарковский', NULL, 60, NULL, NULL, NULL),
(6614, 'Западная Двина', NULL, 60, NULL, NULL, NULL),
(6615, 'Зубцов', NULL, 60, NULL, NULL, NULL),
(6616, 'Изоплит', NULL, 60, NULL, NULL, NULL),
(6617, 'Калашниково', NULL, 60, NULL, NULL, NULL),
(6618, 'Калинин', NULL, 60, NULL, NULL, NULL),
(6619, 'Калязин', NULL, 60, NULL, NULL, NULL),
(6620, 'Кашин', NULL, 60, NULL, NULL, NULL),
(6621, 'Кесова Гора', NULL, 60, NULL, NULL, NULL),
(6622, 'Кимры', NULL, 60, NULL, NULL, NULL),
(6623, 'Конаково', NULL, 60, NULL, NULL, NULL),
(6624, 'Красный Холм', NULL, 60, NULL, NULL, NULL),
(6625, 'Кувшиново', NULL, 60, NULL, NULL, NULL),
(6626, 'Лесное', NULL, 60, NULL, NULL, NULL),
(6627, 'Лихославль', NULL, 60, NULL, NULL, NULL),
(6628, 'Максатиха', NULL, 60, NULL, NULL, NULL),
(6629, 'Молоково', NULL, 60, NULL, NULL, NULL),
(6630, 'Нелидово', NULL, 60, NULL, NULL, NULL),
(6631, 'Оленино', NULL, 60, NULL, NULL, NULL),
(6632, 'Осташков', NULL, 60, NULL, NULL, NULL),
(6633, 'Пено', NULL, 60, NULL, NULL, NULL),
(6634, 'Рамешки', NULL, 60, NULL, NULL, NULL),
(6635, 'Ржев', NULL, 60, NULL, NULL, NULL),
(6636, 'Сандово', NULL, 60, NULL, NULL, NULL),
(6637, 'Селижарово', NULL, 60, NULL, NULL, NULL),
(6638, 'Сонково', NULL, 60, NULL, NULL, NULL),
(6639, 'Спирово', NULL, 60, NULL, NULL, NULL),
(6640, 'Старица', NULL, 60, NULL, NULL, NULL),
(6641, 'Тверь', NULL, 60, NULL, NULL, NULL),
(6642, 'Торжок', NULL, 60, NULL, NULL, NULL),
(6643, 'Торопец', NULL, 60, NULL, NULL, NULL),
(6644, 'Удомля', NULL, 60, NULL, NULL, NULL),
(6645, 'Фирово', NULL, 60, NULL, NULL, NULL),
(6667, 'Александровское (Томская обл.)', NULL, 61, NULL, NULL, NULL),
(6668, 'Асино', NULL, 61, NULL, NULL, NULL),
(6669, 'Бакчар', NULL, 61, NULL, NULL, NULL),
(6670, 'Батурино', NULL, 61, NULL, NULL, NULL),
(6671, 'Белый Яр', NULL, 61, NULL, NULL, NULL),
(6672, 'Зырянское', NULL, 61, NULL, NULL, NULL),
(6673, 'Итатка', NULL, 61, NULL, NULL, NULL),
(6674, 'Каргасок', NULL, 61, NULL, NULL, NULL),
(6675, 'Катайга', NULL, 61, NULL, NULL, NULL),
(6676, 'Кожевниково', NULL, 61, NULL, NULL, NULL),
(6677, 'Колпашево', NULL, 61, NULL, NULL, NULL),
(6678, 'Кривошеино', NULL, 61, NULL, NULL, NULL),
(6679, 'Мельниково', NULL, 61, NULL, NULL, NULL),
(6680, 'Молчаново', NULL, 61, NULL, NULL, NULL),
(6681, 'Парабель', NULL, 61, NULL, NULL, NULL),
(6682, 'Первомайское', NULL, 61, NULL, NULL, NULL),
(6683, 'Подгорное', NULL, 61, NULL, NULL, NULL),
(6684, 'Северск', NULL, 61, NULL, NULL, NULL),
(6685, 'Стрежевой', NULL, 61, NULL, NULL, NULL),
(6686, 'Томск', NULL, 61, NULL, NULL, NULL),
(6687, 'Тымск', NULL, 61, NULL, NULL, NULL),
(7134, 'Ак-Довурак', NULL, 62, NULL, NULL, NULL),
(7135, 'Бай Хаак', NULL, 62, NULL, NULL, NULL),
(7136, 'Кызыл', NULL, 62, NULL, NULL, NULL),
(7137, 'Самагалтай', NULL, 62, NULL, NULL, NULL),
(7138, 'Сарыг-Сеп', NULL, 62, NULL, NULL, NULL),
(7139, 'Суть-Холь', NULL, 62, NULL, NULL, NULL),
(7140, 'Тоора-Хем', NULL, 62, NULL, NULL, NULL),
(7141, 'Туран', NULL, 62, NULL, NULL, NULL),
(7142, 'Тээли', NULL, 62, NULL, NULL, NULL),
(7143, 'Хову-Аксы', NULL, 62, NULL, NULL, NULL),
(7144, 'Чадан', NULL, 62, NULL, NULL, NULL),
(7145, 'Шагонар', NULL, 62, NULL, NULL, NULL),
(7146, 'Эрзин', NULL, 62, NULL, NULL, NULL),
(7389, 'Агеево', NULL, 63, NULL, NULL, NULL),
(7390, 'Алексин', NULL, 63, NULL, NULL, NULL),
(7391, 'Арсеньево', NULL, 63, NULL, NULL, NULL),
(7392, 'Барсуки', NULL, 63, NULL, NULL, NULL),
(7393, 'Белев', NULL, 63, NULL, NULL, NULL),
(7394, 'Богородицк', NULL, 63, NULL, NULL, NULL),
(7395, 'Болохово', NULL, 63, NULL, NULL, NULL),
(7396, 'Велегож', NULL, 63, NULL, NULL, NULL),
(7397, 'Венев', NULL, 63, NULL, NULL, NULL),
(7398, 'Волово', NULL, 63, NULL, NULL, NULL),
(7399, 'Горелки', NULL, 63, NULL, NULL, NULL),
(7400, 'Донской', NULL, 63, NULL, NULL, NULL),
(7401, 'Дубна (Тульская обл.)', NULL, 63, NULL, NULL, NULL),
(7402, 'Епифань', NULL, 63, NULL, NULL, NULL),
(7403, 'Ефремов', NULL, 63, NULL, NULL, NULL),
(7404, 'Заокский', NULL, 63, NULL, NULL, NULL),
(7405, 'Казановка', NULL, 63, NULL, NULL, NULL),
(7406, 'Кимовск', NULL, 63, NULL, NULL, NULL),
(7407, 'Киреевск', NULL, 63, NULL, NULL, NULL),
(7408, 'Куркино', NULL, 63, NULL, NULL, NULL),
(7409, 'Ленинский', NULL, 63, NULL, NULL, NULL),
(7410, 'Лянтор', NULL, 63, NULL, NULL, NULL),
(7411, 'Новомосковск', NULL, 63, NULL, NULL, NULL),
(7412, 'Одоев', NULL, 63, NULL, NULL, NULL),
(7413, 'Плавск', NULL, 63, NULL, NULL, NULL),
(7414, 'Советск (Тульская обл.)', NULL, 63, NULL, NULL, NULL),
(7415, 'Суворов', NULL, 63, NULL, NULL, NULL),
(7416, 'Тула', NULL, 63, NULL, NULL, NULL),
(7417, 'Узловая', NULL, 63, NULL, NULL, NULL),
(7418, 'Щекино', NULL, 63, NULL, NULL, NULL),
(7419, 'Ясногорск', NULL, 63, NULL, NULL, NULL),
(7490, 'Яр-Сале', NULL, 64, NULL, NULL, NULL),
(7491, 'Абатский', NULL, 64, NULL, NULL, NULL),
(7492, 'Аган', NULL, 64, NULL, NULL, NULL),
(7493, 'Аксарка', NULL, 64, NULL, NULL, NULL),
(7494, 'Армизонское', NULL, 64, NULL, NULL, NULL),
(7495, 'Аромашево', NULL, 64, NULL, NULL, NULL),
(7496, 'Белоярский (Тюменская обл.)', NULL, 64, NULL, NULL, NULL),
(7497, 'Бердюжье', NULL, 64, NULL, NULL, NULL),
(7498, 'Березово', NULL, 64, NULL, NULL, NULL),
(7499, 'Большое Сорокино', NULL, 64, NULL, NULL, NULL),
(7500, 'Вагай', NULL, 64, NULL, NULL, NULL),
(7501, 'Викулово', NULL, 64, NULL, NULL, NULL),
(7502, 'Винзили', NULL, 64, NULL, NULL, NULL),
(7503, 'Голышманово', NULL, 64, NULL, NULL, NULL),
(7504, 'Губкинский (Тюменская обл.)', NULL, 64, NULL, NULL, NULL),
(7505, 'Заводопетровский', NULL, 64, NULL, NULL, NULL),
(7506, 'Заводоуковск', NULL, 64, NULL, NULL, NULL),
(7507, 'Игрим', NULL, 64, NULL, NULL, NULL),
(7508, 'Излучинск', NULL, 64, NULL, NULL, NULL),
(7509, 'Исетское', NULL, 64, NULL, NULL, NULL),
(7510, 'Ишим', NULL, 64, NULL, NULL, NULL),
(7511, 'Казанское', NULL, 64, NULL, NULL, NULL),
(7512, 'Казым-Мыс', NULL, 64, NULL, NULL, NULL),
(7513, 'Когалым (Тюменская обл.)', NULL, 64, NULL, NULL, NULL),
(7514, 'Кондинское', NULL, 64, NULL, NULL, NULL),
(7515, 'Красноселькуп', NULL, 64, NULL, NULL, NULL),
(7516, 'Лабытнанги', NULL, 64, NULL, NULL, NULL),
(7517, 'Лангепас', NULL, 64, NULL, NULL, NULL),
(7518, 'Ларьяк', NULL, 64, NULL, NULL, NULL),
(7519, 'Лянторский', NULL, 64, NULL, NULL, NULL),
(7520, 'Мегион', NULL, 64, NULL, NULL, NULL),
(7521, 'Междуреченский', NULL, 64, NULL, NULL, NULL),
(7522, 'Мужи', NULL, 64, NULL, NULL, NULL),
(7523, 'Муравленко (Тюменская обл.)', NULL, 64, NULL, NULL, NULL),
(7524, 'Надым (Тюменская обл.)', NULL, 64, NULL, NULL, NULL),
(7525, 'Находка (Тюменская обл.)', NULL, 64, NULL, NULL, NULL),
(7526, 'Нефтеюганск', NULL, 64, NULL, NULL, NULL),
(7527, 'Нижневартовск', NULL, 64, NULL, NULL, NULL),
(7528, 'Нижняя Тавда', NULL, 64, NULL, NULL, NULL),
(7529, 'Новоаганск', NULL, 64, NULL, NULL, NULL),
(7530, 'Новый Уренгой (Тюменская обл.)', NULL, 64, NULL, NULL, NULL),
(7531, 'Ноябрьск (Тюменская обл.)', NULL, 64, NULL, NULL, NULL),
(7532, 'Нягань', NULL, 64, NULL, NULL, NULL),
(7533, 'Октябрьское (Тюменская обл.)', NULL, 64, NULL, NULL, NULL),
(7534, 'Омутинский', NULL, 64, NULL, NULL, NULL),
(7535, 'Покачи (Тюменская обл.)', NULL, 64, NULL, NULL, NULL),
(7536, 'Приобье', NULL, 64, NULL, NULL, NULL),
(7537, 'Пыть-Ях', NULL, 64, NULL, NULL, NULL),
(7538, 'Радужный (Ханты-Мансийский АО)', NULL, 64, NULL, NULL, NULL),
(7539, 'Салехард', NULL, 64, NULL, NULL, NULL),
(7540, 'Сладково', NULL, 64, NULL, NULL, NULL),
(7541, 'Советский (Тюменская обл.)', NULL, 64, NULL, NULL, NULL),
(7542, 'Сургут', NULL, 64, NULL, NULL, NULL),
(7543, 'Тазовский', NULL, 64, NULL, NULL, NULL),
(7544, 'Тобольск', NULL, 64, NULL, NULL, NULL),
(7545, 'Тюмень', NULL, 64, NULL, NULL, NULL),
(7546, 'Уват', NULL, 64, NULL, NULL, NULL),
(7547, 'Унъюган', NULL, 64, NULL, NULL, NULL),
(7548, 'Упорово', NULL, 64, NULL, NULL, NULL),
(7549, 'Урай', NULL, 64, NULL, NULL, NULL),
(7550, 'Ханты-Мансийск', NULL, 64, NULL, NULL, NULL),
(7551, 'Югорск', NULL, 64, NULL, NULL, NULL),
(7552, 'Юрибей', NULL, 64, NULL, NULL, NULL),
(7553, 'Ялуторовск', NULL, 64, NULL, NULL, NULL),
(7554, 'Ярково', NULL, 64, NULL, NULL, NULL),
(7697, 'Алнаши', NULL, 65, NULL, NULL, NULL),
(7698, 'Балезино', NULL, 65, NULL, NULL, NULL),
(7699, 'Вавож', NULL, 65, NULL, NULL, NULL),
(7700, 'Воткинск', NULL, 65, NULL, NULL, NULL),
(7701, 'Глазов', NULL, 65, NULL, NULL, NULL),
(7702, 'Грахово', NULL, 65, NULL, NULL, NULL),
(7703, 'Дебесы', NULL, 65, NULL, NULL, NULL),
(7704, 'Завьялово', NULL, 65, NULL, NULL, NULL),
(7705, 'Игра', NULL, 65, NULL, NULL, NULL),
(7706, 'Ижевск', NULL, 65, NULL, NULL, NULL),
(7707, 'Кама', NULL, 65, NULL, NULL, NULL),
(7708, 'Камбарка', NULL, 65, NULL, NULL, NULL),
(7709, 'Каракулино', NULL, 65, NULL, NULL, NULL),
(7710, 'Кез', NULL, 65, NULL, NULL, NULL),
(7711, 'Кизнер', NULL, 65, NULL, NULL, NULL),
(7712, 'Киясово', NULL, 65, NULL, NULL, NULL),
(7713, 'Красногорское (Удмуртия)', NULL, 65, NULL, NULL, NULL),
(7714, 'Можга', NULL, 65, NULL, NULL, NULL),
(7715, 'Сарапул', NULL, 65, NULL, NULL, NULL),
(7716, 'Селты', NULL, 65, NULL, NULL, NULL),
(7717, 'Сюмси', NULL, 65, NULL, NULL, NULL),
(7718, 'Ува', NULL, 65, NULL, NULL, NULL),
(7719, 'Устинов', NULL, 65, NULL, NULL, NULL),
(7720, 'Шаркан', NULL, 65, NULL, NULL, NULL),
(7721, 'Юкаменское', NULL, 65, NULL, NULL, NULL),
(7722, 'Якшур-Бодья', NULL, 65, NULL, NULL, NULL),
(7723, 'Яр', NULL, 65, NULL, NULL, NULL),
(7826, 'Базарный Сызган', NULL, 66, NULL, NULL, NULL),
(7827, 'Барыш', NULL, 66, NULL, NULL, NULL),
(7828, 'Большое Нагаткино', NULL, 66, NULL, NULL, NULL),
(7829, 'Вешкайма', NULL, 66, NULL, NULL, NULL),
(7830, 'Глотовка', NULL, 66, NULL, NULL, NULL),
(7831, 'Димитровград', NULL, 66, NULL, NULL, NULL),
(7832, 'Игнатовка', NULL, 66, NULL, NULL, NULL),
(7833, 'Измайлово', NULL, 66, NULL, NULL, NULL),
(7834, 'Инза', NULL, 66, NULL, NULL, NULL),
(7835, 'Ишеевка', NULL, 66, NULL, NULL, NULL),
(7836, 'Канадей', NULL, 66, NULL, NULL, NULL),
(7837, 'Карсун', NULL, 66, NULL, NULL, NULL),
(7838, 'Кузоватово', NULL, 66, NULL, NULL, NULL),
(7839, 'Майна', NULL, 66, NULL, NULL, NULL),
(7840, 'Новая Малыкла', NULL, 66, NULL, NULL, NULL),
(7841, 'Новоспасское', NULL, 66, NULL, NULL, NULL),
(7842, 'Новоульяновск', NULL, 66, NULL, NULL, NULL),
(7843, 'Павловка', NULL, 66, NULL, NULL, NULL),
(7844, 'Радищево', NULL, 66, NULL, NULL, NULL),
(7845, 'Сенгилей', NULL, 66, NULL, NULL, NULL),
(7846, 'Старая Кулатка', NULL, 66, NULL, NULL, NULL),
(7847, 'Старая Майна', NULL, 66, NULL, NULL, NULL),
(7848, 'Сурское', NULL, 66, NULL, NULL, NULL),
(7849, 'Тереньга', NULL, 66, NULL, NULL, NULL),
(7850, 'Ульяновск', NULL, 66, NULL, NULL, NULL),
(7851, 'Чердаклы', NULL, 66, NULL, NULL, NULL),
(7959, 'Аксай (Уральская обл.)', NULL, 67, NULL, NULL, NULL),
(7960, 'Дарьинское', NULL, 67, NULL, NULL, NULL),
(7961, 'Деркул', NULL, 67, NULL, NULL, NULL),
(7962, 'Джамбейты', NULL, 67, NULL, NULL, NULL),
(7963, 'Переметное', NULL, 67, NULL, NULL, NULL),
(7964, 'Уральск', NULL, 67, NULL, NULL, NULL),
(7965, 'Федоровка (Уральская обл.)', NULL, 67, NULL, NULL, NULL),
(7966, 'Фурманово', NULL, 67, NULL, NULL, NULL),
(7967, 'Чапаев', NULL, 67, NULL, NULL, NULL),
(8081, 'Амурск', NULL, 68, NULL, NULL, NULL),
(8082, 'Аян', NULL, 68, NULL, NULL, NULL),
(8083, 'Березовый', NULL, 68, NULL, NULL, NULL),
(8084, 'Бикин', NULL, 68, NULL, NULL, NULL),
(8085, 'Бира', NULL, 68, NULL, NULL, NULL),
(8086, 'Биракан', NULL, 68, NULL, NULL, NULL),
(8087, 'Богородское (Хабаровский край)', NULL, 68, NULL, NULL, NULL),
(8088, 'Ванино', NULL, 68, NULL, NULL, NULL),
(8089, 'Волочаевка Вторая', NULL, 68, NULL, NULL, NULL),
(8090, 'Высокогорный', NULL, 68, NULL, NULL, NULL),
(8091, 'Вяземский', NULL, 68, NULL, NULL, NULL),
(8092, 'Горный', NULL, 68, NULL, NULL, NULL),
(8093, 'Гурское', NULL, 68, NULL, NULL, NULL),
(8094, 'Дормидонтовка', NULL, 68, NULL, NULL, NULL),
(8095, 'Заветы Ильича', NULL, 68, NULL, NULL, NULL),
(8096, 'Известковый', NULL, 68, NULL, NULL, NULL),
(8097, 'Иннокентьевка', NULL, 68, NULL, NULL, NULL),
(8098, 'Комсомольск-на-Амуре', NULL, 68, NULL, NULL, NULL),
(8099, 'Ленинское', NULL, 68, NULL, NULL, NULL),
(8100, 'Нелькан', NULL, 68, NULL, NULL, NULL),
(8101, 'Николаевск-на-Амуре', NULL, 68, NULL, NULL, NULL),
(8102, 'Облучье', NULL, 68, NULL, NULL, NULL),
(8103, 'Охотск', NULL, 68, NULL, NULL, NULL),
(8104, 'Переяславка', NULL, 68, NULL, NULL, NULL),
(8105, 'Смидович', NULL, 68, NULL, NULL, NULL),
(8106, 'Советская Гавань', NULL, 68, NULL, NULL, NULL),
(8107, 'Софийск', NULL, 68, NULL, NULL, NULL),
(8108, 'Троицкое', NULL, 68, NULL, NULL, NULL),
(8109, 'Тугур', NULL, 68, NULL, NULL, NULL),
(8110, 'Хабаровск', NULL, 68, NULL, NULL, NULL),
(8111, 'Чегдомын', NULL, 68, NULL, NULL, NULL),
(8112, 'Чумикан', NULL, 68, NULL, NULL, NULL),
(8148, 'Абакан', NULL, 69, NULL, NULL, NULL),
(8149, 'Саяногорск', NULL, 69, NULL, NULL, NULL),
(8150, 'Черногорск', NULL, 69, NULL, NULL, NULL),
(8192, 'Агаповка', NULL, 70, NULL, NULL, NULL),
(8193, 'Аргаяш', NULL, 70, NULL, NULL, NULL),
(8194, 'Аша', NULL, 70, NULL, NULL, NULL),
(8195, 'Бакал', NULL, 70, NULL, NULL, NULL),
(8196, 'Бреды', NULL, 70, NULL, NULL, NULL),
(8197, 'Варна', NULL, 70, NULL, NULL, NULL),
(8198, 'Верхнеуральск', NULL, 70, NULL, NULL, NULL),
(8199, 'Верхний Уфалей', NULL, 70, NULL, NULL, NULL),
(8200, 'Еманжелинск', NULL, 70, NULL, NULL, NULL),
(8201, 'Златоуст', NULL, 70, NULL, NULL, NULL),
(8202, 'Карабаш', NULL, 70, NULL, NULL, NULL),
(8203, 'Карталы', NULL, 70, NULL, NULL, NULL),
(8204, 'Касли', NULL, 70, NULL, NULL, NULL),
(8205, 'Катав-Ивановск', NULL, 70, NULL, NULL, NULL),
(8206, 'Копейск', NULL, 70, NULL, NULL, NULL),
(8207, 'Коркино', NULL, 70, NULL, NULL, NULL),
(8208, 'Красногорский', NULL, 70, NULL, NULL, NULL),
(8209, 'Кунашак', NULL, 70, NULL, NULL, NULL),
(8210, 'Куса', NULL, 70, NULL, NULL, NULL),
(8211, 'Кыштым', NULL, 70, NULL, NULL, NULL),
(8212, 'Магнитогорск', NULL, 70, NULL, NULL, NULL),
(8213, 'Миасс', NULL, 70, NULL, NULL, NULL),
(8214, 'Миньяр', NULL, 70, NULL, NULL, NULL),
(8215, 'Озерск(Челябинская обл.)', NULL, 70, NULL, NULL, NULL),
(8216, 'Октябрьское (Челябинская обл.)', NULL, 70, NULL, NULL, NULL),
(8217, 'Пласт', NULL, 70, NULL, NULL, NULL),
(8218, 'Сатка', NULL, 70, NULL, NULL, NULL),
(8219, 'Сим', NULL, 70, NULL, NULL, NULL),
(8220, 'Снежинск (Челябинская обл.)', NULL, 70, NULL, NULL, NULL),
(8221, 'Трехгорный', NULL, 70, NULL, NULL, NULL),
(8222, 'Троицк', NULL, 70, NULL, NULL, NULL),
(8223, 'Увельский', NULL, 70, NULL, NULL, NULL),
(8224, 'Уйское', NULL, 70, NULL, NULL, NULL),
(8225, 'Усть-Катав', NULL, 70, NULL, NULL, NULL),
(8226, 'Фершампенуаз', NULL, 70, NULL, NULL, NULL),
(8227, 'Чебаркуль', NULL, 70, NULL, NULL, NULL),
(8228, 'Челябинск', NULL, 70, NULL, NULL, NULL),
(8229, 'Чесма', NULL, 70, NULL, NULL, NULL),
(8230, 'Южно-Уральск', NULL, 70, NULL, NULL, NULL),
(8231, 'Юрюзань', NULL, 70, NULL, NULL, NULL),
(8257, 'Аргун', NULL, 71, NULL, NULL, NULL),
(8258, 'Грозный', NULL, 71, NULL, NULL, NULL),
(8259, 'Гудермес', NULL, 71, NULL, NULL, NULL),
(8260, 'Знаменское', NULL, 71, NULL, NULL, NULL),
(8261, 'Малгобек', NULL, 71, NULL, NULL, NULL),
(8262, 'Назрань', NULL, 71, NULL, NULL, NULL),
(8263, 'Наурская', NULL, 71, NULL, NULL, NULL),
(8264, 'Ножай-Юрт', NULL, 71, NULL, NULL, NULL),
(8265, 'Орджоникидзевская', NULL, 71, NULL, NULL, NULL),
(8266, 'Советское (Чечено-Ингушетия)', NULL, 71, NULL, NULL, NULL),
(8267, 'Урус-Мартан', NULL, 71, NULL, NULL, NULL),
(8268, 'Шали', NULL, 71, NULL, NULL, NULL),
(8302, 'Агинское', NULL, 72, NULL, NULL, NULL),
(8303, 'Аксеново-Зиловское', NULL, 72, NULL, NULL, NULL),
(8304, 'Акша', NULL, 72, NULL, NULL, NULL),
(8305, 'Арбагар', NULL, 72, NULL, NULL, NULL),
(8306, 'Атамановка', NULL, 72, NULL, NULL, NULL),
(8307, 'Балей', NULL, 72, NULL, NULL, NULL),
(8308, 'Борзя', NULL, 72, NULL, NULL, NULL),
(8309, 'Букачача', NULL, 72, NULL, NULL, NULL),
(8310, 'Газимурский Завод', NULL, 72, NULL, NULL, NULL),
(8311, 'Давенда', NULL, 72, NULL, NULL, NULL),
(8312, 'Дарасун', NULL, 72, NULL, NULL, NULL),
(8313, 'Домна', NULL, 72, NULL, NULL, NULL),
(8314, 'Дровяная', NULL, 72, NULL, NULL, NULL),
(8315, 'Дульдурга', NULL, 72, NULL, NULL, NULL),
(8316, 'Забайкальск', NULL, 72, NULL, NULL, NULL),
(8317, 'Карымское', NULL, 72, NULL, NULL, NULL),
(8318, 'Ключевский', NULL, 72, NULL, NULL, NULL),
(8319, 'Кокуй', NULL, 72, NULL, NULL, NULL),
(8320, 'Краснокаменск', NULL, 72, NULL, NULL, NULL),
(8321, 'Красный Чикой', NULL, 72, NULL, NULL, NULL),
(8322, 'Кыра', NULL, 72, NULL, NULL, NULL),
(8323, 'Моготуй', NULL, 72, NULL, NULL, NULL),
(8324, 'Могоча', NULL, 72, NULL, NULL, NULL),
(8325, 'Нерчинск', NULL, 72, NULL, NULL, NULL),
(8326, 'Нерчинский Завод', NULL, 72, NULL, NULL, NULL),
(8327, 'Нижний Цасучей', NULL, 72, NULL, NULL, NULL),
(8328, 'Оловянная', NULL, 72, NULL, NULL, NULL),
(8329, 'Первомайский (Читинская обл.)', NULL, 72, NULL, NULL, NULL),
(8330, 'Петровск-Забайкальский', NULL, 72, NULL, NULL, NULL),
(8331, 'Приаргунск', NULL, 72, NULL, NULL, NULL),
(8332, 'Сретенск', NULL, 72, NULL, NULL, NULL),
(8333, 'Тупик', NULL, 72, NULL, NULL, NULL),
(8334, 'Улеты', NULL, 72, NULL, NULL, NULL),
(8335, 'Хилок', NULL, 72, NULL, NULL, NULL),
(8336, 'Чара', NULL, 72, NULL, NULL, NULL),
(8337, 'Чернышевск', NULL, 72, NULL, NULL, NULL),
(8338, 'Чита', NULL, 72, NULL, NULL, NULL),
(8339, 'Шелопугино', NULL, 72, NULL, NULL, NULL),
(8340, 'Шилка', NULL, 72, NULL, NULL, NULL),
(8366, 'Алатырь', NULL, 73, NULL, NULL, NULL),
(8367, 'Аликово', NULL, 73, NULL, NULL, NULL),
(8368, 'Батырева', NULL, 73, NULL, NULL, NULL),
(8369, 'Буинск', NULL, 73, NULL, NULL, NULL),
(8370, 'Вурнары', NULL, 73, NULL, NULL, NULL),
(8371, 'Ибреси', NULL, 73, NULL, NULL, NULL),
(8372, 'Канаш', NULL, 73, NULL, NULL, NULL),
(8373, 'Киря', NULL, 73, NULL, NULL, NULL),
(8374, 'Комсомольское', NULL, 73, NULL, NULL, NULL),
(8375, 'Красноармейское (Чувашия)', NULL, 73, NULL, NULL, NULL),
(8376, 'Красные Четаи', NULL, 73, NULL, NULL, NULL),
(8377, 'Кугеси', NULL, 73, NULL, NULL, NULL),
(8378, 'Мариинский Посад', NULL, 73, NULL, NULL, NULL),
(8379, 'Моргауши', NULL, 73, NULL, NULL, NULL),
(8380, 'Новочебоксарск', NULL, 73, NULL, NULL, NULL),
(8381, 'Порецкое', NULL, 73, NULL, NULL, NULL),
(8382, 'Урмары', NULL, 73, NULL, NULL, NULL),
(8383, 'Цивильск', NULL, 73, NULL, NULL, NULL),
(8384, 'Чебоксары', NULL, 73, NULL, NULL, NULL),
(8385, 'Шемурша', NULL, 73, NULL, NULL, NULL),
(8386, 'Шумерля', NULL, 73, NULL, NULL, NULL),
(8387, 'Ядрин', NULL, 73, NULL, NULL, NULL),
(8388, 'Яльчики', NULL, 73, NULL, NULL, NULL),
(8389, 'Янтиково', NULL, 73, NULL, NULL, NULL),
(8427, 'Анадырь (Чукотский АО)', NULL, 74, NULL, NULL, NULL),
(8428, 'Билибино', NULL, 74, NULL, NULL, NULL),
(8429, 'ПЕВЕК', NULL, 74, NULL, NULL, NULL),
(8476, 'Губкинский (Ямало-Ненецкий АО)', NULL, 75, NULL, NULL, NULL),
(8477, 'Заполярный (Ямало-Ненецкий АО)', NULL, 75, NULL, NULL, NULL),
(8478, 'Муравленко', NULL, 75, NULL, NULL, NULL),
(8479, 'Надым', NULL, 75, NULL, NULL, NULL),
(8480, 'Новый Уренгой', NULL, 75, NULL, NULL, NULL),
(8481, 'Ноябрьск', NULL, 75, NULL, NULL, NULL),
(8482, 'Пангоды', NULL, 75, NULL, NULL, NULL),
(8483, 'Пуровск', NULL, 75, NULL, NULL, NULL),
(8484, 'Салехард', NULL, 75, NULL, NULL, NULL),
(8485, 'Тазовский', NULL, 75, NULL, NULL, NULL),
(8486, 'Тарко-Сале', NULL, 75, NULL, NULL, NULL),
(8525, 'Андропов', NULL, 76, NULL, NULL, NULL),
(8526, 'Берендеево', NULL, 76, NULL, NULL, NULL),
(8527, 'Большое Село', NULL, 76, NULL, NULL, NULL),
(8528, 'Борисоглебский', NULL, 76, NULL, NULL, NULL),
(8529, 'Брейтово', NULL, 76, NULL, NULL, NULL),
(8530, 'Бурмакино', NULL, 76, NULL, NULL, NULL),
(8531, 'Варегово', NULL, 76, NULL, NULL, NULL),
(8532, 'Волга', NULL, 76, NULL, NULL, NULL),
(8533, 'Гаврилов Ям', NULL, 76, NULL, NULL, NULL),
(8534, 'Данилов', NULL, 76, NULL, NULL, NULL),
(8535, 'Любим', NULL, 76, NULL, NULL, NULL),
(8536, 'Мышкин', NULL, 76, NULL, NULL, NULL),
(8537, 'Некрасовское', NULL, 76, NULL, NULL, NULL),
(8538, 'Новый Некоуз', NULL, 76, NULL, NULL, NULL),
(8539, 'Переславль-Залесский', NULL, 76, NULL, NULL, NULL),
(8540, 'Пошехонье-Володарск', NULL, 76, NULL, NULL, NULL),
(8541, 'Ростов', NULL, 76, NULL, NULL, NULL),
(8542, 'Рыбинск', NULL, 76, NULL, NULL, NULL),
(8543, 'Тутаев', NULL, 76, NULL, NULL, NULL),
(8544, 'Углич', NULL, 76, NULL, NULL, NULL),
(8545, 'Ярославль', NULL, 76, NULL, NULL, NULL),
(8618, 'Черкесск', NULL, 77, NULL, NULL, NULL),
(12234, 'Aleksandrw', NULL, 1036, NULL, NULL, NULL),
(12235, 'Andrzejw', NULL, 1036, NULL, NULL, NULL),
(12236, 'Antolin', NULL, 1036, NULL, NULL, NULL),
(12237, 'Bedlno', NULL, 1036, NULL, NULL, NULL),
(12238, 'Bia‚a Podlaska', NULL, 1036, NULL, NULL, NULL),
(12239, 'Horbw', NULL, 1036, NULL, NULL, NULL),
(12240, 'Miedzyrzec', NULL, 1036, NULL, NULL, NULL),
(12241, 'Terespol', NULL, 1036, NULL, NULL, NULL),
(12278, 'Aleksandrowo', NULL, 1037, NULL, NULL, NULL),
(12279, 'Antoniuk', NULL, 1037, NULL, NULL, NULL),
(12280, 'Augustowo', NULL, 1037, NULL, NULL, NULL),
(12281, 'Bernadzki Most', NULL, 1037, NULL, NULL, NULL),
(12282, 'Bia‚ostoczek', NULL, 1037, NULL, NULL, NULL),
(12283, 'Bialystok', NULL, 1037, NULL, NULL, NULL),
(12284, 'Bielsk Podlaski', NULL, 1037, NULL, NULL, NULL),
(12285, 'Hajnwka', NULL, 1037, NULL, NULL, NULL),
(12286, 'Mielnik', NULL, 1037, NULL, NULL, NULL),
(12287, 'Sokulka', NULL, 1037, NULL, NULL, NULL),
(12331, 'Auschwitz', NULL, 1038, NULL, NULL, NULL),
(12332, 'Bednarze', NULL, 1038, NULL, NULL, NULL),
(12333, 'Bielsko-Bia‚a', NULL, 1038, NULL, NULL, NULL),
(12334, 'Czaniec', NULL, 1038, NULL, NULL, NULL),
(12335, 'Kety', NULL, 1038, NULL, NULL, NULL),
(12336, 'Oswiecim', NULL, 1038, NULL, NULL, NULL),
(12383, 'Augustowo', NULL, 1039, NULL, NULL, NULL),
(12384, 'Cekcyn', NULL, 1039, NULL, NULL, NULL),
(12385, 'Chojnice', NULL, 1039, NULL, NULL, NULL),
(12386, 'Fordon', NULL, 1039, NULL, NULL, NULL),
(12387, 'Inovrotslav', NULL, 1039, NULL, NULL, NULL),
(12388, 'Slesin', NULL, 1039, NULL, NULL, NULL),
(12418, 'Che‚m', NULL, 1040, NULL, NULL, NULL),
(12419, 'Horodyszcze', NULL, 1040, NULL, NULL, NULL),
(12420, 'Huta', NULL, 1040, NULL, NULL, NULL),
(12421, 'Krasnystaw', NULL, 1040, NULL, NULL, NULL),
(12458, 'Aleksandria Pierwsza', NULL, 1041, NULL, NULL, NULL),
(12459, 'Chenstochov', NULL, 1041, NULL, NULL, NULL),
(12460, 'Czestochowa', NULL, 1041, NULL, NULL, NULL),
(12497, 'Breslau', NULL, 1042, NULL, NULL, NULL),
(12498, 'Breslavia', NULL, 1042, NULL, NULL, NULL),
(12499, 'Czerniawa-Zdrj', NULL, 1042, NULL, NULL, NULL),
(12500, 'Jelenia Gra', NULL, 1042, NULL, NULL, NULL),
(12501, 'Liebau', NULL, 1042, NULL, NULL, NULL),
(12502, 'Rybnica', NULL, 1042, NULL, NULL, NULL),
(12503, 'Vrotslav', NULL, 1042, NULL, NULL, NULL),
(12504, 'Wroc‚aw', NULL, 1042, NULL, NULL, NULL),
(12505, 'Wros‚aw', NULL, 1042, NULL, NULL, NULL),
(12568, 'Braniewo', NULL, 1043, NULL, NULL, NULL),
(12569, 'Elblag', NULL, 1043, NULL, NULL, NULL),
(12621, 'Althtte', NULL, 1044, NULL, NULL, NULL),
(12622, 'B‚otnik', NULL, 1044, NULL, NULL, NULL),
(12623, 'Banino', NULL, 1044, NULL, NULL, NULL),
(12624, 'Bieszki', NULL, 1044, NULL, NULL, NULL),
(12625, 'Choczewo', NULL, 1044, NULL, NULL, NULL),
(12626, 'Gdingen', NULL, 1044, NULL, NULL, NULL),
(12627, 'Gdynia', NULL, 1044, NULL, NULL, NULL),
(12628, 'Grki Zachodnie', NULL, 1044, NULL, NULL, NULL),
(12629, 'Huta', NULL, 1044, NULL, NULL, NULL),
(12630, 'Lezno', NULL, 1044, NULL, NULL, NULL),
(12631, 'Sopot', NULL, 1044, NULL, NULL, NULL),
(12632, 'Tczew', NULL, 1044, NULL, NULL, NULL),
(12633, 'Wrzeszcz', NULL, 1044, NULL, NULL, NULL),
(12664, 'Gorzw Wielkopolski', NULL, 1045, NULL, NULL, NULL),
(12665, 'Kostrzyn nad Odra', NULL, 1045, NULL, NULL, NULL),
(12666, 'S‚ubice', NULL, 1045, NULL, NULL, NULL),
(12770, 'Boles‚awiec', NULL, 1046, NULL, NULL, NULL),
(12771, 'Boleslawice', NULL, 1046, NULL, NULL, NULL),
(12772, 'Czarne', NULL, 1046, NULL, NULL, NULL),
(12773, 'Wlen', NULL, 1046, NULL, NULL, NULL),
(12774, 'Zgorzelec', NULL, 1046, NULL, NULL, NULL),
(12775, 'Zgorzelice', NULL, 1046, NULL, NULL, NULL),
(12809, 'Kalisz', NULL, 1047, NULL, NULL, NULL),
(12810, 'Ostrw Wielkopolski', NULL, 1047, NULL, NULL, NULL),
(13063, 'Bedzin', NULL, 1048, NULL, NULL, NULL),
(13064, 'Bobrek Karf', NULL, 1048, NULL, NULL, NULL),
(13065, 'Bytom', NULL, 1048, NULL, NULL, NULL),
(13066, 'Dabrowa Gornicza', NULL, 1048, NULL, NULL, NULL),
(13067, 'Gliwice', NULL, 1048, NULL, NULL, NULL),
(13068, 'Jaworzno', NULL, 1048, NULL, NULL, NULL),
(13069, 'Katowice-Bogucice', NULL, 1048, NULL, NULL, NULL),
(13070, 'Katowice-Brynw', NULL, 1048, NULL, NULL, NULL),
(13071, 'Kattowice-Nord', NULL, 1048, NULL, NULL, NULL),
(13072, 'Kattowice-West', NULL, 1048, NULL, NULL, NULL),
(13073, 'Piekary Slaskie', NULL, 1048, NULL, NULL, NULL),
(13074, 'Racibrz', NULL, 1048, NULL, NULL, NULL),
(13075, 'Rybnik', NULL, 1048, NULL, NULL, NULL),
(13076, 'Sosnowiec', NULL, 1048, NULL, NULL, NULL),
(13077, 'Tarnowskie Gry', NULL, 1048, NULL, NULL, NULL),
(13078, 'Tychy', NULL, 1048, NULL, NULL, NULL),
(13079, 'Zabrze', NULL, 1048, NULL, NULL, NULL),
(13192, 'Adamw', NULL, 1049, NULL, NULL, NULL),
(13193, 'Bilcza', NULL, 1049, NULL, NULL, NULL),
(13194, 'Busko-Zdrj', NULL, 1049, NULL, NULL, NULL),
(13195, 'Cminsk Swiate‚ek', NULL, 1049, NULL, NULL, NULL),
(13196, 'Kaziny', NULL, 1049, NULL, NULL, NULL),
(13197, 'Kraskw', NULL, 1049, NULL, NULL, NULL),
(13198, 'Ostrowiec', NULL, 1049, NULL, NULL, NULL),
(13199, 'Ostrowiec Swietokrzyski', NULL, 1049, NULL, NULL, NULL),
(13200, 'Skarzysko-Kamienna', NULL, 1049, NULL, NULL, NULL),
(13291, 'Babin', NULL, 1050, NULL, NULL, NULL),
(13292, 'Dabrowica', NULL, 1050, NULL, NULL, NULL),
(13293, 'Konin', NULL, 1050, NULL, NULL, NULL),
(13313, 'Preczw', NULL, 1051, NULL, NULL, NULL),
(13334, 'Balice', NULL, 1052, NULL, NULL, NULL),
(13335, 'Batowice', NULL, 1052, NULL, NULL, NULL),
(13336, 'Borek', NULL, 1052, NULL, NULL, NULL),
(13337, 'Borek Fa‚ecki', NULL, 1052, NULL, NULL, NULL),
(13338, 'Czechy', NULL, 1052, NULL, NULL, NULL),
(13339, 'Ibramowice', NULL, 1052, NULL, NULL, NULL),
(13340, 'Janowice', NULL, 1052, NULL, NULL, NULL),
(13341, 'Kaszw', NULL, 1052, NULL, NULL, NULL),
(13342, 'Kazimierz', NULL, 1052, NULL, NULL, NULL),
(13343, 'Konary', NULL, 1052, NULL, NULL, NULL),
(13344, 'Kozmice', NULL, 1052, NULL, NULL, NULL),
(13345, 'Krakuszowice', NULL, 1052, NULL, NULL, NULL),
(13346, 'Krowodrza', NULL, 1052, NULL, NULL, NULL),
(13347, 'Krzykwka', NULL, 1052, NULL, NULL, NULL),
(13348, 'Kunice', NULL, 1052, NULL, NULL, NULL),
(13349, 'Mi‚ocice', NULL, 1052, NULL, NULL, NULL),
(13350, 'Myslenice', NULL, 1052, NULL, NULL, NULL),
(13351, 'Nowa Huta', NULL, 1052, NULL, NULL, NULL),
(13352, 'Pieskowa Ska‚a', NULL, 1052, NULL, NULL, NULL),
(13353, 'Wawel', NULL, 1052, NULL, NULL, NULL),
(13354, 'Zbik', NULL, 1052, NULL, NULL, NULL),
(13355, 'Zielona', NULL, 1052, NULL, NULL, NULL),
(13505, 'Bromberg', NULL, 1053, NULL, NULL, NULL),
(13506, 'Bydgoszcz', NULL, 1053, NULL, NULL, NULL),
(13583, 'Jawor', NULL, 1054, NULL, NULL, NULL),
(13584, 'Lignica', NULL, 1054, NULL, NULL, NULL),
(13636, 'Gra', NULL, 1055, NULL, NULL, NULL),
(13637, 'Gostyn', NULL, 1055, NULL, NULL, NULL),
(13638, 'Leszno', NULL, 1055, NULL, NULL, NULL),
(13675, 'Aleksandrw', NULL, 1056, NULL, NULL, NULL),
(13676, 'Anielin', NULL, 1056, NULL, NULL, NULL),
(13677, 'Augustw', NULL, 1056, NULL, NULL, NULL),
(13678, 'Ba‚uty', NULL, 1056, NULL, NULL, NULL),
(13679, 'Be‚dow', NULL, 1056, NULL, NULL, NULL),
(13680, 'Be‚dowek', NULL, 1056, NULL, NULL, NULL),
(13681, 'Budy', NULL, 1056, NULL, NULL, NULL),
(13682, 'Chojny', NULL, 1056, NULL, NULL, NULL),
(13683, 'Glovno', NULL, 1056, NULL, NULL, NULL),
(13684, 'Karolew', NULL, 1056, NULL, NULL, NULL),
(13685, 'Kwilno', NULL, 1056, NULL, NULL, NULL),
(13686, 'Lublinek', NULL, 1056, NULL, NULL, NULL),
(13687, 'owicz', NULL, 1056, NULL, NULL, NULL),
(13688, 'Olechw', NULL, 1056, NULL, NULL, NULL),
(13689, 'Pabianice', NULL, 1056, NULL, NULL, NULL),
(13690, 'Piaskowice', NULL, 1056, NULL, NULL, NULL),
(13691, 'Radogoszcz', NULL, 1056, NULL, NULL, NULL),
(13692, 'Retkinia', NULL, 1056, NULL, NULL, NULL),
(13693, 'Teofilw', NULL, 1056, NULL, NULL, NULL),
(13694, 'Widzew', NULL, 1056, NULL, NULL, NULL),
(13695, 'Zgierz', NULL, 1056, NULL, NULL, NULL),
(13773, 'Litzmannstadt', NULL, 1057, NULL, NULL, NULL),
(13828, 'Andrzejki', NULL, 1058, NULL, NULL, NULL),
(13829, 'Barany', NULL, 1058, NULL, NULL, NULL),
(13830, 'Zambrw', NULL, 1058, NULL, NULL, NULL),
(13854, 'Adampol', NULL, 1059, NULL, NULL, NULL),
(13855, 'Basonia', NULL, 1059, NULL, NULL, NULL),
(13856, 'Brzeznica Bychowska', NULL, 1059, NULL, NULL, NULL),
(13857, 'Choiny', NULL, 1059, NULL, NULL, NULL),
(13858, 'Kazimierz Dolny', NULL, 1059, NULL, NULL, NULL),
(13859, 'Kock', NULL, 1059, NULL, NULL, NULL),
(13860, 'Lubartw', NULL, 1059, NULL, NULL, NULL),
(13861, 'Lubomirka', NULL, 1059, NULL, NULL, NULL),
(13862, 'Ludwikw Grny', NULL, 1059, NULL, NULL, NULL),
(13863, 'Ludwin', NULL, 1059, NULL, NULL, NULL),
(13864, 'Milejw', NULL, 1059, NULL, NULL, NULL),
(13865, 'Niemce', NULL, 1059, NULL, NULL, NULL),
(13898, 'Gruentberg', NULL, 1060, NULL, NULL, NULL),
(13899, 'Grnberg', NULL, 1060, NULL, NULL, NULL),
(13900, 'Zielona Gra', NULL, 1060, NULL, NULL, NULL),
(13926, 'Cracovia', NULL, 1061, NULL, NULL, NULL),
(13927, 'Cracovie', NULL, 1061, NULL, NULL, NULL),
(13928, 'Cracow', NULL, 1061, NULL, NULL, NULL),
(13929, 'Krakau', NULL, 1061, NULL, NULL, NULL),
(13930, 'Krakov', NULL, 1061, NULL, NULL, NULL),
(13931, 'Krakw', NULL, 1061, NULL, NULL, NULL),
(13984, 'Warszawa', NULL, 1062, NULL, NULL, NULL),
(14015, 'Sodehnen', NULL, 1063, NULL, NULL, NULL),
(14099, 'Nowy Sacz', NULL, 1064, NULL, NULL, NULL),
(14100, 'Tylicz', NULL, 1064, NULL, NULL, NULL),
(14180, 'Bartenstein', NULL, 1065, NULL, NULL, NULL),
(14181, 'Bartoszyce', NULL, 1065, NULL, NULL, NULL),
(14182, 'Dobre Miasto', NULL, 1065, NULL, NULL, NULL),
(14183, 'Ketrzyn', NULL, 1065, NULL, NULL, NULL),
(14184, 'Stary Olsztyn', NULL, 1065, NULL, NULL, NULL),
(14266, 'Brieg', NULL, 1066, NULL, NULL, NULL),
(14267, 'G‚ogowek', NULL, 1066, NULL, NULL, NULL),
(14268, 'Grabczak', NULL, 1066, NULL, NULL, NULL),
(14269, 'Kedzierzyn-Kozle', NULL, 1066, NULL, NULL, NULL),
(14270, 'Kluczbork', NULL, 1066, NULL, NULL, NULL),
(14271, 'Krapkowice', NULL, 1066, NULL, NULL, NULL),
(14272, 'Lewice', NULL, 1066, NULL, NULL, NULL),
(14273, 'Nysa', NULL, 1066, NULL, NULL, NULL),
(14274, 'Opole-Szczepanowice', NULL, 1066, NULL, NULL, NULL),
(14275, 'Polkowice', NULL, 1066, NULL, NULL, NULL),
(14334, 'Ma‚kinia Gorna', NULL, 1067, NULL, NULL, NULL),
(14335, 'Przasnysz', NULL, 1067, NULL, NULL, NULL),
(14364, 'Trzcianka', NULL, 1068, NULL, NULL, NULL),
(14399, 'Piotrkw Trybunalski', NULL, 1069, NULL, NULL, NULL),
(14400, 'Sulejw', NULL, 1069, NULL, NULL, NULL),
(14401, 'Tomaszw Mazowiecki', NULL, 1069, NULL, NULL, NULL),
(14437, 'P‚ock', NULL, 1070, NULL, NULL, NULL),
(14438, 'Plotsk', NULL, 1070, NULL, NULL, NULL),
(14472, 'Reichshof', NULL, 1071, NULL, NULL, NULL),
(14473, 'Rzeszw', NULL, 1071, NULL, NULL, NULL),
(14474, 'Zheshev', NULL, 1071, NULL, NULL, NULL),
(14475, 'Zheshuv', NULL, 1071, NULL, NULL, NULL),
(14509, 'Danzig', NULL, 1072, NULL, NULL, NULL),
(14510, 'Gdansk', NULL, 1072, NULL, NULL, NULL),
(14544, 'Annopole', NULL, 1073, NULL, NULL, NULL),
(14545, 'Dabrowka Lesna', NULL, 1073, NULL, NULL, NULL),
(14546, 'Gniezno', NULL, 1073, NULL, NULL, NULL),
(14547, 'Oborniki', NULL, 1073, NULL, NULL, NULL),
(14548, 'Stare Miasto', NULL, 1073, NULL, NULL, NULL),
(14549, 'Strzeszyn', NULL, 1073, NULL, NULL, NULL),
(14550, 'Zielona Gra', NULL, 1073, NULL, NULL, NULL),
(14738, 'Grki', NULL, 1074, NULL, NULL, NULL),
(14739, 'Jaroslau', NULL, 1074, NULL, NULL, NULL),
(14740, 'Przemysl', NULL, 1074, NULL, NULL, NULL),
(14759, 'Radom', NULL, 1075, NULL, NULL, NULL),
(14931, 'Baranwka', NULL, 1076, NULL, NULL, NULL),
(14932, 'Kielnarowa', NULL, 1076, NULL, NULL, NULL),
(14933, 'Kolbuszowa', NULL, 1076, NULL, NULL, NULL),
(14934, 'Mielec', NULL, 1076, NULL, NULL, NULL),
(14935, 'Ropczyce', NULL, 1076, NULL, NULL, NULL),
(14936, 'Sieklwka', NULL, 1076, NULL, NULL, NULL),
(14937, 'Tyczyn', NULL, 1076, NULL, NULL, NULL),
(14989, 'Siedlce', NULL, 1077, NULL, NULL, NULL),
(14990, 'Zembrw', NULL, 1077, NULL, NULL, NULL),
(15007, 'Seradz', NULL, 1078, NULL, NULL, NULL),
(15008, 'Sieradz', NULL, 1078, NULL, NULL, NULL),
(15009, 'Zdunska Wola', NULL, 1078, NULL, NULL, NULL),
(15070, 'Skieniewice', NULL, 1079, NULL, NULL, NULL),
(15071, 'Sochaczew', NULL, 1079, NULL, NULL, NULL),
(15092, 'Katowice', NULL, 1080, NULL, NULL, NULL),
(15093, 'Kattowitz', NULL, 1080, NULL, NULL, NULL),
(15094, 'Stalinogorod', NULL, 1080, NULL, NULL, NULL),
(15128, 'Dobra', NULL, 1081, NULL, NULL, NULL),
(15129, 'S‚upsk', NULL, 1081, NULL, NULL, NULL),
(15130, 'Stolp in Pommern', NULL, 1081, NULL, NULL, NULL),
(15227, 'Augustw', NULL, 1082, NULL, NULL, NULL),
(15228, 'Suvalkai', NULL, 1082, NULL, NULL, NULL),
(15229, 'Suvalki', NULL, 1082, NULL, NULL, NULL),
(15230, 'Wygryny', NULL, 1082, NULL, NULL, NULL),
(15248, 'Kielce', NULL, 1083, NULL, NULL, NULL),
(15257, 'Sandomierz', NULL, 1084, NULL, NULL, NULL),
(15258, 'Stalowa Wola', NULL, 1084, NULL, NULL, NULL),
(15259, 'Tarnobrzeg', NULL, 1084, NULL, NULL, NULL),
(15275, 'Brzesko', NULL, 1085, NULL, NULL, NULL),
(15276, 'Debica', NULL, 1085, NULL, NULL, NULL),
(15277, 'Tarnw', NULL, 1085, NULL, NULL, NULL),
(15295, 'Grudziadz', NULL, 1086, NULL, NULL, NULL),
(15296, 'Torun', NULL, 1086, NULL, NULL, NULL),
(15297, 'Wabrzezno', NULL, 1086, NULL, NULL, NULL),
(15319, 'Szczawno-Zdrj', NULL, 1087, NULL, NULL, NULL),
(15391, 'Olsztyn', NULL, 1088, NULL, NULL, NULL),
(15440, 'Anin', NULL, 1089, NULL, NULL, NULL),
(15441, 'Bielany', NULL, 1089, NULL, NULL, NULL),
(15442, 'Bieliny', NULL, 1089, NULL, NULL, NULL),
(15443, 'Dziekanow Lesny', NULL, 1089, NULL, NULL, NULL),
(15444, 'Janczewice', NULL, 1089, NULL, NULL, NULL),
(15445, 'Jankw Nowy', NULL, 1089, NULL, NULL, NULL),
(15446, 'Legionowo', NULL, 1089, NULL, NULL, NULL),
(15447, 'Ostrw', NULL, 1089, NULL, NULL, NULL),
(15448, 'Ozarow Mazowiecki', NULL, 1089, NULL, NULL, NULL),
(15449, 'Praga', NULL, 1089, NULL, NULL, NULL),
(15450, 'Pruszkw', NULL, 1089, NULL, NULL, NULL),
(15451, 'Radzymin', NULL, 1089, NULL, NULL, NULL),
(15452, 'Varsavia', NULL, 1089, NULL, NULL, NULL),
(15453, 'Varshava', NULL, 1089, NULL, NULL, NULL),
(15454, 'Varsovie', NULL, 1089, NULL, NULL, NULL),
(15455, 'Warsaw', NULL, 1089, NULL, NULL, NULL),
(15456, 'Warschau', NULL, 1089, NULL, NULL, NULL),
(15457, 'Warszawa', NULL, 1089, NULL, NULL, NULL),
(15458, 'Warszwka', NULL, 1089, NULL, NULL, NULL),
(15459, 'Wawer', NULL, 1089, NULL, NULL, NULL),
(15460, 'Wawrzyszew Nowy', NULL, 1089, NULL, NULL, NULL),
(15461, 'Wolominek', NULL, 1089, NULL, NULL, NULL),
(15462, 'Zielona', NULL, 1089, NULL, NULL, NULL),
(15463, 'Zoliborz', NULL, 1089, NULL, NULL, NULL),
(15485, 'Posen', NULL, 1090, NULL, NULL, NULL),
(15486, 'Poznan', NULL, 1090, NULL, NULL, NULL),
(15541, 'Rypin', NULL, 1091, NULL, NULL, NULL),
(15542, 'W‚oc‚awek', NULL, 1091, NULL, NULL, NULL),
(15677, 'Baki', NULL, 1092, NULL, NULL, NULL),
(15678, 'Brzykw', NULL, 1092, NULL, NULL, NULL),
(15679, 'Bukownica', NULL, 1092, NULL, NULL, NULL),
(15680, 'Krzyki', NULL, 1092, NULL, NULL, NULL),
(15681, 'Olesnica', NULL, 1092, NULL, NULL, NULL),
(15682, 'Srodmiescie', NULL, 1092, NULL, NULL, NULL),
(15683, 'Swidnica Polska', NULL, 1092, NULL, NULL, NULL),
(15684, 'Wo‚ow', NULL, 1092, NULL, NULL, NULL),
(15685, 'Wroc‚aw Bartoszewice', NULL, 1092, NULL, NULL, NULL),
(15686, 'Wroc‚aw Pracze', NULL, 1092, NULL, NULL, NULL),
(15687, 'Wroc‚aw Strachowice', NULL, 1092, NULL, NULL, NULL),
(15688, 'Wroc‚aw-Gadow Ma‚y', NULL, 1092, NULL, NULL, NULL),
(15689, 'Wroc‚aw-Kar‚owice', NULL, 1092, NULL, NULL, NULL),
(15690, 'Wroc‚aw-Osobowice', NULL, 1092, NULL, NULL, NULL),
(15691, 'Wroc‚aw-Psie Pole', NULL, 1092, NULL, NULL, NULL),
(15816, 'Abtei', NULL, 1093, NULL, NULL, NULL),
(15817, 'Bia‚ogard', NULL, 1093, NULL, NULL, NULL),
(15818, 'Borne', NULL, 1093, NULL, NULL, NULL),
(15819, 'Kalisz Pomorski', NULL, 1093, NULL, NULL, NULL),
(15820, 'Ko‚obrzeg', NULL, 1093, NULL, NULL, NULL),
(15821, 'Kolberg', NULL, 1093, NULL, NULL, NULL),
(15822, 'Koszalin', NULL, 1093, NULL, NULL, NULL),
(15823, 'Plate', NULL, 1093, NULL, NULL, NULL),
(15824, 'S‚ajsino', NULL, 1093, NULL, NULL, NULL),
(15825, 'Stargard Szczecinski', NULL, 1093, NULL, NULL, NULL),
(15826, 'Stettin', NULL, 1093, NULL, NULL, NULL),
(15827, 'Swinioujscie', NULL, 1093, NULL, NULL, NULL),
(15828, 'Swinoujscie', NULL, 1093, NULL, NULL, NULL),
(15829, 'Szczecin', NULL, 1093, NULL, NULL, NULL),
(15830, 'Szczecin Gumience', NULL, 1093, NULL, NULL, NULL),
(15831, 'Szczecinek', NULL, 1093, NULL, NULL, NULL),
(15832, 'Trzebiatw', NULL, 1093, NULL, NULL, NULL),
(15842, 'Dub', NULL, 1094, NULL, NULL, NULL),
(15843, 'Tomaszw Lubelski', NULL, 1094, NULL, NULL, NULL),
(15844, 'Zamosc', NULL, 1094, NULL, NULL, NULL),
(15867, 'Gubin', NULL, 1095, NULL, NULL, NULL),
(15868, 'Krosno Odrzanskie', NULL, 1095, NULL, NULL, NULL),
(15869, 'Sulechw', NULL, 1095, NULL, NULL, NULL),
(15870, 'Zagan', NULL, 1095, NULL, NULL, NULL),
(15871, 'Zary', NULL, 1095, NULL, NULL, NULL);