-- phpMyAdmin SQL Dump
-- version 4.7.4
-- https://www.phpmyadmin.net/
--
-- Host: 127.0.0.1
-- Generation Time: Jun 01, 2019 at 09:56 AM
-- Server version: 8.0.16
-- PHP Version: 7.2.0

SET SQL_MODE = "NO_AUTO_VALUE_ON_ZERO";
SET AUTOCOMMIT = 0;
START TRANSACTION;
SET time_zone = "+00:00";


/*!40101 SET @OLD_CHARACTER_SET_CLIENT=@@CHARACTER_SET_CLIENT */;
/*!40101 SET @OLD_CHARACTER_SET_RESULTS=@@CHARACTER_SET_RESULTS */;
/*!40101 SET @OLD_COLLATION_CONNECTION=@@COLLATION_CONNECTION */;
/*!40101 SET NAMES utf8mb4 */;





INSERT INTO `countries` (`id`, `name`, `translation`) VALUES
(1, 'Россия', '{\"ru\": \"Россия\"}'),
(2, 'Польша', '{\"ru\": \"Польша\"}');





INSERT INTO `regions` (`id`, `name`, `translation`, `country_id`, `created_at`, `updated_at`, `deleted_at`) VALUES
(1, 'Санкт-Петербург и область', '{\"ru\": \"Санкт-Петербург и область\"}', 1, NULL, '2019-06-01 06:36:11', NULL),
(2, 'Адыгея', '{\"ru\": \"Адыгея\"}', 1, NULL, '2019-06-01 06:36:12', NULL),
(3, 'Алтайский край', '{\"ru\": \"Алтайский край\"}', 1, NULL, '2019-06-01 06:36:12', NULL),
(4, 'Амурская обл.', '{\"ru\": \"Амурская обл.\"}', 1, NULL, '2019-06-01 06:36:12', NULL),
(5, 'Архангельская обл.', '{\"ru\": \"Архангельская обл.\"}', 1, NULL, '2019-06-01 06:36:12', NULL),
(6, 'Астраханская обл.', '{\"ru\": \"Астраханская обл.\"}', 1, NULL, '2019-06-01 06:36:13', NULL),
(7, 'Башкортостан(Башкирия)', '{\"ru\": \"Башкортостан(Башкирия)\"}', 1, NULL, '2019-06-01 06:36:13', NULL),
(8, 'Белгородская обл.', '{\"ru\": \"Белгородская обл.\"}', 1, NULL, '2019-06-01 06:36:13', NULL),
(9, 'Брянская обл.', '{\"ru\": \"Брянская обл.\"}', 1, NULL, '2019-06-01 06:36:13', NULL),
(10, 'Бурятия', '{\"ru\": \"Бурятия\"}', 1, NULL, '2019-06-01 06:36:13', NULL),
(11, 'Владимирская обл.', '{\"ru\": \"Владимирская обл.\"}', 1, NULL, '2019-06-01 06:36:14', NULL),
(12, 'Волгоградская обл.', '{\"ru\": \"Волгоградская обл.\"}', 1, NULL, '2019-06-01 06:36:14', NULL),
(13, 'Вологодская обл.', '{\"ru\": \"Вологодская обл.\"}', 1, NULL, '2019-06-01 06:36:14', NULL),
(14, 'Воронежская обл.', '{\"ru\": \"Воронежская обл.\"}', 1, NULL, '2019-06-01 06:36:14', NULL),
(15, 'Дагестан', '{\"ru\": \"Дагестан\"}', 1, NULL, '2019-06-01 06:36:14', NULL),
(16, 'Еврейская обл.', '{\"ru\": \"Еврейская обл.\"}', 1, NULL, '2019-06-01 06:36:15', NULL),
(17, 'Ивановская обл.', '{\"ru\": \"Ивановская обл.\"}', 1, NULL, '2019-06-01 06:36:15', NULL),
(18, 'Иркутская обл.', '{\"ru\": \"Иркутская обл.\"}', 1, NULL, '2019-06-01 06:36:15', NULL),
(19, 'Кабардино-Балкария', '{\"ru\": \"Кабардино-Балкария\"}', 1, NULL, '2019-06-01 06:36:15', NULL),
(20, 'Калининградская обл.', '{\"ru\": \"Калининградская обл.\"}', 1, NULL, '2019-06-01 06:36:16', NULL),
(21, 'Калмыкия', '{\"ru\": \"Калмыкия\"}', 1, NULL, '2019-06-01 06:36:16', NULL),
(22, 'Калужская обл.', '{\"ru\": \"Калужская обл.\"}', 1, NULL, '2019-06-01 06:36:16', NULL),
(23, 'Камчатская обл.', '{\"ru\": \"Камчатская обл.\"}', 1, NULL, '2019-06-01 06:36:16', NULL),
(24, 'Карелия', '{\"ru\": \"Карелия\"}', 1, NULL, '2019-06-01 06:36:17', NULL),
(25, 'Кемеровская обл.', '{\"ru\": \"Кемеровская обл.\"}', 1, NULL, '2019-06-01 06:36:17', NULL),
(26, 'Кировская обл.', '{\"ru\": \"Кировская обл.\"}', 1, NULL, '2019-06-01 06:36:17', NULL),
(27, 'Коми', '{\"ru\": \"Коми\"}', 1, NULL, '2019-06-01 06:36:17', NULL),
(28, 'Костромская обл.', '{\"ru\": \"Костромская обл.\"}', 1, NULL, '2019-06-01 06:36:18', NULL),
(29, 'Краснодарский край', '{\"ru\": \"Краснодарский край\"}', 1, NULL, '2019-06-01 06:36:18', NULL),
(30, 'Красноярский край', '{\"ru\": \"Красноярский край\"}', 1, NULL, '2019-06-01 06:36:18', NULL),
(31, 'Курганская обл.', '{\"ru\": \"Курганская обл.\"}', 1, NULL, '2019-06-01 06:36:18', NULL),
(32, 'Курская обл.', '{\"ru\": \"Курская обл.\"}', 1, NULL, '2019-06-01 06:36:19', NULL),
(33, 'Липецкая обл.', '{\"ru\": \"Липецкая обл.\"}', 1, NULL, '2019-06-01 06:36:19', NULL),
(34, 'Магаданская обл.', '{\"ru\": \"Магаданская обл.\"}', 1, NULL, '2019-06-01 06:36:19', NULL),
(35, 'Марий Эл', '{\"ru\": \"Марий Эл\"}', 1, NULL, '2019-06-01 06:36:20', NULL),
(36, 'Мордовия', '{\"ru\": \"Мордовия\"}', 1, NULL, '2019-06-01 06:36:20', NULL),
(37, 'Мурманская обл.', '{\"ru\": \"Мурманская обл.\"}', 1, NULL, '2019-06-01 06:36:20', NULL),
(38, 'Нижегородская (Горьковская)', '{\"ru\": \"Нижегородская (Горьковская)\"}', 1, NULL, '2019-06-01 06:36:21', NULL),
(39, 'Новгородская обл.', '{\"ru\": \"Новгородская обл.\"}', 1, NULL, '2019-06-01 06:36:22', NULL),
(40, 'Новосибирская обл.', '{\"ru\": \"Новосибирская обл.\"}', 1, NULL, '2019-06-01 06:36:22', NULL),
(41, 'Омская обл.', '{\"ru\": \"Омская обл.\"}', 1, NULL, '2019-06-01 06:36:22', NULL),
(42, 'Оренбургская обл.', '{\"ru\": \"Оренбургская обл.\"}', 1, NULL, '2019-06-01 06:36:23', NULL),
(43, 'Орловская обл.', '{\"ru\": \"Орловская обл.\"}', 1, NULL, '2019-06-01 06:36:23', NULL),
(44, 'Пензенская обл.', '{\"ru\": \"Пензенская обл.\"}', 1, NULL, '2019-06-01 06:36:49', NULL),
(45, 'Пермский край', '{\"ru\": \"Пермский край\"}', 1, NULL, '2019-06-01 06:36:51', NULL),
(46, 'Приморский край', '{\"ru\": \"Приморский край\"}', 1, NULL, '2019-06-01 06:36:52', NULL),
(47, 'Псковская обл.', '{\"ru\": \"Псковская обл.\"}', 1, NULL, '2019-06-01 06:36:53', NULL),
(48, 'Ростовская обл.', '{\"ru\": \"Ростовская обл.\"}', 1, NULL, '2019-06-01 06:36:54', NULL),
(49, 'Рязанская обл.', '{\"ru\": \"Рязанская обл.\"}', 1, NULL, '2019-06-01 06:36:54', NULL),
(50, 'Самарская обл.', '{\"ru\": \"Самарская обл.\"}', 1, NULL, '2019-06-01 06:36:55', NULL),
(51, 'Саратовская обл.', '{\"ru\": \"Саратовская обл.\"}', 1, NULL, '2019-06-01 06:36:56', NULL),
(52, 'Саха (Якутия)', '{\"ru\": \"Саха (Якутия)\"}', 1, NULL, '2019-06-01 06:36:58', NULL),
(53, 'Сахалин', '{\"ru\": \"Сахалин\"}', 1, NULL, '2019-06-01 06:36:59', NULL),
(54, 'Свердловская обл.', '{\"ru\": \"Свердловская обл.\"}', 1, NULL, '2019-06-01 06:37:01', NULL),
(55, 'Северная Осетия', '{\"ru\": \"Северная Осетия\"}', 1, NULL, '2019-06-01 06:37:02', NULL),
(56, 'Смоленская обл.', '{\"ru\": \"Смоленская обл.\"}', 1, NULL, '2019-06-01 06:37:03', NULL),
(57, 'Ставропольский край', '{\"ru\": \"Ставропольский край\"}', 1, NULL, '2019-06-01 06:37:04', NULL),
(58, 'Тамбовская обл.', '{\"ru\": \"Тамбовская обл.\"}', 1, NULL, '2019-06-01 06:37:05', NULL),
(59, 'Татарстан', '{\"ru\": \"Татарстан\"}', 1, NULL, '2019-06-01 06:37:06', NULL),
(60, 'Тверская обл.', '{\"ru\": \"Тверская обл.\"}', 1, NULL, '2019-06-01 06:37:07', NULL),
(61, 'Томская обл.', '{\"ru\": \"Томская обл.\"}', 1, NULL, '2019-06-01 06:37:07', NULL),
(62, 'Тува (Тувинская Респ.)', '{\"ru\": \"Тува (Тувинская Респ.)\"}', 1, NULL, '2019-06-01 06:37:07', NULL),
(63, 'Тульская обл.', '{\"ru\": \"Тульская обл.\"}', 1, NULL, '2019-06-01 06:37:08', NULL),
(64, 'Тюменская обл. и Ханты-Мансийский АО', '{\"ru\": \"Тюменская обл. и Ханты-Мансийский АО\"}', 1, NULL, '2019-06-01 06:37:08', NULL),
(65, 'Удмуртия', '{\"ru\": \"Удмуртия\"}', 1, NULL, '2019-06-01 06:37:09', NULL),
(66, 'Ульяновская обл.', '{\"ru\": \"Ульяновская обл.\"}', 1, NULL, '2019-06-01 06:37:09', NULL),
(67, 'Уральская обл.', '{\"ru\": \"Уральская обл.\"}', 1, NULL, '2019-06-01 06:37:09', NULL),
(68, 'Хабаровский край', '{\"ru\": \"Хабаровский край\"}', 1, NULL, '2019-06-01 06:37:10', NULL),
(69, 'Хакасия', '{\"ru\": \"Хакасия\"}', 1, NULL, '2019-06-01 06:37:11', NULL),
(70, 'Челябинская обл.', '{\"ru\": \"Челябинская обл.\"}', 1, NULL, '2019-06-01 06:37:11', NULL),
(71, 'Чечено-Ингушетия', '{\"ru\": \"Чечено-Ингушетия\"}', 1, NULL, '2019-06-01 06:37:12', NULL),
(72, 'Читинская обл.', '{\"ru\": \"Читинская обл.\"}', 1, NULL, '2019-06-01 06:37:12', NULL),
(73, 'Чувашия', '{\"ru\": \"Чувашия\"}', 1, NULL, '2019-06-01 06:37:12', NULL),
(74, 'Чукотский АО', '{\"ru\": \"Чукотский АО\"}', 1, NULL, '2019-06-01 06:37:13', NULL),
(75, 'Ямало-Ненецкий АО', '{\"ru\": \"Ямало-Ненецкий АО\"}', 1, NULL, '2019-06-01 06:37:13', NULL),
(76, 'Ярославская обл.', '{\"ru\": \"Ярославская обл.\"}', 1, NULL, '2019-06-01 06:37:13', NULL),
(77, 'Карачаево-Черкесская Республика', '{\"ru\": \"Карачаево-Черкесская Республика\"}', 1, NULL, '2019-06-01 06:37:14', NULL),
(88, 'Крым АР.', '{\"ru\": \"Крым АР.\"}', 1, NULL, '2019-06-01 06:37:14', NULL),
(1096, 'Москва и Московская обл.', '{\"ru\": \"Москва и Московская обл.\"}', 1, NULL, '2019-06-01 06:37:14', NULL),
(1097, 'Śląskie', '{\"ru\": \"Śląskie\"}', 2, '2019-06-01 06:27:59', '2019-06-01 06:37:14', NULL),
(1098, 'Mazowieckie', '{\"ru\": \"Mazowieckie\"}', 2, '2019-06-01 06:27:59', '2019-06-01 06:37:15', NULL),
(1099, 'Łódzkie', '{\"ru\": \"Łódzkie\"}', 2, '2019-06-01 06:28:00', '2019-06-01 06:37:15', NULL),
(1100, 'Małopolskie', '{\"ru\": \"Małopolskie\"}', 2, '2019-06-01 06:28:00', '2019-06-01 06:37:15', NULL),
(1101, 'Pomorskie', '{\"ru\": \"Pomorskie\"}', 2, '2019-06-01 06:28:00', '2019-06-01 06:37:16', NULL),
(1102, 'Dolnośląskie', '{\"ru\": \"Dolnośląskie\"}', 2, '2019-06-01 06:28:00', '2019-06-01 06:37:16', NULL),
(1103, 'Wielkopolskie', '{\"ru\": \"Wielkopolskie\"}', 2, '2019-06-01 06:28:00', '2019-06-01 06:37:16', NULL),
(1104, 'Zachodniopomorskie', '{\"ru\": \"Zachodniopomorskie\"}', 2, '2019-06-01 06:28:01', '2019-06-01 06:37:16', NULL),
(1105, 'Kujawsko-Pomorskie', '{\"ru\": \"Kujawsko-Pomorskie\"}', 2, '2019-06-01 06:28:01', '2019-06-01 06:37:17', NULL),
(1106, 'Lubelskie', '{\"ru\": \"Lubelskie\"}', 2, '2019-06-01 06:28:01', '2019-06-01 06:37:17', NULL),
(1107, 'Podlaskie', '{\"ru\": \"Podlaskie\"}', 2, '2019-06-01 06:28:01', '2019-06-01 06:37:17', NULL),
(1108, 'Podkarpackie', '{\"ru\": \"Podkarpackie\"}', 2, '2019-06-01 06:28:01', '2019-06-01 06:37:18', NULL),
(1109, 'Świętokrzyskie', '{\"ru\": \"Świętokrzyskie\"}', 2, '2019-06-01 06:28:01', '2019-06-01 06:37:18', NULL),
(1110, 'Warmińsko-Mazurskie', '{\"ru\": \"Warmińsko-Mazurskie\"}', 2, '2019-06-01 06:28:02', '2019-06-01 06:37:18', NULL),
(1111, 'Opolskie', '{\"ru\": \"Opolskie\"}', 2, '2019-06-01 06:28:02', '2019-06-01 06:37:18', NULL),
(1112, 'Lubuskie', '{\"ru\": \"Lubuskie\"}', 2, '2019-06-01 06:28:02', '2019-06-01 06:37:19', NULL);



INSERT INTO `cities` (`id`, `name`, `translation`, `region_id`) VALUES
(1, 'Москва', '{\"ru\": \"Москва\"}', 1096),
(2, 'Абрамцево', '{\"ru\": \"Абрамцево\"}', 1096),
(3, 'Алабино', '{\"ru\": \"Алабино\"}', 1096),
(4, 'Апрелевка', '{\"ru\": \"Апрелевка\"}', 1096),
(5, 'Архангельское', '{\"ru\": \"Архангельское\"}', 1096),
(6, 'Ашитково', '{\"ru\": \"Ашитково\"}', 1096),
(7, 'Байконур', '{\"ru\": \"Байконур\"}', 1096),
(8, 'Бакшеево', '{\"ru\": \"Бакшеево\"}', 1096),
(9, 'Балашиха', '{\"ru\": \"Балашиха\"}', 1096),
(10, 'Барыбино', '{\"ru\": \"Барыбино\"}', 1096),
(11, 'Белозёрский', '{\"ru\": \"Белозёрский\"}', 1096),
(12, 'Белоомут', '{\"ru\": \"Белоомут\"}', 1096),
(13, 'Белые Столбы', '{\"ru\": \"Белые Столбы\"}', 1096),
(14, 'Бородино (Московская обл.)', '{\"ru\": \"Бородино (Московская обл.)\"}', 1096),
(15, 'Бронницы', '{\"ru\": \"Бронницы\"}', 1096),
(16, 'Быково (Московская обл.)', '{\"ru\": \"Быково (Московская обл.)\"}', 1096),
(17, 'Валуево', '{\"ru\": \"Валуево\"}', 1096),
(18, 'Вербилки', '{\"ru\": \"Вербилки\"}', 1096),
(19, 'Верея', '{\"ru\": \"Верея\"}', 1096),
(20, 'Видное', '{\"ru\": \"Видное\"}', 1096),
(21, 'Внуково', '{\"ru\": \"Внуково\"}', 1096),
(22, 'Вождь Пролетариата', '{\"ru\": \"Вождь Пролетариата\"}', 1096),
(23, 'Волоколамск', '{\"ru\": \"Волоколамск\"}', 1096),
(24, 'Вороново', '{\"ru\": \"Вороново\"}', 1096),
(25, 'Воскресенск', '{\"ru\": \"Воскресенск\"}', 1096),
(26, 'Восточный', '{\"ru\": \"Восточный\"}', 1096),
(27, 'Востряково', '{\"ru\": \"Востряково\"}', 1096),
(28, 'Высоковск', '{\"ru\": \"Высоковск\"}', 1096),
(29, 'Голицыно (Московская обл.)', '{\"ru\": \"Голицыно (Московская обл.)\"}', 1096),
(30, 'Деденево', '{\"ru\": \"Деденево\"}', 1096),
(31, 'Дедовск', '{\"ru\": \"Дедовск\"}', 1096),
(32, 'Дзержинский', '{\"ru\": \"Дзержинский\"}', 1096),
(33, 'Дмитров', '{\"ru\": \"Дмитров\"}', 1096),
(34, 'Долгопрудный', '{\"ru\": \"Долгопрудный\"}', 1096),
(35, 'Домодедово', '{\"ru\": \"Домодедово\"}', 1096),
(36, 'Дорохово', '{\"ru\": \"Дорохово\"}', 1096),
(37, 'Дрезна', '{\"ru\": \"Дрезна\"}', 1096),
(38, 'Дубки', '{\"ru\": \"Дубки\"}', 1096),
(39, 'Дубна', '{\"ru\": \"Дубна\"}', 1096),
(40, 'Егорьевск', '{\"ru\": \"Егорьевск\"}', 1096),
(41, 'Железнодорожный (Московск.)', '{\"ru\": \"Железнодорожный (Московск.)\"}', 1096),
(42, 'Жилево', '{\"ru\": \"Жилево\"}', 1096),
(43, 'Жуковка', '{\"ru\": \"Жуковка\"}', 1096),
(44, 'Жуковский', '{\"ru\": \"Жуковский\"}', 1096),
(45, 'Загорск', '{\"ru\": \"Загорск\"}', 1096),
(46, 'Загорянский', '{\"ru\": \"Загорянский\"}', 1096),
(47, 'Запрудная', '{\"ru\": \"Запрудная\"}', 1096),
(48, 'Зарайск', '{\"ru\": \"Зарайск\"}', 1096),
(49, 'Звенигород', '{\"ru\": \"Звенигород\"}', 1096),
(50, 'Зеленоград', '{\"ru\": \"Зеленоград\"}', 1096),
(51, 'Ивантеевка (Московская обл.)', '{\"ru\": \"Ивантеевка (Московская обл.)\"}', 1096),
(52, 'Икша', '{\"ru\": \"Икша\"}', 1096),
(53, 'Ильинский (Московская обл.)', '{\"ru\": \"Ильинский (Московская обл.)\"}', 1096),
(54, 'Истра', '{\"ru\": \"Истра\"}', 1096),
(55, 'Калининец', '{\"ru\": \"Калининец\"}', 1096),
(56, 'Кашира', '{\"ru\": \"Кашира\"}', 1096),
(57, 'Керва', '{\"ru\": \"Керва\"}', 1096),
(58, 'Климовск', '{\"ru\": \"Климовск\"}', 1096),
(59, 'Клин', '{\"ru\": \"Клин\"}', 1096),
(60, 'Клязьма', '{\"ru\": \"Клязьма\"}', 1096),
(61, 'Кожино', '{\"ru\": \"Кожино\"}', 1096),
(62, 'Кокошкино', '{\"ru\": \"Кокошкино\"}', 1096),
(63, 'Коломна', '{\"ru\": \"Коломна\"}', 1096),
(64, 'Колюбакино', '{\"ru\": \"Колюбакино\"}', 1096),
(65, 'Королев', '{\"ru\": \"Королев\"}', 1096),
(66, 'Косино', '{\"ru\": \"Косино\"}', 1096),
(67, 'Котельники', '{\"ru\": \"Котельники\"}', 1096),
(68, 'Красково', '{\"ru\": \"Красково\"}', 1096),
(69, 'Красноармейск (Московская обл.)', '{\"ru\": \"Красноармейск (Московская обл.)\"}', 1096),
(70, 'Красногорск', '{\"ru\": \"Красногорск\"}', 1096),
(71, 'Краснозаводск', '{\"ru\": \"Краснозаводск\"}', 1096),
(72, 'Краснознаменск (Московская обл.)', '{\"ru\": \"Краснознаменск (Московская обл.)\"}', 1096),
(73, 'Красный Ткач', '{\"ru\": \"Красный Ткач\"}', 1096),
(74, 'Крюково', '{\"ru\": \"Крюково\"}', 1096),
(75, 'Кубинка', '{\"ru\": \"Кубинка\"}', 1096),
(76, 'Купавна', '{\"ru\": \"Купавна\"}', 1096),
(77, 'Куровское', '{\"ru\": \"Куровское\"}', 1096),
(78, 'Лесной Городок', '{\"ru\": \"Лесной Городок\"}', 1096),
(79, 'Ликино-Дулево', '{\"ru\": \"Ликино-Дулево\"}', 1096),
(80, 'Лобня', '{\"ru\": \"Лобня\"}', 1096),
(81, 'Лопатинский', '{\"ru\": \"Лопатинский\"}', 1096),
(82, 'Лосино-Петровский', '{\"ru\": \"Лосино-Петровский\"}', 1096),
(83, 'Лотошино', '{\"ru\": \"Лотошино\"}', 1096),
(84, 'Лукино', '{\"ru\": \"Лукино\"}', 1096),
(85, 'Луховицы', '{\"ru\": \"Луховицы\"}', 1096),
(86, 'Лыткарино', '{\"ru\": \"Лыткарино\"}', 1096),
(87, 'Львовский', '{\"ru\": \"Львовский\"}', 1096),
(88, 'Люберцы', '{\"ru\": \"Люберцы\"}', 1096),
(89, 'Малаховка', '{\"ru\": \"Малаховка\"}', 1096),
(90, 'Михайловское', '{\"ru\": \"Михайловское\"}', 1096),
(91, 'Михнево', '{\"ru\": \"Михнево\"}', 1096),
(92, 'Можайск', '{\"ru\": \"Можайск\"}', 1096),
(93, 'Монино', '{\"ru\": \"Монино\"}', 1096),
(94, 'Московский', '{\"ru\": \"Московский\"}', 1096),
(95, 'Муханово', '{\"ru\": \"Муханово\"}', 1096),
(96, 'Мытищи', '{\"ru\": \"Мытищи\"}', 1096),
(97, 'Нарофоминск', '{\"ru\": \"Нарофоминск\"}', 1096),
(98, 'Нахабино', '{\"ru\": \"Нахабино\"}', 1096),
(99, 'Некрасовка', '{\"ru\": \"Некрасовка\"}', 1096),
(100, 'Немчиновка', '{\"ru\": \"Немчиновка\"}', 1096),
(101, 'Новобратцевский', '{\"ru\": \"Новобратцевский\"}', 1096),
(102, 'Новоподрезково', '{\"ru\": \"Новоподрезково\"}', 1096),
(103, 'Ногинск', '{\"ru\": \"Ногинск\"}', 1096),
(104, 'Обухово', '{\"ru\": \"Обухово\"}', 1096),
(105, 'Одинцово', '{\"ru\": \"Одинцово\"}', 1096),
(106, 'Ожерелье', '{\"ru\": \"Ожерелье\"}', 1096),
(107, 'Озеры', '{\"ru\": \"Озеры\"}', 1096),
(108, 'Октябрьский (Московская обл.)', '{\"ru\": \"Октябрьский (Московская обл.)\"}', 1096),
(109, 'Опалиха', '{\"ru\": \"Опалиха\"}', 1096),
(110, 'Орехово-Зуево', '{\"ru\": \"Орехово-Зуево\"}', 1096),
(111, 'Павловский Посад', '{\"ru\": \"Павловский Посад\"}', 1096),
(112, 'Первомайский (Московская обл.)', '{\"ru\": \"Первомайский (Московская обл.)\"}', 1096),
(113, 'Пески (Московская обл.)', '{\"ru\": \"Пески (Московская обл.)\"}', 1096),
(114, 'Пироговский', '{\"ru\": \"Пироговский\"}', 1096),
(115, 'Подольск', '{\"ru\": \"Подольск\"}', 1096),
(116, 'Полушкино', '{\"ru\": \"Полушкино\"}', 1096),
(117, 'Правдинский', '{\"ru\": \"Правдинский\"}', 1096),
(118, 'Привокзальный', '{\"ru\": \"Привокзальный\"}', 1096),
(119, 'Пролетарский', '{\"ru\": \"Пролетарский\"}', 1096),
(120, 'Протвино (Московская обл.)', '{\"ru\": \"Протвино (Московская обл.)\"}', 1096),
(121, 'Пушкино', '{\"ru\": \"Пушкино\"}', 1096),
(122, 'Пущино', '{\"ru\": \"Пущино\"}', 1096),
(123, 'Раменское', '{\"ru\": \"Раменское\"}', 1096),
(124, 'Реутов', '{\"ru\": \"Реутов\"}', 1096),
(125, 'Решетниково', '{\"ru\": \"Решетниково\"}', 1096),
(126, 'Родники (Московская обл.)', '{\"ru\": \"Родники (Московская обл.)\"}', 1096),
(127, 'Рошаль', '{\"ru\": \"Рошаль\"}', 1096),
(128, 'Рублево', '{\"ru\": \"Рублево\"}', 1096),
(129, 'Руза', '{\"ru\": \"Руза\"}', 1096),
(130, 'Салтыковка', '{\"ru\": \"Салтыковка\"}', 1096),
(131, 'Северный', '{\"ru\": \"Северный\"}', 1096),
(132, 'Сергиев Посад', '{\"ru\": \"Сергиев Посад\"}', 1096),
(133, 'Серебряные Пруды', '{\"ru\": \"Серебряные Пруды\"}', 1096),
(134, 'Серпухов', '{\"ru\": \"Серпухов\"}', 1096),
(135, 'Солнечногорск', '{\"ru\": \"Солнечногорск\"}', 1096),
(136, 'Солнцево', '{\"ru\": \"Солнцево\"}', 1096),
(137, 'Софрино', '{\"ru\": \"Софрино\"}', 1096),
(138, 'Старая Купавна', '{\"ru\": \"Старая Купавна\"}', 1096),
(139, 'Старбеево', '{\"ru\": \"Старбеево\"}', 1096),
(140, 'Ступино', '{\"ru\": \"Ступино\"}', 1096),
(141, 'Сходня', '{\"ru\": \"Сходня\"}', 1096),
(142, 'Талдом', '{\"ru\": \"Талдом\"}', 1096),
(143, 'Текстильщик', '{\"ru\": \"Текстильщик\"}', 1096),
(144, 'Темпы', '{\"ru\": \"Темпы\"}', 1096),
(145, 'Томилино', '{\"ru\": \"Томилино\"}', 1096),
(146, 'Троицк', '{\"ru\": \"Троицк\"}', 1096),
(147, 'Туголесский Бор', '{\"ru\": \"Туголесский Бор\"}', 1096),
(148, 'Тучково', '{\"ru\": \"Тучково\"}', 1096),
(149, 'Уваровка', '{\"ru\": \"Уваровка\"}', 1096),
(150, 'Удельная', '{\"ru\": \"Удельная\"}', 1096),
(151, 'Успенское', '{\"ru\": \"Успенское\"}', 1096),
(152, 'Фирсановка', '{\"ru\": \"Фирсановка\"}', 1096),
(153, 'Фрязино', '{\"ru\": \"Фрязино\"}', 1096),
(154, 'Фряново', '{\"ru\": \"Фряново\"}', 1096),
(155, 'Химки', '{\"ru\": \"Химки\"}', 1096),
(156, 'Хотьково', '{\"ru\": \"Хотьково\"}', 1096),
(157, 'Черкизово', '{\"ru\": \"Черкизово\"}', 1096),
(158, 'Черноголовка', '{\"ru\": \"Черноголовка\"}', 1096),
(159, 'Черусти', '{\"ru\": \"Черусти\"}', 1096),
(160, 'Чехов', '{\"ru\": \"Чехов\"}', 1096),
(161, 'Шарапово', '{\"ru\": \"Шарапово\"}', 1096),
(162, 'Шатура', '{\"ru\": \"Шатура\"}', 1096),
(163, 'Шатурторф', '{\"ru\": \"Шатурторф\"}', 1096),
(164, 'Шаховская', '{\"ru\": \"Шаховская\"}', 1096),
(165, 'Шереметьевский', '{\"ru\": \"Шереметьевский\"}', 1096),
(166, 'Щелково', '{\"ru\": \"Щелково\"}', 1096),
(167, 'Щербинка', '{\"ru\": \"Щербинка\"}', 1096),
(168, 'Электрогорск', '{\"ru\": \"Электрогорск\"}', 1096),
(169, 'Электросталь', '{\"ru\": \"Электросталь\"}', 1096),
(170, 'Электроугли', '{\"ru\": \"Электроугли\"}', 1096),
(171, 'Юбилейный (Московская обл.)', '{\"ru\": \"Юбилейный (Московская обл.)\"}', 1096),
(172, 'Яхрома', '{\"ru\": \"Яхрома\"}', 1096),
(173, 'Санкт-Петербург', '{\"ru\": \"Санкт-Петербург\"}', 1),
(174, 'Александровская', '{\"ru\": \"Александровская\"}', 1),
(175, 'Бокситогорск', '{\"ru\": \"Бокситогорск\"}', 1),
(176, 'Большая Ижора', '{\"ru\": \"Большая Ижора\"}', 1),
(177, 'Будогощь', '{\"ru\": \"Будогощь\"}', 1),
(178, 'Вознесенье', '{\"ru\": \"Вознесенье\"}', 1),
(179, 'Волосово', '{\"ru\": \"Волосово\"}', 1),
(180, 'Волхов', '{\"ru\": \"Волхов\"}', 1),
(181, 'Всеволожск', '{\"ru\": \"Всеволожск\"}', 1),
(182, 'Выборг', '{\"ru\": \"Выборг\"}', 1),
(183, 'Вырица', '{\"ru\": \"Вырица\"}', 1),
(184, 'Высоцк', '{\"ru\": \"Высоцк\"}', 1),
(185, 'Гатчина', '{\"ru\": \"Гатчина\"}', 1),
(186, 'Дружная Горка', '{\"ru\": \"Дружная Горка\"}', 1),
(187, 'Дубровка', '{\"ru\": \"Дубровка\"}', 1),
(188, 'Ефимовский', '{\"ru\": \"Ефимовский\"}', 1),
(189, 'Зеленогорск (Ленинградская обл.)', '{\"ru\": \"Зеленогорск (Ленинградская обл.)\"}', 1),
(190, 'Ивангород', '{\"ru\": \"Ивангород\"}', 1),
(191, 'Каменногорск', '{\"ru\": \"Каменногорск\"}', 1),
(192, 'Кикерино', '{\"ru\": \"Кикерино\"}', 1),
(193, 'Кингисепп', '{\"ru\": \"Кингисепп\"}', 1),
(194, 'Кириши', '{\"ru\": \"Кириши\"}', 1),
(195, 'Кировск', '{\"ru\": \"Кировск\"}', 1),
(196, 'Кобринское', '{\"ru\": \"Кобринское\"}', 1),
(197, 'Колпино', '{\"ru\": \"Колпино\"}', 1),
(198, 'Коммунар', '{\"ru\": \"Коммунар\"}', 1),
(199, 'Коммунар', '{\"ru\": \"Коммунар\"}', 1),
(200, 'Кронштадт', '{\"ru\": \"Кронштадт\"}', 1),
(201, 'Лисий Нос', '{\"ru\": \"Лисий Нос\"}', 1),
(202, 'Лодейное Поле', '{\"ru\": \"Лодейное Поле\"}', 1),
(203, 'Ломоносов', '{\"ru\": \"Ломоносов\"}', 1),
(204, 'Луга', '{\"ru\": \"Луга\"}', 1),
(205, 'Павловск (Ленинградская обл.)', '{\"ru\": \"Павловск (Ленинградская обл.)\"}', 1),
(206, 'Парголово', '{\"ru\": \"Парголово\"}', 1),
(207, 'Петродворец', '{\"ru\": \"Петродворец\"}', 1),
(208, 'Пикалёво', '{\"ru\": \"Пикалёво\"}', 1),
(209, 'Подпорожье', '{\"ru\": \"Подпорожье\"}', 1),
(210, 'Приозерск', '{\"ru\": \"Приозерск\"}', 1),
(211, 'Пушкин', '{\"ru\": \"Пушкин\"}', 1),
(212, 'Светогорск', '{\"ru\": \"Светогорск\"}', 1),
(213, 'Сертолово', '{\"ru\": \"Сертолово\"}', 1),
(214, 'Сестрорецк', '{\"ru\": \"Сестрорецк\"}', 1),
(215, 'Сланцы', '{\"ru\": \"Сланцы\"}', 1),
(216, 'Сосновый Бор', '{\"ru\": \"Сосновый Бор\"}', 1),
(217, 'Тихвин', '{\"ru\": \"Тихвин\"}', 1),
(218, 'Тосно', '{\"ru\": \"Тосно\"}', 1),
(219, 'Шлиссельбург', '{\"ru\": \"Шлиссельбург\"}', 1),
(254, 'Адыгейск', '{\"ru\": \"Адыгейск\"}', 2),
(255, 'Майкоп (Адыгея)', '{\"ru\": \"Майкоп (Адыгея)\"}', 2),
(286, 'Акташ', '{\"ru\": \"Акташ\"}', 3),
(287, 'Акутиха', '{\"ru\": \"Акутиха\"}', 3),
(288, 'Алейск', '{\"ru\": \"Алейск\"}', 3),
(289, 'Алтайский', '{\"ru\": \"Алтайский\"}', 3),
(290, 'Баево', '{\"ru\": \"Баево\"}', 3),
(291, 'Барнаул', '{\"ru\": \"Барнаул\"}', 3),
(292, 'Белово (Алтайский край)', '{\"ru\": \"Белово (Алтайский край)\"}', 3),
(293, 'Белокуриха', '{\"ru\": \"Белокуриха\"}', 3),
(294, 'Белоярск', '{\"ru\": \"Белоярск\"}', 3),
(295, 'Бийск', '{\"ru\": \"Бийск\"}', 3),
(296, 'Благовещенск', '{\"ru\": \"Благовещенск\"}', 3),
(297, 'Боровлянка', '{\"ru\": \"Боровлянка\"}', 3),
(298, 'Бурла', '{\"ru\": \"Бурла\"}', 3),
(299, 'Бурсоль', '{\"ru\": \"Бурсоль\"}', 3),
(300, 'Быстрый Исток', '{\"ru\": \"Быстрый Исток\"}', 3),
(301, 'Волчиха', '{\"ru\": \"Волчиха\"}', 3),
(302, 'Горно-Алтайск', '{\"ru\": \"Горно-Алтайск\"}', 3),
(303, 'Горняк', '{\"ru\": \"Горняк\"}', 3),
(304, 'Ельцовка', '{\"ru\": \"Ельцовка\"}', 3),
(305, 'Залесово', '{\"ru\": \"Залесово\"}', 3),
(306, 'Заринск', '{\"ru\": \"Заринск\"}', 3),
(307, 'Заток', '{\"ru\": \"Заток\"}', 3),
(308, 'Змеиногорск', '{\"ru\": \"Змеиногорск\"}', 3),
(309, 'Камень-на-Оби', '{\"ru\": \"Камень-на-Оби\"}', 3),
(310, 'Ключи (Алтайский край)', '{\"ru\": \"Ключи (Алтайский край)\"}', 3),
(311, 'Кош-Агач', '{\"ru\": \"Кош-Агач\"}', 3),
(312, 'Красногорское (Алтайский край)', '{\"ru\": \"Красногорское (Алтайский край)\"}', 3),
(313, 'Краснощеково', '{\"ru\": \"Краснощеково\"}', 3),
(314, 'Кулунда', '{\"ru\": \"Кулунда\"}', 3),
(315, 'Кытманово', '{\"ru\": \"Кытманово\"}', 3),
(316, 'Мамонтово', '{\"ru\": \"Мамонтово\"}', 3),
(317, 'Новичиха', '{\"ru\": \"Новичиха\"}', 3),
(318, 'Новоалтайск', '{\"ru\": \"Новоалтайск\"}', 3),
(319, 'Онгудай', '{\"ru\": \"Онгудай\"}', 3),
(320, 'Павловск (Алтайский край)', '{\"ru\": \"Павловск (Алтайский край)\"}', 3),
(321, 'Петропавловское', '{\"ru\": \"Петропавловское\"}', 3),
(322, 'Поспелиха', '{\"ru\": \"Поспелиха\"}', 3),
(323, 'Ребриха', '{\"ru\": \"Ребриха\"}', 3),
(324, 'Родино', '{\"ru\": \"Родино\"}', 3),
(325, 'Рубцовск', '{\"ru\": \"Рубцовск\"}', 3),
(326, 'Славгород', '{\"ru\": \"Славгород\"}', 3),
(327, 'Смоленское', '{\"ru\": \"Смоленское\"}', 3),
(328, 'Солонешное', '{\"ru\": \"Солонешное\"}', 3),
(329, 'Солтон', '{\"ru\": \"Солтон\"}', 3),
(330, 'Староаллейское', '{\"ru\": \"Староаллейское\"}', 3),
(331, 'Табуны', '{\"ru\": \"Табуны\"}', 3),
(332, 'Тальменка', '{\"ru\": \"Тальменка\"}', 3),
(333, 'Тогул', '{\"ru\": \"Тогул\"}', 3),
(334, 'Топчиха', '{\"ru\": \"Топчиха\"}', 3),
(335, 'Троицкое (Алтайский край)', '{\"ru\": \"Троицкое (Алтайский край)\"}', 3),
(336, 'Турочак', '{\"ru\": \"Турочак\"}', 3),
(337, 'Тюменцево', '{\"ru\": \"Тюменцево\"}', 3),
(338, 'Угловское', '{\"ru\": \"Угловское\"}', 3),
(339, 'Усть-Калманка', '{\"ru\": \"Усть-Калманка\"}', 3),
(340, 'Усть-Кан', '{\"ru\": \"Усть-Кан\"}', 3),
(341, 'Усть-Кокса', '{\"ru\": \"Усть-Кокса\"}', 3),
(342, 'Усть-Улаган', '{\"ru\": \"Усть-Улаган\"}', 3),
(343, 'Усть-Чарышская Пристань', '{\"ru\": \"Усть-Чарышская Пристань\"}', 3),
(344, 'Хабары', '{\"ru\": \"Хабары\"}', 3),
(345, 'Целинное', '{\"ru\": \"Целинное\"}', 3),
(346, 'Чарышское', '{\"ru\": \"Чарышское\"}', 3),
(347, 'Шебалино', '{\"ru\": \"Шебалино\"}', 3),
(348, 'Шелаболиха', '{\"ru\": \"Шелаболиха\"}', 3),
(349, 'Шипуново', '{\"ru\": \"Шипуново\"}', 3),
(401, 'Айгунь', '{\"ru\": \"Айгунь\"}', 4),
(402, 'Архара', '{\"ru\": \"Архара\"}', 4),
(403, 'Белогорск', '{\"ru\": \"Белогорск\"}', 4),
(404, 'Благовещенск (Амурская обл.)', '{\"ru\": \"Благовещенск (Амурская обл.)\"}', 4),
(405, 'Бурея', '{\"ru\": \"Бурея\"}', 4),
(406, 'Возжаевка', '{\"ru\": \"Возжаевка\"}', 4),
(407, 'Екатеринославка', '{\"ru\": \"Екатеринославка\"}', 4),
(408, 'Ерофей Павлович', '{\"ru\": \"Ерофей Павлович\"}', 4),
(409, 'Завитинск', '{\"ru\": \"Завитинск\"}', 4),
(410, 'Зея', '{\"ru\": \"Зея\"}', 4),
(411, 'Златоустовск', '{\"ru\": \"Златоустовск\"}', 4),
(412, 'Ивановка', '{\"ru\": \"Ивановка\"}', 4),
(413, 'Коболдо', '{\"ru\": \"Коболдо\"}', 4),
(414, 'Магдагачи', '{\"ru\": \"Магдагачи\"}', 4),
(415, 'Новобурейский', '{\"ru\": \"Новобурейский\"}', 4),
(416, 'Поярково', '{\"ru\": \"Поярково\"}', 4),
(417, 'Райчихинск', '{\"ru\": \"Райчихинск\"}', 4),
(418, 'Ромны', '{\"ru\": \"Ромны\"}', 4),
(419, 'Свободный', '{\"ru\": \"Свободный\"}', 4),
(420, 'Серышево', '{\"ru\": \"Серышево\"}', 4),
(421, 'Сковородино', '{\"ru\": \"Сковородино\"}', 4),
(422, 'Стойба', '{\"ru\": \"Стойба\"}', 4),
(423, 'Тамбовка', '{\"ru\": \"Тамбовка\"}', 4),
(424, 'Тында', '{\"ru\": \"Тында\"}', 4),
(425, 'Февральск', '{\"ru\": \"Февральск\"}', 4),
(426, 'Шимановск', '{\"ru\": \"Шимановск\"}', 4),
(427, 'Экимчан', '{\"ru\": \"Экимчан\"}', 4),
(428, 'Ядрино', '{\"ru\": \"Ядрино\"}', 4),
(541, 'Амдерма', '{\"ru\": \"Амдерма\"}', 5),
(542, 'Архангельск', '{\"ru\": \"Архангельск\"}', 5),
(543, 'Березник', '{\"ru\": \"Березник\"}', 5),
(544, 'Вельск', '{\"ru\": \"Вельск\"}', 5),
(545, 'Верхняя Тойма', '{\"ru\": \"Верхняя Тойма\"}', 5),
(546, 'Волошка', '{\"ru\": \"Волошка\"}', 5),
(547, 'Вычегодский', '{\"ru\": \"Вычегодский\"}', 5),
(548, 'Емца', '{\"ru\": \"Емца\"}', 5),
(549, 'Илеза', '{\"ru\": \"Илеза\"}', 5),
(550, 'Ильинско-Подомское', '{\"ru\": \"Ильинско-Подомское\"}', 5),
(551, 'Каргополь (Архангельская обл.)', '{\"ru\": \"Каргополь (Архангельская обл.)\"}', 5),
(552, 'Карпогоры', '{\"ru\": \"Карпогоры\"}', 5),
(553, 'Кодино', '{\"ru\": \"Кодино\"}', 5),
(554, 'Коноша', '{\"ru\": \"Коноша\"}', 5),
(555, 'Коряжма', '{\"ru\": \"Коряжма\"}', 5),
(556, 'Котлас', '{\"ru\": \"Котлас\"}', 5),
(557, 'Красноборск', '{\"ru\": \"Красноборск\"}', 5),
(558, 'Лешуконское', '{\"ru\": \"Лешуконское\"}', 5),
(559, 'Мезень', '{\"ru\": \"Мезень\"}', 5),
(560, 'Мирный (Архангельская обл.)', '{\"ru\": \"Мирный (Архангельская обл.)\"}', 5),
(561, 'Нарьян-Мар', '{\"ru\": \"Нарьян-Мар\"}', 5),
(562, 'Новодвинск', '{\"ru\": \"Новодвинск\"}', 5),
(563, 'Няндома', '{\"ru\": \"Няндома\"}', 5),
(564, 'Онега', '{\"ru\": \"Онега\"}', 5),
(565, 'Пинега', '{\"ru\": \"Пинега\"}', 5),
(566, 'Плесецк', '{\"ru\": \"Плесецк\"}', 5),
(567, 'Савинск', '{\"ru\": \"Савинск\"}', 5),
(568, 'Северодвинск', '{\"ru\": \"Северодвинск\"}', 5),
(569, 'Сольвычегодск', '{\"ru\": \"Сольвычегодск\"}', 5),
(570, 'Холмогоры', '{\"ru\": \"Холмогоры\"}', 5),
(571, 'Шенкурск', '{\"ru\": \"Шенкурск\"}', 5),
(572, 'Яренск', '{\"ru\": \"Яренск\"}', 5),
(692, 'Астрахань', '{\"ru\": \"Астрахань\"}', 6),
(693, 'Ахтубинск', '{\"ru\": \"Ахтубинск\"}', 6),
(694, 'Верхний Баскунчак', '{\"ru\": \"Верхний Баскунчак\"}', 6),
(695, 'Володарский', '{\"ru\": \"Володарский\"}', 6),
(696, 'Енотаевка', '{\"ru\": \"Енотаевка\"}', 6),
(697, 'Икряное', '{\"ru\": \"Икряное\"}', 6),
(698, 'Камызяк', '{\"ru\": \"Камызяк\"}', 6),
(699, 'Капустин Яр', '{\"ru\": \"Капустин Яр\"}', 6),
(700, 'Красный Яр (Астраханская обл.)', '{\"ru\": \"Красный Яр (Астраханская обл.)\"}', 6),
(701, 'Лиман', '{\"ru\": \"Лиман\"}', 6),
(702, 'Началово', '{\"ru\": \"Началово\"}', 6),
(703, 'Харабали', '{\"ru\": \"Харабали\"}', 6),
(704, 'Черный Яр', '{\"ru\": \"Черный Яр\"}', 6),
(779, 'Агидель', '{\"ru\": \"Агидель\"}', 7),
(780, 'Аксаково', '{\"ru\": \"Аксаково\"}', 7),
(781, 'Амзя', '{\"ru\": \"Амзя\"}', 7),
(782, 'Архангелькое', '{\"ru\": \"Архангелькое\"}', 7),
(783, 'Аскарово', '{\"ru\": \"Аскарово\"}', 7),
(784, 'Аскино', '{\"ru\": \"Аскино\"}', 7),
(785, 'Баймак', '{\"ru\": \"Баймак\"}', 7),
(786, 'Бакалы', '{\"ru\": \"Бакалы\"}', 7),
(787, 'Белебей', '{\"ru\": \"Белебей\"}', 7),
(788, 'Белорецк', '{\"ru\": \"Белорецк\"}', 7),
(789, 'Бижбуляк', '{\"ru\": \"Бижбуляк\"}', 7),
(790, 'Бирск', '{\"ru\": \"Бирск\"}', 7),
(791, 'Благовещенск (Башкирия)', '{\"ru\": \"Благовещенск (Башкирия)\"}', 7),
(792, 'Большеустьикинское', '{\"ru\": \"Большеустьикинское\"}', 7),
(793, 'Бураево', '{\"ru\": \"Бураево\"}', 7),
(794, 'Верхнеяркеево', '{\"ru\": \"Верхнеяркеево\"}', 7),
(795, 'Верхние Киги', '{\"ru\": \"Верхние Киги\"}', 7),
(796, 'Верхние Татышлы', '{\"ru\": \"Верхние Татышлы\"}', 7),
(797, 'Верхний Авзян', '{\"ru\": \"Верхний Авзян\"}', 7),
(798, 'Давлеканово', '{\"ru\": \"Давлеканово\"}', 7),
(799, 'Дуван', '{\"ru\": \"Дуван\"}', 7),
(800, 'Дюртюли', '{\"ru\": \"Дюртюли\"}', 7),
(801, 'Ермекеево', '{\"ru\": \"Ермекеево\"}', 7),
(802, 'Ермолаево', '{\"ru\": \"Ермолаево\"}', 7),
(803, 'Зилаир', '{\"ru\": \"Зилаир\"}', 7),
(804, 'Зирган', '{\"ru\": \"Зирган\"}', 7),
(805, 'Иглино', '{\"ru\": \"Иглино\"}', 7),
(806, 'Инзер', '{\"ru\": \"Инзер\"}', 7),
(807, 'Исянгулово', '{\"ru\": \"Исянгулово\"}', 7),
(808, 'Ишимбай', '{\"ru\": \"Ишимбай\"}', 7),
(809, 'Калтасы', '{\"ru\": \"Калтасы\"}', 7),
(810, 'Кананикольское', '{\"ru\": \"Кананикольское\"}', 7),
(811, 'Кандры', '{\"ru\": \"Кандры\"}', 7),
(812, 'Караидель', '{\"ru\": \"Караидель\"}', 7),
(813, 'Караидельский', '{\"ru\": \"Караидельский\"}', 7),
(814, 'Киргиз-Мияки', '{\"ru\": \"Киргиз-Мияки\"}', 7),
(815, 'Красноусольский', '{\"ru\": \"Красноусольский\"}', 7),
(816, 'Кумертау', '{\"ru\": \"Кумертау\"}', 7),
(817, 'Кушнаренково', '{\"ru\": \"Кушнаренково\"}', 7),
(818, 'Малояз', '{\"ru\": \"Малояз\"}', 7),
(819, 'Межгорье', '{\"ru\": \"Межгорье\"}', 7),
(820, 'Мелеуз', '{\"ru\": \"Мелеуз\"}', 7),
(821, 'Месягутово', '{\"ru\": \"Месягутово\"}', 7),
(822, 'Мраково', '{\"ru\": \"Мраково\"}', 7),
(823, 'Нефтекамск', '{\"ru\": \"Нефтекамск\"}', 7),
(824, 'Октябрьский (Башкирия)', '{\"ru\": \"Октябрьский (Башкирия)\"}', 7),
(825, 'Приютово', '{\"ru\": \"Приютово\"}', 7),
(826, 'Раевский', '{\"ru\": \"Раевский\"}', 7),
(827, 'Салават', '{\"ru\": \"Салават\"}', 7),
(828, 'Сибай', '{\"ru\": \"Сибай\"}', 7),
(829, 'Старобалтачево', '{\"ru\": \"Старобалтачево\"}', 7),
(830, 'Старосубхангулово', '{\"ru\": \"Старосубхангулово\"}', 7),
(831, 'Стерлибашево', '{\"ru\": \"Стерлибашево\"}', 7),
(832, 'Стерлитамак', '{\"ru\": \"Стерлитамак\"}', 7),
(833, 'Туймазы', '{\"ru\": \"Туймазы\"}', 7),
(834, 'Уфа', '{\"ru\": \"Уфа\"}', 7),
(835, 'Учалы', '{\"ru\": \"Учалы\"}', 7),
(836, 'Федоровка (Башкирия)', '{\"ru\": \"Федоровка (Башкирия)\"}', 7),
(837, 'Чекмагуш', '{\"ru\": \"Чекмагуш\"}', 7),
(838, 'Чишмы', '{\"ru\": \"Чишмы\"}', 7),
(839, 'Шаран', '{\"ru\": \"Шаран\"}', 7),
(840, 'Янаул', '{\"ru\": \"Янаул\"}', 7),
(953, 'Алексеевка (Белгородская обл.)', '{\"ru\": \"Алексеевка (Белгородская обл.)\"}', 8),
(954, 'Белгород', '{\"ru\": \"Белгород\"}', 8),
(955, 'Борисовка', '{\"ru\": \"Борисовка\"}', 8),
(956, 'Валуйки', '{\"ru\": \"Валуйки\"}', 8),
(957, 'Вейделевка', '{\"ru\": \"Вейделевка\"}', 8),
(958, 'Волоконовка', '{\"ru\": \"Волоконовка\"}', 8),
(959, 'Грайворон', '{\"ru\": \"Грайворон\"}', 8),
(960, 'Губкин', '{\"ru\": \"Губкин\"}', 8),
(961, 'Ивня', '{\"ru\": \"Ивня\"}', 8),
(962, 'Короча', '{\"ru\": \"Короча\"}', 8),
(963, 'Красногвардейское (Белгород.)', '{\"ru\": \"Красногвардейское (Белгород.)\"}', 8),
(964, 'Новый Оскол', '{\"ru\": \"Новый Оскол\"}', 8),
(965, 'Ракитное', '{\"ru\": \"Ракитное\"}', 8),
(966, 'Ровеньки', '{\"ru\": \"Ровеньки\"}', 8),
(967, 'Старый Оскол', '{\"ru\": \"Старый Оскол\"}', 8),
(968, 'Строитель', '{\"ru\": \"Строитель\"}', 8),
(969, 'Чернянка', '{\"ru\": \"Чернянка\"}', 8),
(970, 'Шебекино', '{\"ru\": \"Шебекино\"}', 8),
(1059, 'Алтухово', '{\"ru\": \"Алтухово\"}', 9),
(1060, 'Белая Березка', '{\"ru\": \"Белая Березка\"}', 9),
(1061, 'Белые Берега', '{\"ru\": \"Белые Берега\"}', 9),
(1062, 'Большое Полпино', '{\"ru\": \"Большое Полпино\"}', 9),
(1063, 'Брянск', '{\"ru\": \"Брянск\"}', 9),
(1064, 'Бытошь', '{\"ru\": \"Бытошь\"}', 9),
(1065, 'Выгоничи', '{\"ru\": \"Выгоничи\"}', 9),
(1066, 'Вышков', '{\"ru\": \"Вышков\"}', 9),
(1067, 'Гордеевка', '{\"ru\": \"Гордеевка\"}', 9),
(1068, 'Дубровка (Брянская обл.)', '{\"ru\": \"Дубровка (Брянская обл.)\"}', 9),
(1069, 'Дятьково', '{\"ru\": \"Дятьково\"}', 9),
(1070, 'Дятьково', '{\"ru\": \"Дятьково\"}', 9),
(1071, 'Жирятино', '{\"ru\": \"Жирятино\"}', 9),
(1072, 'Жуковка', '{\"ru\": \"Жуковка\"}', 9),
(1073, 'Злынка', '{\"ru\": \"Злынка\"}', 9),
(1074, 'Ивот', '{\"ru\": \"Ивот\"}', 9),
(1075, 'Карачев', '{\"ru\": \"Карачев\"}', 9),
(1076, 'Клетня', '{\"ru\": \"Клетня\"}', 9),
(1077, 'Климово', '{\"ru\": \"Климово\"}', 9),
(1078, 'Клинцы', '{\"ru\": \"Клинцы\"}', 9),
(1079, 'Кокаревка', '{\"ru\": \"Кокаревка\"}', 9),
(1080, 'Комаричи', '{\"ru\": \"Комаричи\"}', 9),
(1081, 'Красная Гора', '{\"ru\": \"Красная Гора\"}', 9),
(1082, 'Локоть (Брянская обл.)', '{\"ru\": \"Локоть (Брянская обл.)\"}', 9),
(1083, 'Мглин', '{\"ru\": \"Мглин\"}', 9),
(1084, 'Навля', '{\"ru\": \"Навля\"}', 9),
(1085, 'Новозыбков', '{\"ru\": \"Новозыбков\"}', 9),
(1086, 'Погар', '{\"ru\": \"Погар\"}', 9),
(1087, 'Почеп', '{\"ru\": \"Почеп\"}', 9),
(1088, 'Ржаница', '{\"ru\": \"Ржаница\"}', 9),
(1089, 'Рогнедино', '{\"ru\": \"Рогнедино\"}', 9),
(1090, 'Севск', '{\"ru\": \"Севск\"}', 9),
(1091, 'Стародуб', '{\"ru\": \"Стародуб\"}', 9),
(1092, 'Суземка', '{\"ru\": \"Суземка\"}', 9),
(1093, 'Сураж', '{\"ru\": \"Сураж\"}', 9),
(1094, 'Трубчевск', '{\"ru\": \"Трубчевск\"}', 9),
(1095, 'Унеча', '{\"ru\": \"Унеча\"}', 9),
(1189, 'Бабушкин', '{\"ru\": \"Бабушкин\"}', 10),
(1190, 'Багдарин', '{\"ru\": \"Багдарин\"}', 10),
(1191, 'Баргузин', '{\"ru\": \"Баргузин\"}', 10),
(1192, 'Баянгол', '{\"ru\": \"Баянгол\"}', 10),
(1193, 'Бичура', '{\"ru\": \"Бичура\"}', 10),
(1194, 'Выдрино', '{\"ru\": \"Выдрино\"}', 10),
(1195, 'Гусиное Озеро', '{\"ru\": \"Гусиное Озеро\"}', 10),
(1196, 'Гусиноозерск', '{\"ru\": \"Гусиноозерск\"}', 10),
(1197, 'Заиграево', '{\"ru\": \"Заиграево\"}', 10),
(1198, 'Закаменск', '{\"ru\": \"Закаменск\"}', 10),
(1199, 'Иволгинск', '{\"ru\": \"Иволгинск\"}', 10),
(1200, 'Илька', '{\"ru\": \"Илька\"}', 10),
(1201, 'Кабанск', '{\"ru\": \"Кабанск\"}', 10),
(1202, 'Каменск', '{\"ru\": \"Каменск\"}', 10),
(1203, 'Кижинга', '{\"ru\": \"Кижинга\"}', 10),
(1204, 'Курумкан', '{\"ru\": \"Курумкан\"}', 10),
(1205, 'Кырен', '{\"ru\": \"Кырен\"}', 10),
(1206, 'Кяхта', '{\"ru\": \"Кяхта\"}', 10),
(1207, 'Монды', '{\"ru\": \"Монды\"}', 10),
(1208, 'Мухоршибирь', '{\"ru\": \"Мухоршибирь\"}', 10),
(1209, 'Нижнеангарск', '{\"ru\": \"Нижнеангарск\"}', 10),
(1210, 'Орлик', '{\"ru\": \"Орлик\"}', 10),
(1211, 'Петропавловка (Бурятия)', '{\"ru\": \"Петропавловка (Бурятия)\"}', 10),
(1212, 'Романовка (Бурятия)', '{\"ru\": \"Романовка (Бурятия)\"}', 10),
(1213, 'Северобайкальск (Бурятия)', '{\"ru\": \"Северобайкальск (Бурятия)\"}', 10),
(1214, 'Селенгинск', '{\"ru\": \"Селенгинск\"}', 10),
(1215, 'Сосново-Озерское', '{\"ru\": \"Сосново-Озерское\"}', 10),
(1216, 'Таксимо (Бурятия)', '{\"ru\": \"Таксимо (Бурятия)\"}', 10),
(1217, 'Турунтаево', '{\"ru\": \"Турунтаево\"}', 10),
(1218, 'Улан-Удэ', '{\"ru\": \"Улан-Удэ\"}', 10),
(1219, 'Хоринск', '{\"ru\": \"Хоринск\"}', 10),
(1321, 'Александров', '{\"ru\": \"Александров\"}', 11),
(1322, 'Андреево', '{\"ru\": \"Андреево\"}', 11),
(1323, 'Анопино', '{\"ru\": \"Анопино\"}', 11),
(1324, 'Бавлены', '{\"ru\": \"Бавлены\"}', 11),
(1325, 'Балакирево', '{\"ru\": \"Балакирево\"}', 11),
(1326, 'Боголюбово', '{\"ru\": \"Боголюбово\"}', 11),
(1327, 'Великодворский', '{\"ru\": \"Великодворский\"}', 11),
(1328, 'Вербовский', '{\"ru\": \"Вербовский\"}', 11),
(1329, 'Владимир', '{\"ru\": \"Владимир\"}', 11),
(1330, 'Вязники', '{\"ru\": \"Вязники\"}', 11),
(1331, 'Городищи (Владимирская обл.)', '{\"ru\": \"Городищи (Владимирская обл.)\"}', 11),
(1332, 'Гороховец', '{\"ru\": \"Гороховец\"}', 11),
(1333, 'Гусевский', '{\"ru\": \"Гусевский\"}', 11),
(1334, 'Гусь Хрустальный', '{\"ru\": \"Гусь Хрустальный\"}', 11),
(1335, 'Гусь-Хрустальный', '{\"ru\": \"Гусь-Хрустальный\"}', 11),
(1336, 'Золотково', '{\"ru\": \"Золотково\"}', 11),
(1337, 'Иванищи', '{\"ru\": \"Иванищи\"}', 11),
(1338, 'Камешково', '{\"ru\": \"Камешково\"}', 11),
(1339, 'Карабаново', '{\"ru\": \"Карабаново\"}', 11),
(1340, 'Киржач', '{\"ru\": \"Киржач\"}', 11),
(1341, 'Ковров', '{\"ru\": \"Ковров\"}', 11),
(1342, 'Кольчугино', '{\"ru\": \"Кольчугино\"}', 11),
(1343, 'Красная Горбатка', '{\"ru\": \"Красная Горбатка\"}', 11),
(1344, 'Лакинск', '{\"ru\": \"Лакинск\"}', 11),
(1345, 'Меленки', '{\"ru\": \"Меленки\"}', 11),
(1346, 'Муром', '{\"ru\": \"Муром\"}', 11),
(1347, 'Петушки', '{\"ru\": \"Петушки\"}', 11),
(1348, 'Покров', '{\"ru\": \"Покров\"}', 11),
(1349, 'Радужный (Владимирская обл.)', '{\"ru\": \"Радужный (Владимирская обл.)\"}', 11),
(1350, 'Собинка', '{\"ru\": \"Собинка\"}', 11),
(1351, 'Судогда', '{\"ru\": \"Судогда\"}', 11),
(1352, 'Суздаль', '{\"ru\": \"Суздаль\"}', 11),
(1353, 'Юрьев-Польский', '{\"ru\": \"Юрьев-Польский\"}', 11),
(1354, 'Азовское', '{\"ru\": \"Азовское\"}', 88),
(1355, 'Алупка', '{\"ru\": \"Алупка\"}', 88),
(1356, 'Алушта', '{\"ru\": \"Алушта\"}', 88),
(1357, 'Армянск', '{\"ru\": \"Армянск\"}', 88),
(1358, 'Багерово', '{\"ru\": \"Багерово\"}', 88),
(1359, 'Балаклава', '{\"ru\": \"Балаклава\"}', 88),
(1360, 'Бахчисарай', '{\"ru\": \"Бахчисарай\"}', 88),
(1361, 'Белогорск', '{\"ru\": \"Белогорск\"}', 88),
(1362, 'Гаспра', '{\"ru\": \"Гаспра\"}', 88),
(1363, 'Гвардейское', '{\"ru\": \"Гвардейское\"}', 88),
(1364, 'Гурзуф', '{\"ru\": \"Гурзуф\"}', 88),
(1365, 'Джанкой', '{\"ru\": \"Джанкой\"}', 88),
(1366, 'Евпатория', '{\"ru\": \"Евпатория\"}', 88),
(1367, 'Зуя', '{\"ru\": \"Зуя\"}', 88),
(1368, 'Керчь', '{\"ru\": \"Керчь\"}', 88),
(1369, 'Кировское', '{\"ru\": \"Кировское\"}', 88),
(1370, 'Коктебель', '{\"ru\": \"Коктебель\"}', 88),
(1371, 'Красногвардейское', '{\"ru\": \"Красногвардейское\"}', 88),
(1372, 'Красноперекопск', '{\"ru\": \"Красноперекопск\"}', 88),
(1373, 'Ленино', '{\"ru\": \"Ленино\"}', 88),
(1374, 'Массандра', '{\"ru\": \"Массандра\"}', 88),
(1375, 'Нижнегорский', '{\"ru\": \"Нижнегорский\"}', 88),
(1376, 'Первомайское', '{\"ru\": \"Первомайское\"}', 88),
(1377, 'Раздольное', '{\"ru\": \"Раздольное\"}', 88),
(1378, 'Саки', '{\"ru\": \"Саки\"}', 88),
(1379, 'Севастополь', '{\"ru\": \"Севастополь\"}', 88),
(1380, 'Симеиз', '{\"ru\": \"Симеиз\"}', 88),
(1381, 'Симферополь', '{\"ru\": \"Симферополь\"}', 88),
(1382, 'Советский', '{\"ru\": \"Советский\"}', 88),
(1383, 'Судак', '{\"ru\": \"Судак\"}', 88),
(1384, 'Феодосия', '{\"ru\": \"Феодосия\"}', 88),
(1385, 'Форос', '{\"ru\": \"Форос\"}', 88),
(1386, 'Черноморское', '{\"ru\": \"Черноморское\"}', 88),
(1387, 'Щёлкино', '{\"ru\": \"Щёлкино\"}', 88),
(1388, 'Ялта', '{\"ru\": \"Ялта\"}', 88),
(1432, 'Алексеевская', '{\"ru\": \"Алексеевская\"}', 12),
(1433, 'Алущевск', '{\"ru\": \"Алущевск\"}', 12),
(1434, 'Быково (Волгоградская обл.)', '{\"ru\": \"Быково (Волгоградская обл.)\"}', 12),
(1435, 'Волгоград', '{\"ru\": \"Волгоград\"}', 12),
(1436, 'Волжский (Волгоградская обл.)', '{\"ru\": \"Волжский (Волгоградская обл.)\"}', 12),
(1437, 'Городище (Волгоградская обл.)', '{\"ru\": \"Городище (Волгоградская обл.)\"}', 12),
(1438, 'Дубовка (Волгоградская обл.)', '{\"ru\": \"Дубовка (Волгоградская обл.)\"}', 12),
(1439, 'Елань', '{\"ru\": \"Елань\"}', 12),
(1440, 'Жирновск', '{\"ru\": \"Жирновск\"}', 12),
(1441, 'Иловля', '{\"ru\": \"Иловля\"}', 12),
(1442, 'Калач-на-Дону', '{\"ru\": \"Калач-на-Дону\"}', 12),
(1443, 'Камышин', '{\"ru\": \"Камышин\"}', 12),
(1444, 'Кириллов', '{\"ru\": \"Кириллов\"}', 12),
(1445, 'Клетский', '{\"ru\": \"Клетский\"}', 12),
(1446, 'Котельниково', '{\"ru\": \"Котельниково\"}', 12),
(1447, 'Котово', '{\"ru\": \"Котово\"}', 12),
(1448, 'Кумылженская', '{\"ru\": \"Кумылженская\"}', 12),
(1449, 'Ленинск', '{\"ru\": \"Ленинск\"}', 12),
(1450, 'Михайловка', '{\"ru\": \"Михайловка\"}', 12),
(1451, 'Нехаевский', '{\"ru\": \"Нехаевский\"}', 12),
(1452, 'Николаевск', '{\"ru\": \"Николаевск\"}', 12),
(1453, 'Новоаннинский', '{\"ru\": \"Новоаннинский\"}', 12),
(1454, 'Новониколаевский', '{\"ru\": \"Новониколаевский\"}', 12),
(1455, 'Ольховка', '{\"ru\": \"Ольховка\"}', 12),
(1456, 'Палласовка (Волгоградская обл.)', '{\"ru\": \"Палласовка (Волгоградская обл.)\"}', 12),
(1457, 'Рудня (Волгоградская обл.)', '{\"ru\": \"Рудня (Волгоградская обл.)\"}', 12),
(1458, 'Светлый Яр', '{\"ru\": \"Светлый Яр\"}', 12),
(1459, 'Серафимович', '{\"ru\": \"Серафимович\"}', 12),
(1460, 'Средняя Ахтуба', '{\"ru\": \"Средняя Ахтуба\"}', 12),
(1461, 'Сталинград', '{\"ru\": \"Сталинград\"}', 12),
(1462, 'Старая Полтавка', '{\"ru\": \"Старая Полтавка\"}', 12),
(1463, 'Суровикино', '{\"ru\": \"Суровикино\"}', 12),
(1464, 'Урюпинск', '{\"ru\": \"Урюпинск\"}', 12),
(1465, 'Фролово', '{\"ru\": \"Фролово\"}', 12),
(1466, 'Чернышковский', '{\"ru\": \"Чернышковский\"}', 12),
(1530, 'Бабаево', '{\"ru\": \"Бабаево\"}', 13),
(1531, 'Белозерск', '{\"ru\": \"Белозерск\"}', 13),
(1532, 'Великий Устюг', '{\"ru\": \"Великий Устюг\"}', 13),
(1533, 'Верховажье', '{\"ru\": \"Верховажье\"}', 13),
(1534, 'Вожега', '{\"ru\": \"Вожега\"}', 13),
(1535, 'Вологда', '{\"ru\": \"Вологда\"}', 13),
(1536, 'Вохтога', '{\"ru\": \"Вохтога\"}', 13),
(1537, 'Вытегра', '{\"ru\": \"Вытегра\"}', 13),
(1538, 'Грязовец', '{\"ru\": \"Грязовец\"}', 13),
(1539, 'Кадников', '{\"ru\": \"Кадников\"}', 13),
(1540, 'Кадуй', '{\"ru\": \"Кадуй\"}', 13),
(1541, 'Кириллов', '{\"ru\": \"Кириллов\"}', 13),
(1542, 'Кичменгский Городок', '{\"ru\": \"Кичменгский Городок\"}', 13),
(1543, 'Липин Бор', '{\"ru\": \"Липин Бор\"}', 13),
(1544, 'Никольск', '{\"ru\": \"Никольск\"}', 13),
(1545, 'Нюксеница', '{\"ru\": \"Нюксеница\"}', 13),
(1546, 'Сокол', '{\"ru\": \"Сокол\"}', 13),
(1547, 'Сямжа', '{\"ru\": \"Сямжа\"}', 13),
(1548, 'Тарногский Городок', '{\"ru\": \"Тарногский Городок\"}', 13),
(1549, 'Тотьма', '{\"ru\": \"Тотьма\"}', 13),
(1550, 'Устюжна', '{\"ru\": \"Устюжна\"}', 13),
(1551, 'Харовск', '{\"ru\": \"Харовск\"}', 13),
(1552, 'Чагода', '{\"ru\": \"Чагода\"}', 13),
(1553, 'Череповец', '{\"ru\": \"Череповец\"}', 13),
(1554, 'Шексна', '{\"ru\": \"Шексна\"}', 13),
(1555, 'Шуйское', '{\"ru\": \"Шуйское\"}', 13),
(1685, 'Калач', '{\"ru\": \"Калач\"}', 14),
(1686, 'Анна', '{\"ru\": \"Анна\"}', 14),
(1687, 'Бобров', '{\"ru\": \"Бобров\"}', 14),
(1688, 'Богучар', '{\"ru\": \"Богучар\"}', 14),
(1689, 'Борисоглебск', '{\"ru\": \"Борисоглебск\"}', 14),
(1690, 'Бутурлиновка', '{\"ru\": \"Бутурлиновка\"}', 14),
(1691, 'Верхний Мамон', '{\"ru\": \"Верхний Мамон\"}', 14),
(1692, 'Верхняя Хава', '{\"ru\": \"Верхняя Хава\"}', 14),
(1693, 'Воробьевка', '{\"ru\": \"Воробьевка\"}', 14),
(1694, 'Воронеж', '{\"ru\": \"Воронеж\"}', 14),
(1695, 'Грибановский', '{\"ru\": \"Грибановский\"}', 14),
(1696, 'Давыдовка', '{\"ru\": \"Давыдовка\"}', 14),
(1697, 'Елань-Коленовский', '{\"ru\": \"Елань-Коленовский\"}', 14),
(1698, 'Кантемировка', '{\"ru\": \"Кантемировка\"}', 14),
(1699, 'Лиски (Воронежская обл.)', '{\"ru\": \"Лиски (Воронежская обл.)\"}', 14),
(1700, 'Нижнедевицк', '{\"ru\": \"Нижнедевицк\"}', 14),
(1701, 'Новая Усмань', '{\"ru\": \"Новая Усмань\"}', 14),
(1702, 'Нововоронеж', '{\"ru\": \"Нововоронеж\"}', 14),
(1703, 'Новохоперск', '{\"ru\": \"Новохоперск\"}', 14),
(1704, 'Ольховатка', '{\"ru\": \"Ольховатка\"}', 14),
(1705, 'Острогожск', '{\"ru\": \"Острогожск\"}', 14),
(1706, 'Павловск (Воронежская обл.)', '{\"ru\": \"Павловск (Воронежская обл.)\"}', 14),
(1707, 'Панино', '{\"ru\": \"Панино\"}', 14),
(1708, 'Петропавловка', '{\"ru\": \"Петропавловка\"}', 14),
(1709, 'Поворино', '{\"ru\": \"Поворино\"}', 14),
(1710, 'Подгоренский', '{\"ru\": \"Подгоренский\"}', 14),
(1711, 'Рамонь', '{\"ru\": \"Рамонь\"}', 14),
(1712, 'Репьевка', '{\"ru\": \"Репьевка\"}', 14),
(1713, 'Россошь', '{\"ru\": \"Россошь\"}', 14),
(1714, 'Семилуки', '{\"ru\": \"Семилуки\"}', 14),
(1715, 'Таловая', '{\"ru\": \"Таловая\"}', 14),
(1716, 'Терновка', '{\"ru\": \"Терновка\"}', 14),
(1717, 'Хохольский', '{\"ru\": \"Хохольский\"}', 14),
(1718, 'Эртиль', '{\"ru\": \"Эртиль\"}', 14),
(1761, 'Агвали', '{\"ru\": \"Агвали\"}', 15),
(1762, 'Акуша', '{\"ru\": \"Акуша\"}', 15),
(1763, 'Ахты', '{\"ru\": \"Ахты\"}', 15),
(1764, 'Ачису', '{\"ru\": \"Ачису\"}', 15),
(1765, 'Бабаюрт', '{\"ru\": \"Бабаюрт\"}', 15),
(1766, 'Бежта', '{\"ru\": \"Бежта\"}', 15),
(1767, 'Ботлих', '{\"ru\": \"Ботлих\"}', 15),
(1768, 'Буйнакск', '{\"ru\": \"Буйнакск\"}', 15),
(1769, 'Вачи', '{\"ru\": \"Вачи\"}', 15),
(1770, 'Гергебиль', '{\"ru\": \"Гергебиль\"}', 15),
(1771, 'Гуниб', '{\"ru\": \"Гуниб\"}', 15),
(1772, 'Дагестанские Огни', '{\"ru\": \"Дагестанские Огни\"}', 15),
(1773, 'Дербент', '{\"ru\": \"Дербент\"}', 15),
(1774, 'Дылым', '{\"ru\": \"Дылым\"}', 15),
(1775, 'Ершовка', '{\"ru\": \"Ершовка\"}', 15),
(1776, 'Избербаш', '{\"ru\": \"Избербаш\"}', 15),
(1777, 'Карабудахкент', '{\"ru\": \"Карабудахкент\"}', 15),
(1778, 'Карата', '{\"ru\": \"Карата\"}', 15),
(1779, 'Каспийск', '{\"ru\": \"Каспийск\"}', 15),
(1780, 'Касумкент', '{\"ru\": \"Касумкент\"}', 15),
(1781, 'Кизилюрт', '{\"ru\": \"Кизилюрт\"}', 15),
(1782, 'Кизляр', '{\"ru\": \"Кизляр\"}', 15),
(1783, 'Кочубей', '{\"ru\": \"Кочубей\"}', 15),
(1784, 'Кумух', '{\"ru\": \"Кумух\"}', 15),
(1785, 'Курах', '{\"ru\": \"Курах\"}', 15),
(1786, 'Магарамкент', '{\"ru\": \"Магарамкент\"}', 15),
(1787, 'Маджалис', '{\"ru\": \"Маджалис\"}', 15),
(1788, 'Махачкала', '{\"ru\": \"Махачкала\"}', 15),
(1789, 'Мехельта', '{\"ru\": \"Мехельта\"}', 15),
(1790, 'Новолакское', '{\"ru\": \"Новолакское\"}', 15),
(1791, 'Рутул', '{\"ru\": \"Рутул\"}', 15),
(1792, 'Советское (Дагестан)', '{\"ru\": \"Советское (Дагестан)\"}', 15),
(1793, 'Тарумовка', '{\"ru\": \"Тарумовка\"}', 15),
(1794, 'Терекли-Мектеб', '{\"ru\": \"Терекли-Мектеб\"}', 15),
(1795, 'Тлярата', '{\"ru\": \"Тлярата\"}', 15),
(1796, 'Тпиг', '{\"ru\": \"Тпиг\"}', 15),
(1797, 'Унцукуль', '{\"ru\": \"Унцукуль\"}', 15),
(1798, 'Уркарах', '{\"ru\": \"Уркарах\"}', 15),
(1799, 'Хасавюрт', '{\"ru\": \"Хасавюрт\"}', 15),
(1800, 'Хив', '{\"ru\": \"Хив\"}', 15),
(1801, 'Хунзах', '{\"ru\": \"Хунзах\"}', 15),
(1802, 'Цуриб', '{\"ru\": \"Цуриб\"}', 15),
(1803, 'Южно-Сухокумск', '{\"ru\": \"Южно-Сухокумск\"}', 15),
(1870, 'Биробиджан', '{\"ru\": \"Биробиджан\"}', 16),
(1941, 'Архиповка', '{\"ru\": \"Архиповка\"}', 17),
(1942, 'Верхний Ландех', '{\"ru\": \"Верхний Ландех\"}', 17),
(1943, 'Вичуга', '{\"ru\": \"Вичуга\"}', 17),
(1944, 'Гаврилов Посад', '{\"ru\": \"Гаврилов Посад\"}', 17),
(1945, 'Долматовский', '{\"ru\": \"Долматовский\"}', 17),
(1946, 'Дуляпино', '{\"ru\": \"Дуляпино\"}', 17),
(1947, 'Заволжск', '{\"ru\": \"Заволжск\"}', 17),
(1948, 'Заречный (Ивановская обл.)', '{\"ru\": \"Заречный (Ивановская обл.)\"}', 17),
(1949, 'Иваново', '{\"ru\": \"Иваново\"}', 17),
(1950, 'Иваньковский', '{\"ru\": \"Иваньковский\"}', 17),
(1951, 'Ильинское-Хованское', '{\"ru\": \"Ильинское-Хованское\"}', 17),
(1952, 'Каминский', '{\"ru\": \"Каминский\"}', 17),
(1953, 'Кинешма', '{\"ru\": \"Кинешма\"}', 17),
(1954, 'Комсомольск', '{\"ru\": \"Комсомольск\"}', 17),
(1955, 'Кохма', '{\"ru\": \"Кохма\"}', 17),
(1956, 'Лух', '{\"ru\": \"Лух\"}', 17),
(1957, 'Палех', '{\"ru\": \"Палех\"}', 17),
(1958, 'Пестяки', '{\"ru\": \"Пестяки\"}', 17),
(1959, 'Приволжск', '{\"ru\": \"Приволжск\"}', 17),
(1960, 'Пучеж', '{\"ru\": \"Пучеж\"}', 17),
(1961, 'Родники (Ивановская обл.)', '{\"ru\": \"Родники (Ивановская обл.)\"}', 17),
(1962, 'Савино', '{\"ru\": \"Савино\"}', 17),
(1963, 'Сокольское', '{\"ru\": \"Сокольское\"}', 17),
(1964, 'Тейково', '{\"ru\": \"Тейково\"}', 17),
(1965, 'Фурманов', '{\"ru\": \"Фурманов\"}', 17),
(1966, 'Шуя', '{\"ru\": \"Шуя\"}', 17),
(1967, 'Южа', '{\"ru\": \"Южа\"}', 17),
(1968, 'Юрьевец', '{\"ru\": \"Юрьевец\"}', 17),
(2020, 'Алексеевск', '{\"ru\": \"Алексеевск\"}', 18),
(2021, 'Алзамай', '{\"ru\": \"Алзамай\"}', 18),
(2022, 'Алыгжер', '{\"ru\": \"Алыгжер\"}', 18),
(2023, 'Ангарск', '{\"ru\": \"Ангарск\"}', 18),
(2024, 'Артемовский (Иркутская обл.)', '{\"ru\": \"Артемовский (Иркутская обл.)\"}', 18),
(2025, 'Байкал', '{\"ru\": \"Байкал\"}', 18),
(2026, 'Байкальск', '{\"ru\": \"Байкальск\"}', 18),
(2027, 'Балаганск', '{\"ru\": \"Балаганск\"}', 18),
(2028, 'Баяндай', '{\"ru\": \"Баяндай\"}', 18),
(2029, 'Бирюсинск', '{\"ru\": \"Бирюсинск\"}', 18),
(2030, 'Бодайбо', '{\"ru\": \"Бодайбо\"}', 18),
(2031, 'Большая Речка', '{\"ru\": \"Большая Речка\"}', 18),
(2032, 'Большой Луг', '{\"ru\": \"Большой Луг\"}', 18),
(2033, 'Бохан', '{\"ru\": \"Бохан\"}', 18),
(2034, 'Братск', '{\"ru\": \"Братск\"}', 18),
(2035, 'Видим', '{\"ru\": \"Видим\"}', 18),
(2036, 'Витимский', '{\"ru\": \"Витимский\"}', 18),
(2037, 'Вихоревка', '{\"ru\": \"Вихоревка\"}', 18),
(2038, 'Еланцы', '{\"ru\": \"Еланцы\"}', 18),
(2039, 'Ербогачен', '{\"ru\": \"Ербогачен\"}', 18),
(2040, 'Железногорск-Илимский', '{\"ru\": \"Железногорск-Илимский\"}', 18),
(2041, 'Жигалово', '{\"ru\": \"Жигалово\"}', 18),
(2042, 'Забитуй', '{\"ru\": \"Забитуй\"}', 18),
(2043, 'Залари', '{\"ru\": \"Залари\"}', 18),
(2044, 'Звездный', '{\"ru\": \"Звездный\"}', 18),
(2045, 'Зима', '{\"ru\": \"Зима\"}', 18),
(2046, 'Иркутск', '{\"ru\": \"Иркутск\"}', 18),
(2047, 'Казачинское (Иркутская обл.)', '{\"ru\": \"Казачинское (Иркутская обл.)\"}', 18),
(2048, 'Качуг', '{\"ru\": \"Качуг\"}', 18),
(2049, 'Квиток', '{\"ru\": \"Квиток\"}', 18),
(2050, 'Киренск', '{\"ru\": \"Киренск\"}', 18),
(2051, 'Куйтун', '{\"ru\": \"Куйтун\"}', 18),
(2052, 'Култук', '{\"ru\": \"Култук\"}', 18),
(2053, 'Кутулик', '{\"ru\": \"Кутулик\"}', 18),
(2054, 'Мама', '{\"ru\": \"Мама\"}', 18),
(2055, 'Нижнеудинск', '{\"ru\": \"Нижнеудинск\"}', 18),
(2056, 'Оса', '{\"ru\": \"Оса\"}', 18),
(2057, 'Саянск', '{\"ru\": \"Саянск\"}', 18),
(2058, 'Слюдянка', '{\"ru\": \"Слюдянка\"}', 18),
(2059, 'Тайшет', '{\"ru\": \"Тайшет\"}', 18),
(2060, 'Тулун', '{\"ru\": \"Тулун\"}', 18),
(2061, 'Усолье-Сибирское (Иркутская обл.)', '{\"ru\": \"Усолье-Сибирское (Иркутская обл.)\"}', 18),
(2062, 'Усть-Илимск', '{\"ru\": \"Усть-Илимск\"}', 18),
(2063, 'Усть-Кут', '{\"ru\": \"Усть-Кут\"}', 18),
(2064, 'Усть-Ордынский', '{\"ru\": \"Усть-Ордынский\"}', 18),
(2065, 'Усть-Уда', '{\"ru\": \"Усть-Уда\"}', 18),
(2066, 'Черемхово', '{\"ru\": \"Черемхово\"}', 18),
(2067, 'Чунский', '{\"ru\": \"Чунский\"}', 18),
(2068, 'Шелехов', '{\"ru\": \"Шелехов\"}', 18),
(2123, 'Баксан', '{\"ru\": \"Баксан\"}', 19),
(2124, 'Майский', '{\"ru\": \"Майский\"}', 19),
(2125, 'Нальчик', '{\"ru\": \"Нальчик\"}', 19),
(2126, 'Нарткала', '{\"ru\": \"Нарткала\"}', 19),
(2127, 'Прохладный', '{\"ru\": \"Прохладный\"}', 19),
(2128, 'Советское (Кабардино-Балкария)', '{\"ru\": \"Советское (Кабардино-Балкария)\"}', 19),
(2129, 'Терек', '{\"ru\": \"Терек\"}', 19),
(2130, 'Тырныауз', '{\"ru\": \"Тырныауз\"}', 19),
(2131, 'Чегем-Первый', '{\"ru\": \"Чегем-Первый\"}', 19),
(2203, 'Багратионовск', '{\"ru\": \"Багратионовск\"}', 20),
(2204, 'Балтийск', '{\"ru\": \"Балтийск\"}', 20),
(2205, 'Гвардейск', '{\"ru\": \"Гвардейск\"}', 20),
(2206, 'Гурьевск (Калининградская обл.)', '{\"ru\": \"Гурьевск (Калининградская обл.)\"}', 20),
(2207, 'Гусев', '{\"ru\": \"Гусев\"}', 20),
(2208, 'Железнодорожный (Калининград.)', '{\"ru\": \"Железнодорожный (Калининград.)\"}', 20),
(2209, 'Зеленоградск', '{\"ru\": \"Зеленоградск\"}', 20),
(2210, 'Знаменск', '{\"ru\": \"Знаменск\"}', 20),
(2211, 'Калининград (Кенигсберг)', '{\"ru\": \"Калининград (Кенигсберг)\"}', 20),
(2212, 'Краснознаменск (Калининград.)', '{\"ru\": \"Краснознаменск (Калининград.)\"}', 20),
(2213, 'Ладушкин', '{\"ru\": \"Ладушкин\"}', 20),
(2214, 'Мамоново', '{\"ru\": \"Мамоново\"}', 20),
(2215, 'Неман', '{\"ru\": \"Неман\"}', 20),
(2216, 'Нестеров', '{\"ru\": \"Нестеров\"}', 20),
(2217, 'Озерск(Калининградская обл.)', '{\"ru\": \"Озерск(Калининградская обл.)\"}', 20),
(2218, 'Пионерск', '{\"ru\": \"Пионерск\"}', 20),
(2219, 'Полесск', '{\"ru\": \"Полесск\"}', 20),
(2220, 'Правдинск', '{\"ru\": \"Правдинск\"}', 20),
(2221, 'Светлогорск', '{\"ru\": \"Светлогорск\"}', 20),
(2222, 'Светлый (Калининградская обл.)', '{\"ru\": \"Светлый (Калининградская обл.)\"}', 20),
(2223, 'Славск', '{\"ru\": \"Славск\"}', 20),
(2224, 'Советск (Калининградская обл.)', '{\"ru\": \"Советск (Калининградская обл.)\"}', 20),
(2225, 'Черняховск', '{\"ru\": \"Черняховск\"}', 20),
(2258, 'Аршань', '{\"ru\": \"Аршань\"}', 21),
(2259, 'Городовиковск', '{\"ru\": \"Городовиковск\"}', 21),
(2260, 'Каспийский', '{\"ru\": \"Каспийский\"}', 21),
(2261, 'Комсомольский (Калмыкия)', '{\"ru\": \"Комсомольский (Калмыкия)\"}', 21),
(2262, 'Малые Дербеты', '{\"ru\": \"Малые Дербеты\"}', 21),
(2263, 'Приютное', '{\"ru\": \"Приютное\"}', 21),
(2264, 'Советское (Калмыкия)', '{\"ru\": \"Советское (Калмыкия)\"}', 21),
(2265, 'Троицкое (Калмыкия)', '{\"ru\": \"Троицкое (Калмыкия)\"}', 21),
(2266, 'Утта', '{\"ru\": \"Утта\"}', 21),
(2267, 'Цаган-Аман', '{\"ru\": \"Цаган-Аман\"}', 21),
(2268, 'Элиста', '{\"ru\": \"Элиста\"}', 21),
(2269, 'Юста', '{\"ru\": \"Юста\"}', 21),
(2270, 'Яшалта', '{\"ru\": \"Яшалта\"}', 21),
(2271, 'Яшкуль', '{\"ru\": \"Яшкуль\"}', 21),
(2343, 'Бабынино', '{\"ru\": \"Бабынино\"}', 22),
(2344, 'Балабаново', '{\"ru\": \"Балабаново\"}', 22),
(2345, 'Барятино', '{\"ru\": \"Барятино\"}', 22),
(2346, 'Белоусово', '{\"ru\": \"Белоусово\"}', 22),
(2347, 'Бетлица', '{\"ru\": \"Бетлица\"}', 22),
(2348, 'Боровск', '{\"ru\": \"Боровск\"}', 22),
(2349, 'Дудоровский', '{\"ru\": \"Дудоровский\"}', 22),
(2350, 'Думиничи', '{\"ru\": \"Думиничи\"}', 22),
(2351, 'Еленский', '{\"ru\": \"Еленский\"}', 22),
(2352, 'Жиздра', '{\"ru\": \"Жиздра\"}', 22),
(2353, 'Жуков', '{\"ru\": \"Жуков\"}', 22),
(2354, 'Износки', '{\"ru\": \"Износки\"}', 22),
(2355, 'Калуга', '{\"ru\": \"Калуга\"}', 22),
(2356, 'Киров (Калужская обл.)', '{\"ru\": \"Киров (Калужская обл.)\"}', 22),
(2357, 'Козельск', '{\"ru\": \"Козельск\"}', 22),
(2358, 'Кондрово', '{\"ru\": \"Кондрово\"}', 22),
(2359, 'Кремёнки', '{\"ru\": \"Кремёнки\"}', 22),
(2360, 'Людиново', '{\"ru\": \"Людиново\"}', 22),
(2361, 'Малоярославец', '{\"ru\": \"Малоярославец\"}', 22),
(2362, 'Медынь', '{\"ru\": \"Медынь\"}', 22),
(2363, 'Мещовск', '{\"ru\": \"Мещовск\"}', 22),
(2364, 'Мосальск', '{\"ru\": \"Мосальск\"}', 22),
(2365, 'Обнинск', '{\"ru\": \"Обнинск\"}', 22),
(2366, 'Перемышль', '{\"ru\": \"Перемышль\"}', 22),
(2367, 'Спас-Деменск', '{\"ru\": \"Спас-Деменск\"}', 22),
(2368, 'Сухиничи', '{\"ru\": \"Сухиничи\"}', 22),
(2369, 'Таруса', '{\"ru\": \"Таруса\"}', 22),
(2370, 'Ульяново', '{\"ru\": \"Ульяново\"}', 22),
(2371, 'Ферзиково', '{\"ru\": \"Ферзиково\"}', 22),
(2372, 'Хвастовичи', '{\"ru\": \"Хвастовичи\"}', 22),
(2373, 'Юхнов', '{\"ru\": \"Юхнов\"}', 22),
(2445, 'Атласово', '{\"ru\": \"Атласово\"}', 23),
(2446, 'Аянка', '{\"ru\": \"Аянка\"}', 23),
(2447, 'Большерецк', '{\"ru\": \"Большерецк\"}', 23),
(2448, 'Вилючинск', '{\"ru\": \"Вилючинск\"}', 23),
(2449, 'Елизово (Камчатская обл.)', '{\"ru\": \"Елизово (Камчатская обл.)\"}', 23),
(2450, 'Ильпырский', '{\"ru\": \"Ильпырский\"}', 23),
(2451, 'Каменское', '{\"ru\": \"Каменское\"}', 23),
(2452, 'Кировский', '{\"ru\": \"Кировский\"}', 23),
(2453, 'Ключи (Камчатская обл.)', '{\"ru\": \"Ключи (Камчатская обл.)\"}', 23),
(2454, 'Крапивная', '{\"ru\": \"Крапивная\"}', 23),
(2455, 'Мильково', '{\"ru\": \"Мильково\"}', 23),
(2456, 'Никольское', '{\"ru\": \"Никольское\"}', 23),
(2457, 'Озерновский', '{\"ru\": \"Озерновский\"}', 23),
(2458, 'Оссора', '{\"ru\": \"Оссора\"}', 23),
(2459, 'Палана', '{\"ru\": \"Палана\"}', 23),
(2460, 'Парень', '{\"ru\": \"Парень\"}', 23),
(2461, 'Пахачи', '{\"ru\": \"Пахачи\"}', 23),
(2462, 'Петропавловск-Камчатский', '{\"ru\": \"Петропавловск-Камчатский\"}', 23),
(2463, 'Тигиль', '{\"ru\": \"Тигиль\"}', 23),
(2464, 'Тиличики', '{\"ru\": \"Тиличики\"}', 23),
(2465, 'Усть-Большерецк', '{\"ru\": \"Усть-Большерецк\"}', 23),
(2466, 'Усть-Камчатск', '{\"ru\": \"Усть-Камчатск\"}', 23),
(2564, 'Амбарный', '{\"ru\": \"Амбарный\"}', 24),
(2565, 'Беломорск', '{\"ru\": \"Беломорск\"}', 24),
(2566, 'Валаам', '{\"ru\": \"Валаам\"}', 24),
(2567, 'Вирандозеро', '{\"ru\": \"Вирандозеро\"}', 24),
(2568, 'Гирвас', '{\"ru\": \"Гирвас\"}', 24),
(2569, 'Деревянка', '{\"ru\": \"Деревянка\"}', 24),
(2570, 'Идель', '{\"ru\": \"Идель\"}', 24),
(2571, 'Ильинский (Карелия)', '{\"ru\": \"Ильинский (Карелия)\"}', 24),
(2572, 'Калевала', '{\"ru\": \"Калевала\"}', 24),
(2573, 'Кемь', '{\"ru\": \"Кемь\"}', 24),
(2574, 'Кестеньга', '{\"ru\": \"Кестеньга\"}', 24),
(2575, 'Кондопога', '{\"ru\": \"Кондопога\"}', 24),
(2576, 'Костомукша', '{\"ru\": \"Костомукша\"}', 24),
(2577, 'Лахденпохья', '{\"ru\": \"Лахденпохья\"}', 24),
(2578, 'Лоухи', '{\"ru\": \"Лоухи\"}', 24),
(2579, 'Медвежьегорск', '{\"ru\": \"Медвежьегорск\"}', 24),
(2580, 'Муезерский', '{\"ru\": \"Муезерский\"}', 24),
(2581, 'Олонец', '{\"ru\": \"Олонец\"}', 24),
(2582, 'Петрозаводск', '{\"ru\": \"Петрозаводск\"}', 24),
(2583, 'Питкяранта', '{\"ru\": \"Питкяранта\"}', 24),
(2584, 'Повенец', '{\"ru\": \"Повенец\"}', 24),
(2585, 'Пряжа', '{\"ru\": \"Пряжа\"}', 24),
(2586, 'Пудож', '{\"ru\": \"Пудож\"}', 24),
(2587, 'Сегежа', '{\"ru\": \"Сегежа\"}', 24),
(2588, 'Сортавала', '{\"ru\": \"Сортавала\"}', 24),
(2589, 'Суоярви', '{\"ru\": \"Суоярви\"}', 24),
(2590, 'Хийденсельга', '{\"ru\": \"Хийденсельга\"}', 24),
(2661, 'Анжеро-Судженск', '{\"ru\": \"Анжеро-Судженск\"}', 25),
(2662, 'Барзас', '{\"ru\": \"Барзас\"}', 25),
(2663, 'Белово', '{\"ru\": \"Белово\"}', 25),
(2664, 'Белогорск', '{\"ru\": \"Белогорск\"}', 25),
(2665, 'Березовский (Кемеровская обл.)', '{\"ru\": \"Березовский (Кемеровская обл.)\"}', 25),
(2666, 'Грамотеино', '{\"ru\": \"Грамотеино\"}', 25),
(2667, 'Гурьевск', '{\"ru\": \"Гурьевск\"}', 25),
(2668, 'Ижморский', '{\"ru\": \"Ижморский\"}', 25),
(2669, 'Итатский', '{\"ru\": \"Итатский\"}', 25),
(2670, 'Калтан', '{\"ru\": \"Калтан\"}', 25),
(2671, 'Кедровка', '{\"ru\": \"Кедровка\"}', 25),
(2672, 'Кемерово', '{\"ru\": \"Кемерово\"}', 25),
(2673, 'Киселевск', '{\"ru\": \"Киселевск\"}', 25),
(2674, 'Крапивинский', '{\"ru\": \"Крапивинский\"}', 25),
(2675, 'Ленинск-Кузнецкий', '{\"ru\": \"Ленинск-Кузнецкий\"}', 25),
(2676, 'Мариинск', '{\"ru\": \"Мариинск\"}', 25),
(2677, 'Междуреченск', '{\"ru\": \"Междуреченск\"}', 25),
(2678, 'Мыски', '{\"ru\": \"Мыски\"}', 25),
(2679, 'Новокузнецк', '{\"ru\": \"Новокузнецк\"}', 25),
(2680, 'Осинники', '{\"ru\": \"Осинники\"}', 25),
(2681, 'Полысаево', '{\"ru\": \"Полысаево\"}', 25),
(2682, 'Прокопьевск', '{\"ru\": \"Прокопьевск\"}', 25),
(2683, 'Промышленная', '{\"ru\": \"Промышленная\"}', 25),
(2684, 'Тайга', '{\"ru\": \"Тайга\"}', 25),
(2685, 'Таштагол', '{\"ru\": \"Таштагол\"}', 25),
(2686, 'Тисуль', '{\"ru\": \"Тисуль\"}', 25),
(2687, 'Топки', '{\"ru\": \"Топки\"}', 25),
(2688, 'Тяжинский', '{\"ru\": \"Тяжинский\"}', 25),
(2689, 'Юрга', '{\"ru\": \"Юрга\"}', 25),
(2690, 'Яшкино', '{\"ru\": \"Яшкино\"}', 25),
(2691, 'Яя', '{\"ru\": \"Яя\"}', 25),
(2809, 'Кикнур', '{\"ru\": \"Кикнур\"}', 26),
(2810, 'Кильмезь', '{\"ru\": \"Кильмезь\"}', 26),
(2811, 'Арбаж', '{\"ru\": \"Арбаж\"}', 26),
(2812, 'Аркуль', '{\"ru\": \"Аркуль\"}', 26),
(2813, 'Белая Холуница', '{\"ru\": \"Белая Холуница\"}', 26),
(2814, 'Богородское (Кировская обл.)', '{\"ru\": \"Богородское (Кировская обл.)\"}', 26),
(2815, 'Боровой', '{\"ru\": \"Боровой\"}', 26),
(2816, 'Верхошижемье', '{\"ru\": \"Верхошижемье\"}', 26),
(2817, 'Вятские Поляны (Кировская обл.)', '{\"ru\": \"Вятские Поляны (Кировская обл.)\"}', 26),
(2818, 'Зуевка', '{\"ru\": \"Зуевка\"}', 26),
(2819, 'Каринторф', '{\"ru\": \"Каринторф\"}', 26),
(2820, 'Киров (Кировская обл.)', '{\"ru\": \"Киров (Кировская обл.)\"}', 26),
(2821, 'Кирово-Чепецк', '{\"ru\": \"Кирово-Чепецк\"}', 26),
(2822, 'Кирс', '{\"ru\": \"Кирс\"}', 26),
(2823, 'Кобра', '{\"ru\": \"Кобра\"}', 26),
(2824, 'Котельнич', '{\"ru\": \"Котельнич\"}', 26),
(2825, 'Кумены', '{\"ru\": \"Кумены\"}', 26),
(2826, 'Ленинское', '{\"ru\": \"Ленинское\"}', 26),
(2827, 'Луза', '{\"ru\": \"Луза\"}', 26),
(2828, 'Малмыж', '{\"ru\": \"Малмыж\"}', 26),
(2829, 'Мураши', '{\"ru\": \"Мураши\"}', 26),
(2830, 'Нагорск', '{\"ru\": \"Нагорск\"}', 26),
(2831, 'Нема', '{\"ru\": \"Нема\"}', 26),
(2832, 'Нововятск', '{\"ru\": \"Нововятск\"}', 26),
(2833, 'Нолинск', '{\"ru\": \"Нолинск\"}', 26),
(2834, 'Омутнинск', '{\"ru\": \"Омутнинск\"}', 26),
(2835, 'Опарино', '{\"ru\": \"Опарино\"}', 26),
(2836, 'Оричи', '{\"ru\": \"Оричи\"}', 26),
(2837, 'Пижанка', '{\"ru\": \"Пижанка\"}', 26),
(2838, 'Подосиновец', '{\"ru\": \"Подосиновец\"}', 26),
(2839, 'Санчурск', '{\"ru\": \"Санчурск\"}', 26);
INSERT INTO `cities` (`id`, `name`, `translation`, `region_id`) VALUES
(2840, 'Свеча', '{\"ru\": \"Свеча\"}', 26),
(2841, 'Слободской', '{\"ru\": \"Слободской\"}', 26),
(2842, 'Советск (Кировская обл.)', '{\"ru\": \"Советск (Кировская обл.)\"}', 26),
(2843, 'Суна', '{\"ru\": \"Суна\"}', 26),
(2844, 'Тужа', '{\"ru\": \"Тужа\"}', 26),
(2845, 'Уни', '{\"ru\": \"Уни\"}', 26),
(2846, 'Уржум', '{\"ru\": \"Уржум\"}', 26),
(2847, 'Фаленки', '{\"ru\": \"Фаленки\"}', 26),
(2848, 'Халтурин', '{\"ru\": \"Халтурин\"}', 26),
(2849, 'Юрья', '{\"ru\": \"Юрья\"}', 26),
(2850, 'Яранск', '{\"ru\": \"Яранск\"}', 26),
(2917, 'Абезь', '{\"ru\": \"Абезь\"}', 27),
(2918, 'Адзьвавом', '{\"ru\": \"Адзьвавом\"}', 27),
(2919, 'Айкино', '{\"ru\": \"Айкино\"}', 27),
(2920, 'Верхняя Инта', '{\"ru\": \"Верхняя Инта\"}', 27),
(2921, 'Визинга', '{\"ru\": \"Визинга\"}', 27),
(2922, 'Водный', '{\"ru\": \"Водный\"}', 27),
(2923, 'Воркута', '{\"ru\": \"Воркута\"}', 27),
(2924, 'Вуктыл', '{\"ru\": \"Вуктыл\"}', 27),
(2925, 'Елецкий', '{\"ru\": \"Елецкий\"}', 27),
(2926, 'Емва', '{\"ru\": \"Емва\"}', 27),
(2927, 'Жешарт', '{\"ru\": \"Жешарт\"}', 27),
(2928, 'Заполярный', '{\"ru\": \"Заполярный\"}', 27),
(2929, 'Ижма', '{\"ru\": \"Ижма\"}', 27),
(2930, 'Инта', '{\"ru\": \"Инта\"}', 27),
(2931, 'Ираель', '{\"ru\": \"Ираель\"}', 27),
(2932, 'Каджером', '{\"ru\": \"Каджером\"}', 27),
(2933, 'Кажым', '{\"ru\": \"Кажым\"}', 27),
(2934, 'Кожым', '{\"ru\": \"Кожым\"}', 27),
(2935, 'Койгородок', '{\"ru\": \"Койгородок\"}', 27),
(2936, 'Корткерос', '{\"ru\": \"Корткерос\"}', 27),
(2937, 'Кослан', '{\"ru\": \"Кослан\"}', 27),
(2938, 'Микунь', '{\"ru\": \"Микунь\"}', 27),
(2939, 'Нижний Одес', '{\"ru\": \"Нижний Одес\"}', 27),
(2940, 'Объячево', '{\"ru\": \"Объячево\"}', 27),
(2941, 'Печора', '{\"ru\": \"Печора\"}', 27),
(2942, 'Сосногорск', '{\"ru\": \"Сосногорск\"}', 27),
(2943, 'Сыктывкар', '{\"ru\": \"Сыктывкар\"}', 27),
(2944, 'Троицко-Печерск', '{\"ru\": \"Троицко-Печерск\"}', 27),
(2945, 'Усинск', '{\"ru\": \"Усинск\"}', 27),
(2946, 'Усогорск', '{\"ru\": \"Усогорск\"}', 27),
(2947, 'Усть-Кулом', '{\"ru\": \"Усть-Кулом\"}', 27),
(2948, 'Усть-Цильма', '{\"ru\": \"Усть-Цильма\"}', 27),
(2949, 'Ухта', '{\"ru\": \"Ухта\"}', 27),
(3016, 'Антропово', '{\"ru\": \"Антропово\"}', 28),
(3017, 'Боговарово', '{\"ru\": \"Боговарово\"}', 28),
(3018, 'Буй', '{\"ru\": \"Буй\"}', 28),
(3019, 'Волгореченск', '{\"ru\": \"Волгореченск\"}', 28),
(3020, 'Галич', '{\"ru\": \"Галич\"}', 28),
(3021, 'Горчуха', '{\"ru\": \"Горчуха\"}', 28),
(3022, 'Зебляки', '{\"ru\": \"Зебляки\"}', 28),
(3023, 'Кадый', '{\"ru\": \"Кадый\"}', 28),
(3024, 'Кологрив', '{\"ru\": \"Кологрив\"}', 28),
(3025, 'Кострома', '{\"ru\": \"Кострома\"}', 28),
(3026, 'Красное-на-Волге', '{\"ru\": \"Красное-на-Волге\"}', 28),
(3027, 'Макарьев', '{\"ru\": \"Макарьев\"}', 28),
(3028, 'Мантурово', '{\"ru\": \"Мантурово\"}', 28),
(3029, 'Нерехта', '{\"ru\": \"Нерехта\"}', 28),
(3030, 'Нея', '{\"ru\": \"Нея\"}', 28),
(3031, 'Островское', '{\"ru\": \"Островское\"}', 28),
(3032, 'Павино', '{\"ru\": \"Павино\"}', 28),
(3033, 'Парфентьево', '{\"ru\": \"Парфентьево\"}', 28),
(3034, 'Поназырево', '{\"ru\": \"Поназырево\"}', 28),
(3035, 'Солигалич', '{\"ru\": \"Солигалич\"}', 28),
(3036, 'Судиславль', '{\"ru\": \"Судиславль\"}', 28),
(3037, 'Сусанино', '{\"ru\": \"Сусанино\"}', 28),
(3038, 'Чухлома', '{\"ru\": \"Чухлома\"}', 28),
(3039, 'Шарья', '{\"ru\": \"Шарья\"}', 28),
(3040, 'Шемятино', '{\"ru\": \"Шемятино\"}', 28),
(3100, 'Абинск', '{\"ru\": \"Абинск\"}', 29),
(3101, 'Абрау-Дюрсо', '{\"ru\": \"Абрау-Дюрсо\"}', 29),
(3102, 'Адлер', '{\"ru\": \"Адлер\"}', 29),
(3103, 'Анапа', '{\"ru\": \"Анапа\"}', 29),
(3104, 'Апшеронск', '{\"ru\": \"Апшеронск\"}', 29),
(3105, 'Армавир', '{\"ru\": \"Армавир\"}', 29),
(3106, 'Архипо-Осиповка', '{\"ru\": \"Архипо-Осиповка\"}', 29),
(3107, 'Афипский', '{\"ru\": \"Афипский\"}', 29),
(3108, 'Ахтырский', '{\"ru\": \"Ахтырский\"}', 29),
(3109, 'Ачуево', '{\"ru\": \"Ачуево\"}', 29),
(3110, 'Белая Глина', '{\"ru\": \"Белая Глина\"}', 29),
(3111, 'Белореченск', '{\"ru\": \"Белореченск\"}', 29),
(3112, 'Верхнебаканский', '{\"ru\": \"Верхнебаканский\"}', 29),
(3113, 'Выселки', '{\"ru\": \"Выселки\"}', 29),
(3114, 'Геленджик', '{\"ru\": \"Геленджик\"}', 29),
(3115, 'Гиагинская', '{\"ru\": \"Гиагинская\"}', 29),
(3116, 'Горячий Ключ', '{\"ru\": \"Горячий Ключ\"}', 29),
(3117, 'Гулькевичи', '{\"ru\": \"Гулькевичи\"}', 29),
(3118, 'Джубга', '{\"ru\": \"Джубга\"}', 29),
(3119, 'Динская', '{\"ru\": \"Динская\"}', 29),
(3120, 'Ейск', '{\"ru\": \"Ейск\"}', 29),
(3121, 'Ильский', '{\"ru\": \"Ильский\"}', 29),
(3122, 'Кабардинка', '{\"ru\": \"Кабардинка\"}', 29),
(3123, 'Калинино', '{\"ru\": \"Калинино\"}', 29),
(3124, 'Калининская', '{\"ru\": \"Калининская\"}', 29),
(3125, 'Каменномостский', '{\"ru\": \"Каменномостский\"}', 29),
(3126, 'Каневская', '{\"ru\": \"Каневская\"}', 29),
(3127, 'Кореновск', '{\"ru\": \"Кореновск\"}', 29),
(3128, 'Красноармейская', '{\"ru\": \"Красноармейская\"}', 29),
(3129, 'Краснодар', '{\"ru\": \"Краснодар\"}', 29),
(3130, 'Кропоткин', '{\"ru\": \"Кропоткин\"}', 29),
(3131, 'Крыловская', '{\"ru\": \"Крыловская\"}', 29),
(3132, 'Крымск', '{\"ru\": \"Крымск\"}', 29),
(3133, 'Курганинск', '{\"ru\": \"Курганинск\"}', 29),
(3134, 'Кущевская', '{\"ru\": \"Кущевская\"}', 29),
(3135, 'Лабинск', '{\"ru\": \"Лабинск\"}', 29),
(3136, 'Лазаревское', '{\"ru\": \"Лазаревское\"}', 29),
(3137, 'Ленинградская', '{\"ru\": \"Ленинградская\"}', 29),
(3138, 'Майкоп (Краснодарский край)', '{\"ru\": \"Майкоп (Краснодарский край)\"}', 29),
(3139, 'Мостовской', '{\"ru\": \"Мостовской\"}', 29),
(3140, 'Новокубанск', '{\"ru\": \"Новокубанск\"}', 29),
(3141, 'Новороссийск', '{\"ru\": \"Новороссийск\"}', 29),
(3142, 'Отрадная', '{\"ru\": \"Отрадная\"}', 29),
(3143, 'Павловская', '{\"ru\": \"Павловская\"}', 29),
(3144, 'Приморско-Ахтарск', '{\"ru\": \"Приморско-Ахтарск\"}', 29),
(3145, 'Северская', '{\"ru\": \"Северская\"}', 29),
(3146, 'Славянск-на-Кубани', '{\"ru\": \"Славянск-на-Кубани\"}', 29),
(3147, 'Сочи', '{\"ru\": \"Сочи\"}', 29),
(3148, 'Староминская', '{\"ru\": \"Староминская\"}', 29),
(3149, 'Старощербиновская', '{\"ru\": \"Старощербиновская\"}', 29),
(3150, 'Тбилисская', '{\"ru\": \"Тбилисская\"}', 29),
(3151, 'Темрюк', '{\"ru\": \"Темрюк\"}', 29),
(3152, 'Тимашевск', '{\"ru\": \"Тимашевск\"}', 29),
(3153, 'Тихорецк', '{\"ru\": \"Тихорецк\"}', 29),
(3154, 'Туапсе', '{\"ru\": \"Туапсе\"}', 29),
(3155, 'Тульский', '{\"ru\": \"Тульский\"}', 29),
(3156, 'Усть-Лабинск', '{\"ru\": \"Усть-Лабинск\"}', 29),
(3157, 'Хадыженск', '{\"ru\": \"Хадыженск\"}', 29),
(3158, 'Хоста', '{\"ru\": \"Хоста\"}', 29),
(3159, 'Шовгеновский', '{\"ru\": \"Шовгеновский\"}', 29),
(3203, 'Абаза', '{\"ru\": \"Абаза\"}', 30),
(3204, 'Абакан', '{\"ru\": \"Абакан\"}', 30),
(3205, 'Агинское', '{\"ru\": \"Агинское\"}', 30),
(3206, 'Артемовск', '{\"ru\": \"Артемовск\"}', 30),
(3207, 'Аскиз', '{\"ru\": \"Аскиз\"}', 30),
(3208, 'Ачинск', '{\"ru\": \"Ачинск\"}', 30),
(3209, 'Байкит', '{\"ru\": \"Байкит\"}', 30),
(3210, 'Балахта', '{\"ru\": \"Балахта\"}', 30),
(3211, 'Балыкса', '{\"ru\": \"Балыкса\"}', 30),
(3212, 'Белый Яр', '{\"ru\": \"Белый Яр\"}', 30),
(3213, 'Бея', '{\"ru\": \"Бея\"}', 30),
(3214, 'Бискамжа', '{\"ru\": \"Бискамжа\"}', 30),
(3215, 'Боготол', '{\"ru\": \"Боготол\"}', 30),
(3216, 'Боград', '{\"ru\": \"Боград\"}', 30),
(3217, 'Богучаны', '{\"ru\": \"Богучаны\"}', 30),
(3218, 'Большая Мурта', '{\"ru\": \"Большая Мурта\"}', 30),
(3219, 'Большой Улуй', '{\"ru\": \"Большой Улуй\"}', 30),
(3220, 'Бородино (Красноярский край)', '{\"ru\": \"Бородино (Красноярский край)\"}', 30),
(3221, 'Ванавара', '{\"ru\": \"Ванавара\"}', 30),
(3222, 'Верхнеимбатск', '{\"ru\": \"Верхнеимбатск\"}', 30),
(3223, 'Горячегорск', '{\"ru\": \"Горячегорск\"}', 30),
(3224, 'Дзержинское', '{\"ru\": \"Дзержинское\"}', 30),
(3225, 'Дивногорск', '{\"ru\": \"Дивногорск\"}', 30),
(3226, 'Диксон', '{\"ru\": \"Диксон\"}', 30),
(3227, 'Дудинка', '{\"ru\": \"Дудинка\"}', 30),
(3228, 'Емельяново', '{\"ru\": \"Емельяново\"}', 30),
(3229, 'Енисейск', '{\"ru\": \"Енисейск\"}', 30),
(3230, 'Ермаковское', '{\"ru\": \"Ермаковское\"}', 30),
(3231, 'Железногорск', '{\"ru\": \"Железногорск\"}', 30),
(3232, 'Заозерный', '{\"ru\": \"Заозерный\"}', 30),
(3233, 'Зеленогорск (Красноярский край)', '{\"ru\": \"Зеленогорск (Красноярский край)\"}', 30),
(3234, 'Игарка', '{\"ru\": \"Игарка\"}', 30),
(3235, 'Идринское', '{\"ru\": \"Идринское\"}', 30),
(3236, 'Иланский', '{\"ru\": \"Иланский\"}', 30),
(3237, 'Ирбейское', '{\"ru\": \"Ирбейское\"}', 30),
(3238, 'Казачинское (Красноярский край)', '{\"ru\": \"Казачинское (Красноярский край)\"}', 30),
(3239, 'Канск', '{\"ru\": \"Канск\"}', 30),
(3240, 'Каратузское', '{\"ru\": \"Каратузское\"}', 30),
(3241, 'Караул', '{\"ru\": \"Караул\"}', 30),
(3242, 'Кодинск', '{\"ru\": \"Кодинск\"}', 30),
(3243, 'Козулька', '{\"ru\": \"Козулька\"}', 30),
(3244, 'Копьево', '{\"ru\": \"Копьево\"}', 30),
(3245, 'Краснотуранск', '{\"ru\": \"Краснотуранск\"}', 30),
(3246, 'Красноярск', '{\"ru\": \"Красноярск\"}', 30),
(3247, 'Курагино', '{\"ru\": \"Курагино\"}', 30),
(3248, 'Лесосибирск', '{\"ru\": \"Лесосибирск\"}', 30),
(3249, 'Минусинск', '{\"ru\": \"Минусинск\"}', 30),
(3250, 'Мотыгино', '{\"ru\": \"Мотыгино\"}', 30),
(3251, 'Назарово', '{\"ru\": \"Назарово\"}', 30),
(3252, 'Нижний Ингаш', '{\"ru\": \"Нижний Ингаш\"}', 30),
(3253, 'Новоселово', '{\"ru\": \"Новоселово\"}', 30),
(3254, 'Норильск', '{\"ru\": \"Норильск\"}', 30),
(3255, 'Партизанское', '{\"ru\": \"Партизанское\"}', 30),
(3256, 'Пировское', '{\"ru\": \"Пировское\"}', 30),
(3257, 'Северо-Енисейский', '{\"ru\": \"Северо-Енисейский\"}', 30),
(3258, 'Сосновоборск (Красноярский край)', '{\"ru\": \"Сосновоборск (Красноярский край)\"}', 30),
(3259, 'Тасеево', '{\"ru\": \"Тасеево\"}', 30),
(3260, 'Таштып', '{\"ru\": \"Таштып\"}', 30),
(3261, 'Тура', '{\"ru\": \"Тура\"}', 30),
(3262, 'Туруханск', '{\"ru\": \"Туруханск\"}', 30),
(3263, 'Тюхтет', '{\"ru\": \"Тюхтет\"}', 30),
(3264, 'Ужур', '{\"ru\": \"Ужур\"}', 30),
(3265, 'Уяр', '{\"ru\": \"Уяр\"}', 30),
(3266, 'Хатанга', '{\"ru\": \"Хатанга\"}', 30),
(3267, 'Черемушки', '{\"ru\": \"Черемушки\"}', 30),
(3268, 'Черногорск', '{\"ru\": \"Черногорск\"}', 30),
(3269, 'Шалинское', '{\"ru\": \"Шалинское\"}', 30),
(3270, 'Шарыпово (Красноярский край)', '{\"ru\": \"Шарыпово (Красноярский край)\"}', 30),
(3271, 'Шира', '{\"ru\": \"Шира\"}', 30),
(3272, 'Шушенское', '{\"ru\": \"Шушенское\"}', 30),
(3325, 'Варгаши', '{\"ru\": \"Варгаши\"}', 31),
(3326, 'Глядянское', '{\"ru\": \"Глядянское\"}', 31),
(3327, 'Далматово', '{\"ru\": \"Далматово\"}', 31),
(3328, 'Каргаполье', '{\"ru\": \"Каргаполье\"}', 31),
(3329, 'Катайск', '{\"ru\": \"Катайск\"}', 31),
(3330, 'Кетово', '{\"ru\": \"Кетово\"}', 31),
(3331, 'Курган', '{\"ru\": \"Курган\"}', 31),
(3332, 'Куртамыш', '{\"ru\": \"Куртамыш\"}', 31),
(3333, 'Лебяжье', '{\"ru\": \"Лебяжье\"}', 31),
(3334, 'Макушино', '{\"ru\": \"Макушино\"}', 31),
(3335, 'Мишкино', '{\"ru\": \"Мишкино\"}', 31),
(3336, 'Мокроусово', '{\"ru\": \"Мокроусово\"}', 31),
(3337, 'Петухово', '{\"ru\": \"Петухово\"}', 31),
(3338, 'Половинное', '{\"ru\": \"Половинное\"}', 31),
(3339, 'Сафакулево', '{\"ru\": \"Сафакулево\"}', 31),
(3340, 'Целинное', '{\"ru\": \"Целинное\"}', 31),
(3341, 'Шадринск', '{\"ru\": \"Шадринск\"}', 31),
(3342, 'Шатрово', '{\"ru\": \"Шатрово\"}', 31),
(3343, 'Шумиха', '{\"ru\": \"Шумиха\"}', 31),
(3344, 'Щучье', '{\"ru\": \"Щучье\"}', 31),
(3345, 'Юргамыш', '{\"ru\": \"Юргамыш\"}', 31),
(3389, 'Альменево', '{\"ru\": \"Альменево\"}', 32),
(3390, 'Белая', '{\"ru\": \"Белая\"}', 32),
(3391, 'Большое Солдатское', '{\"ru\": \"Большое Солдатское\"}', 32),
(3392, 'Глушково', '{\"ru\": \"Глушково\"}', 32),
(3393, 'Горшечное', '{\"ru\": \"Горшечное\"}', 32),
(3394, 'Дмитриев-Льговский', '{\"ru\": \"Дмитриев-Льговский\"}', 32),
(3395, 'Железногорск', '{\"ru\": \"Железногорск\"}', 32),
(3396, 'Золотухино', '{\"ru\": \"Золотухино\"}', 32),
(3397, 'Касторное', '{\"ru\": \"Касторное\"}', 32),
(3398, 'Конышевка', '{\"ru\": \"Конышевка\"}', 32),
(3399, 'Коренево', '{\"ru\": \"Коренево\"}', 32),
(3400, 'Курск', '{\"ru\": \"Курск\"}', 32),
(3401, 'Курчатов', '{\"ru\": \"Курчатов\"}', 32),
(3402, 'Кшенский', '{\"ru\": \"Кшенский\"}', 32),
(3403, 'Льгов', '{\"ru\": \"Льгов\"}', 32),
(3404, 'Мантурово', '{\"ru\": \"Мантурово\"}', 32),
(3405, 'Медвенка', '{\"ru\": \"Медвенка\"}', 32),
(3406, 'Обоянь', '{\"ru\": \"Обоянь\"}', 32),
(3407, 'Поныри', '{\"ru\": \"Поныри\"}', 32),
(3408, 'Пристень', '{\"ru\": \"Пристень\"}', 32),
(3409, 'Прямицыно', '{\"ru\": \"Прямицыно\"}', 32),
(3410, 'Рыльск', '{\"ru\": \"Рыльск\"}', 32),
(3411, 'Суджа', '{\"ru\": \"Суджа\"}', 32),
(3412, 'Тим', '{\"ru\": \"Тим\"}', 32),
(3413, 'Фатеж', '{\"ru\": \"Фатеж\"}', 32),
(3414, 'Хомутовка', '{\"ru\": \"Хомутовка\"}', 32),
(3415, 'Черемисиново', '{\"ru\": \"Черемисиново\"}', 32),
(3416, 'Щигры', '{\"ru\": \"Щигры\"}', 32),
(3455, 'Грязи', '{\"ru\": \"Грязи\"}', 33),
(3456, 'Данков', '{\"ru\": \"Данков\"}', 33),
(3457, 'Доброе', '{\"ru\": \"Доброе\"}', 33),
(3458, 'Долгоруково', '{\"ru\": \"Долгоруково\"}', 33),
(3459, 'Елец', '{\"ru\": \"Елец\"}', 33),
(3460, 'Задонск', '{\"ru\": \"Задонск\"}', 33),
(3461, 'Измалково', '{\"ru\": \"Измалково\"}', 33),
(3462, 'Казинка', '{\"ru\": \"Казинка\"}', 33),
(3463, 'Лебедянь', '{\"ru\": \"Лебедянь\"}', 33),
(3464, 'Лев Толстой', '{\"ru\": \"Лев Толстой\"}', 33),
(3465, 'Липецк', '{\"ru\": \"Липецк\"}', 33),
(3466, 'Тербуны', '{\"ru\": \"Тербуны\"}', 33),
(3467, 'Усмань', '{\"ru\": \"Усмань\"}', 33),
(3468, 'Хлевное', '{\"ru\": \"Хлевное\"}', 33),
(3469, 'Чаплыгин', '{\"ru\": \"Чаплыгин\"}', 33),
(3515, 'Анадырь (Магаданская обл.)', '{\"ru\": \"Анадырь (Магаданская обл.)\"}', 34),
(3516, 'Атка', '{\"ru\": \"Атка\"}', 34),
(3517, 'Беринговский', '{\"ru\": \"Беринговский\"}', 34),
(3518, 'Билибино', '{\"ru\": \"Билибино\"}', 34),
(3519, 'Большевик', '{\"ru\": \"Большевик\"}', 34),
(3520, 'Ванкарем', '{\"ru\": \"Ванкарем\"}', 34),
(3521, 'Кадыкчан', '{\"ru\": \"Кадыкчан\"}', 34),
(3522, 'Лаврентия', '{\"ru\": \"Лаврентия\"}', 34),
(3523, 'Магадан', '{\"ru\": \"Магадан\"}', 34),
(3524, 'Мыс Шмидта', '{\"ru\": \"Мыс Шмидта\"}', 34),
(3525, 'Ола', '{\"ru\": \"Ола\"}', 34),
(3526, 'Омсукчан', '{\"ru\": \"Омсукчан\"}', 34),
(3527, 'Палатка', '{\"ru\": \"Палатка\"}', 34),
(3528, 'Певек', '{\"ru\": \"Певек\"}', 34),
(3529, 'Провидения', '{\"ru\": \"Провидения\"}', 34),
(3530, 'Сеймчан', '{\"ru\": \"Сеймчан\"}', 34),
(3531, 'Синегорье', '{\"ru\": \"Синегорье\"}', 34),
(3532, 'Сусуман', '{\"ru\": \"Сусуман\"}', 34),
(3533, 'Усть-Омчуг', '{\"ru\": \"Усть-Омчуг\"}', 34),
(3534, 'Эвенск', '{\"ru\": \"Эвенск\"}', 34),
(3535, 'Эгвекинот', '{\"ru\": \"Эгвекинот\"}', 34),
(3536, 'Ягодное', '{\"ru\": \"Ягодное\"}', 34),
(3565, 'Волжск', '{\"ru\": \"Волжск\"}', 35),
(3566, 'Дубовский', '{\"ru\": \"Дубовский\"}', 35),
(3567, 'Звенигово', '{\"ru\": \"Звенигово\"}', 35),
(3568, 'Йошкар-Ола', '{\"ru\": \"Йошкар-Ола\"}', 35),
(3569, 'Килемары', '{\"ru\": \"Килемары\"}', 35),
(3570, 'Козьмодемьянск', '{\"ru\": \"Козьмодемьянск\"}', 35),
(3571, 'Куженер', '{\"ru\": \"Куженер\"}', 35),
(3572, 'Мари-Турек', '{\"ru\": \"Мари-Турек\"}', 35),
(3573, 'Медведево', '{\"ru\": \"Медведево\"}', 35),
(3574, 'Морки', '{\"ru\": \"Морки\"}', 35),
(3575, 'Новый Торьял', '{\"ru\": \"Новый Торьял\"}', 35),
(3576, 'Оршанка', '{\"ru\": \"Оршанка\"}', 35),
(3577, 'Параньга', '{\"ru\": \"Параньга\"}', 35),
(3578, 'Сернур', '{\"ru\": \"Сернур\"}', 35),
(3579, 'Советский (Марий Эл)', '{\"ru\": \"Советский (Марий Эл)\"}', 35),
(3580, 'Юрино', '{\"ru\": \"Юрино\"}', 35),
(3594, 'Ардатов', '{\"ru\": \"Ардатов\"}', 36),
(3595, 'Атюрьево', '{\"ru\": \"Атюрьево\"}', 36),
(3596, 'Атяшево', '{\"ru\": \"Атяшево\"}', 36),
(3597, 'Большие Березники', '{\"ru\": \"Большие Березники\"}', 36),
(3598, 'Большое Игнатово', '{\"ru\": \"Большое Игнатово\"}', 36),
(3599, 'Выша', '{\"ru\": \"Выша\"}', 36),
(3600, 'Ельники', '{\"ru\": \"Ельники\"}', 36),
(3601, 'Зубова Поляна', '{\"ru\": \"Зубова Поляна\"}', 36),
(3602, 'Инсар', '{\"ru\": \"Инсар\"}', 36),
(3603, 'Кадошкино', '{\"ru\": \"Кадошкино\"}', 36),
(3604, 'Кемля', '{\"ru\": \"Кемля\"}', 36),
(3605, 'Ковылкино', '{\"ru\": \"Ковылкино\"}', 36),
(3606, 'Комсомольский (Мордовия)', '{\"ru\": \"Комсомольский (Мордовия)\"}', 36),
(3607, 'Кочкурово', '{\"ru\": \"Кочкурово\"}', 36),
(3608, 'Краснослободск', '{\"ru\": \"Краснослободск\"}', 36),
(3609, 'Лямбирь', '{\"ru\": \"Лямбирь\"}', 36),
(3610, 'Ромоданово', '{\"ru\": \"Ромоданово\"}', 36),
(3611, 'Рузаевка', '{\"ru\": \"Рузаевка\"}', 36),
(3612, 'Саранск', '{\"ru\": \"Саранск\"}', 36),
(3613, 'Старое Шайгово', '{\"ru\": \"Старое Шайгово\"}', 36),
(3614, 'Темников', '{\"ru\": \"Темников\"}', 36),
(3615, 'Теньгушево', '{\"ru\": \"Теньгушево\"}', 36),
(3616, 'Торбеево', '{\"ru\": \"Торбеево\"}', 36),
(3617, 'Чамзинка', '{\"ru\": \"Чамзинка\"}', 36),
(3626, 'Апатиты', '{\"ru\": \"Апатиты\"}', 37),
(3627, 'Африканда', '{\"ru\": \"Африканда\"}', 37),
(3628, 'Верхнетуломский', '{\"ru\": \"Верхнетуломский\"}', 37),
(3629, 'Видяево', '{\"ru\": \"Видяево\"}', 37),
(3630, 'Гаджиево', '{\"ru\": \"Гаджиево\"}', 37),
(3631, 'Заозерск', '{\"ru\": \"Заозерск\"}', 37),
(3632, 'Заполярный', '{\"ru\": \"Заполярный\"}', 37),
(3633, 'Зареченск', '{\"ru\": \"Зареченск\"}', 37),
(3634, 'Зашеек', '{\"ru\": \"Зашеек\"}', 37),
(3635, 'Зеленоборский', '{\"ru\": \"Зеленоборский\"}', 37),
(3636, 'Кандалакша', '{\"ru\": \"Кандалакша\"}', 37),
(3637, 'Кильдинстрой', '{\"ru\": \"Кильдинстрой\"}', 37),
(3638, 'Кировск', '{\"ru\": \"Кировск\"}', 37),
(3639, 'Ковдор', '{\"ru\": \"Ковдор\"}', 37),
(3640, 'Кола', '{\"ru\": \"Кола\"}', 37),
(3641, 'Конда', '{\"ru\": \"Конда\"}', 37),
(3642, 'Ловозеро', '{\"ru\": \"Ловозеро\"}', 37),
(3643, 'Мончегорск', '{\"ru\": \"Мончегорск\"}', 37),
(3644, 'Мурманск', '{\"ru\": \"Мурманск\"}', 37),
(3645, 'Мурмаши', '{\"ru\": \"Мурмаши\"}', 37),
(3646, 'Никель', '{\"ru\": \"Никель\"}', 37),
(3647, 'Оленегорск', '{\"ru\": \"Оленегорск\"}', 37),
(3648, 'Полярные Зори', '{\"ru\": \"Полярные Зори\"}', 37),
(3649, 'Полярный', '{\"ru\": \"Полярный\"}', 37),
(3650, 'Ревда (Мурманская обл.)', '{\"ru\": \"Ревда (Мурманская обл.)\"}', 37),
(3651, 'Североморск', '{\"ru\": \"Североморск\"}', 37),
(3652, 'Снежногорск', '{\"ru\": \"Снежногорск\"}', 37),
(3653, 'Умба', '{\"ru\": \"Умба\"}', 37),
(3669, 'Ардатов', '{\"ru\": \"Ардатов\"}', 38),
(3670, 'Арзамас', '{\"ru\": \"Арзамас\"}', 38),
(3671, 'Арья', '{\"ru\": \"Арья\"}', 38),
(3672, 'Балахна', '{\"ru\": \"Балахна\"}', 38),
(3673, 'Богородск', '{\"ru\": \"Богородск\"}', 38),
(3674, 'Большереченск', '{\"ru\": \"Большереченск\"}', 38),
(3675, 'Большое Болдино', '{\"ru\": \"Большое Болдино\"}', 38),
(3676, 'Большое Козино', '{\"ru\": \"Большое Козино\"}', 38),
(3677, 'Большое Мурашкино', '{\"ru\": \"Большое Мурашкино\"}', 38),
(3678, 'Большое Пикино', '{\"ru\": \"Большое Пикино\"}', 38),
(3679, 'Бор', '{\"ru\": \"Бор\"}', 38),
(3680, 'Бутурлино', '{\"ru\": \"Бутурлино\"}', 38),
(3681, 'Вад', '{\"ru\": \"Вад\"}', 38),
(3682, 'Варнавино', '{\"ru\": \"Варнавино\"}', 38),
(3683, 'Васильсурск', '{\"ru\": \"Васильсурск\"}', 38),
(3684, 'Вахтан', '{\"ru\": \"Вахтан\"}', 38),
(3685, 'Вача', '{\"ru\": \"Вача\"}', 38),
(3686, 'Ветлуга', '{\"ru\": \"Ветлуга\"}', 38),
(3687, 'Виля', '{\"ru\": \"Виля\"}', 38),
(3688, 'Вознесенское', '{\"ru\": \"Вознесенское\"}', 38),
(3689, 'Володарск', '{\"ru\": \"Володарск\"}', 38),
(3690, 'Воротынец', '{\"ru\": \"Воротынец\"}', 38),
(3691, 'Ворсма', '{\"ru\": \"Ворсма\"}', 38),
(3692, 'Воскресенское', '{\"ru\": \"Воскресенское\"}', 38),
(3693, 'Выездное', '{\"ru\": \"Выездное\"}', 38),
(3694, 'Выкса', '{\"ru\": \"Выкса\"}', 38),
(3695, 'Гагино', '{\"ru\": \"Гагино\"}', 38),
(3696, 'Гидроторф', '{\"ru\": \"Гидроторф\"}', 38),
(3697, 'Горбатов', '{\"ru\": \"Горбатов\"}', 38),
(3698, 'Горбатовка', '{\"ru\": \"Горбатовка\"}', 38),
(3699, 'Городец', '{\"ru\": \"Городец\"}', 38),
(3700, 'Дальнее Константиново', '{\"ru\": \"Дальнее Константиново\"}', 38),
(3701, 'Дзержинск', '{\"ru\": \"Дзержинск\"}', 38),
(3702, 'Дивеево', '{\"ru\": \"Дивеево\"}', 38),
(3703, 'Досчатое', '{\"ru\": \"Досчатое\"}', 38),
(3704, 'Заволжье', '{\"ru\": \"Заволжье\"}', 38),
(3705, 'Керженец', '{\"ru\": \"Керженец\"}', 38),
(3706, 'Княгинино', '{\"ru\": \"Княгинино\"}', 38),
(3707, 'Ковернино', '{\"ru\": \"Ковернино\"}', 38),
(3708, 'Красные Баки', '{\"ru\": \"Красные Баки\"}', 38),
(3709, 'Кстово', '{\"ru\": \"Кстово\"}', 38),
(3710, 'Кулебаки', '{\"ru\": \"Кулебаки\"}', 38),
(3711, 'Лукоянов', '{\"ru\": \"Лукоянов\"}', 38),
(3712, 'Лысково', '{\"ru\": \"Лысково\"}', 38),
(3713, 'Навашино', '{\"ru\": \"Навашино\"}', 38),
(3714, 'Нижний Новгород', '{\"ru\": \"Нижний Новгород\"}', 38),
(3715, 'Новосмолинский', '{\"ru\": \"Новосмолинский\"}', 38),
(3716, 'Павлово', '{\"ru\": \"Павлово\"}', 38),
(3717, 'Первомайск', '{\"ru\": \"Первомайск\"}', 38),
(3718, 'Перевоз', '{\"ru\": \"Перевоз\"}', 38),
(3719, 'Пильна', '{\"ru\": \"Пильна\"}', 38),
(3720, 'Починки', '{\"ru\": \"Починки\"}', 38),
(3721, 'Саров (Нижегородская обл.)', '{\"ru\": \"Саров (Нижегородская обл.)\"}', 38),
(3722, 'Семенов', '{\"ru\": \"Семенов\"}', 38),
(3723, 'Сергач', '{\"ru\": \"Сергач\"}', 38),
(3724, 'Сеченово', '{\"ru\": \"Сеченово\"}', 38),
(3725, 'Сосновское', '{\"ru\": \"Сосновское\"}', 38),
(3726, 'Спасское', '{\"ru\": \"Спасское\"}', 38),
(3727, 'Тонкино', '{\"ru\": \"Тонкино\"}', 38),
(3728, 'Тоншаево', '{\"ru\": \"Тоншаево\"}', 38),
(3729, 'Уразовка', '{\"ru\": \"Уразовка\"}', 38),
(3730, 'Урень', '{\"ru\": \"Урень\"}', 38),
(3731, 'Чкаловск', '{\"ru\": \"Чкаловск\"}', 38),
(3732, 'Шаранга', '{\"ru\": \"Шаранга\"}', 38),
(3733, 'Шатки', '{\"ru\": \"Шатки\"}', 38),
(3734, 'Шахунья', '{\"ru\": \"Шахунья\"}', 38),
(3742, 'Анциферово', '{\"ru\": \"Анциферово\"}', 39),
(3743, 'Батецкий', '{\"ru\": \"Батецкий\"}', 39),
(3744, 'Большая Вишера', '{\"ru\": \"Большая Вишера\"}', 39),
(3745, 'Боровичи', '{\"ru\": \"Боровичи\"}', 39),
(3746, 'Валдай', '{\"ru\": \"Валдай\"}', 39),
(3747, 'Великий Новгород (Новгород)', '{\"ru\": \"Великий Новгород (Новгород)\"}', 39),
(3748, 'Волот', '{\"ru\": \"Волот\"}', 39),
(3749, 'Деманск', '{\"ru\": \"Деманск\"}', 39),
(3750, 'Зарубино', '{\"ru\": \"Зарубино\"}', 39),
(3751, 'Крестцы', '{\"ru\": \"Крестцы\"}', 39),
(3752, 'Любытино', '{\"ru\": \"Любытино\"}', 39),
(3753, 'Малая Вишера', '{\"ru\": \"Малая Вишера\"}', 39),
(3754, 'Марево', '{\"ru\": \"Марево\"}', 39),
(3755, 'Мошенское', '{\"ru\": \"Мошенское\"}', 39),
(3756, 'Окуловка', '{\"ru\": \"Окуловка\"}', 39),
(3757, 'Парфино', '{\"ru\": \"Парфино\"}', 39),
(3758, 'Пестово', '{\"ru\": \"Пестово\"}', 39),
(3759, 'Поддорье', '{\"ru\": \"Поддорье\"}', 39),
(3760, 'Сольцы', '{\"ru\": \"Сольцы\"}', 39),
(3761, 'Старая Русса', '{\"ru\": \"Старая Русса\"}', 39),
(3762, 'Хвойная', '{\"ru\": \"Хвойная\"}', 39),
(3763, 'Холм', '{\"ru\": \"Холм\"}', 39),
(3764, 'Чудово', '{\"ru\": \"Чудово\"}', 39),
(3765, 'Шимск', '{\"ru\": \"Шимск\"}', 39),
(3835, 'Баган', '{\"ru\": \"Баган\"}', 40),
(3836, 'Барабинск', '{\"ru\": \"Барабинск\"}', 40),
(3837, 'Бердск', '{\"ru\": \"Бердск\"}', 40),
(3838, 'Биаза', '{\"ru\": \"Биаза\"}', 40),
(3839, 'Болотное', '{\"ru\": \"Болотное\"}', 40),
(3840, 'Венгерово', '{\"ru\": \"Венгерово\"}', 40),
(3841, 'Довольное', '{\"ru\": \"Довольное\"}', 40),
(3842, 'Завьялово', '{\"ru\": \"Завьялово\"}', 40),
(3843, 'Искитим', '{\"ru\": \"Искитим\"}', 40),
(3844, 'Карасук', '{\"ru\": \"Карасук\"}', 40),
(3845, 'Каргат', '{\"ru\": \"Каргат\"}', 40),
(3846, 'Колывань', '{\"ru\": \"Колывань\"}', 40),
(3847, 'Краснозерское', '{\"ru\": \"Краснозерское\"}', 40),
(3848, 'Крутиха', '{\"ru\": \"Крутиха\"}', 40),
(3849, 'Куйбышев (Новосибирская обл.)', '{\"ru\": \"Куйбышев (Новосибирская обл.)\"}', 40),
(3850, 'Купино', '{\"ru\": \"Купино\"}', 40),
(3851, 'Кыштовка', '{\"ru\": \"Кыштовка\"}', 40),
(3852, 'Маслянино', '{\"ru\": \"Маслянино\"}', 40),
(3853, 'Мошково', '{\"ru\": \"Мошково\"}', 40),
(3854, 'Новосибирск', '{\"ru\": \"Новосибирск\"}', 40),
(3855, 'Норильск', '{\"ru\": \"Норильск\"}', 40),
(3856, 'Обь', '{\"ru\": \"Обь\"}', 40),
(3857, 'Ордынское', '{\"ru\": \"Ордынское\"}', 40),
(3858, 'Северное', '{\"ru\": \"Северное\"}', 40),
(3859, 'Сузун', '{\"ru\": \"Сузун\"}', 40),
(3860, 'Татарск', '{\"ru\": \"Татарск\"}', 40),
(3861, 'Тогучин', '{\"ru\": \"Тогучин\"}', 40),
(3862, 'Убинское', '{\"ru\": \"Убинское\"}', 40),
(3863, 'Усть-Тарка', '{\"ru\": \"Усть-Тарка\"}', 40),
(3864, 'Чаны', '{\"ru\": \"Чаны\"}', 40),
(3865, 'Черепаново', '{\"ru\": \"Черепаново\"}', 40),
(3866, 'Чистоозерное', '{\"ru\": \"Чистоозерное\"}', 40),
(3867, 'Чулым', '{\"ru\": \"Чулым\"}', 40),
(3934, 'Береговой', '{\"ru\": \"Береговой\"}', 41),
(3935, 'Большеречье', '{\"ru\": \"Большеречье\"}', 41),
(3936, 'Большие Уки', '{\"ru\": \"Большие Уки\"}', 41),
(3937, 'Горьковское', '{\"ru\": \"Горьковское\"}', 41),
(3938, 'Знаменское (Омская обл.)', '{\"ru\": \"Знаменское (Омская обл.)\"}', 41),
(3939, 'Исилькуль', '{\"ru\": \"Исилькуль\"}', 41),
(3940, 'Калачинск', '{\"ru\": \"Калачинск\"}', 41),
(3941, 'Колосовка', '{\"ru\": \"Колосовка\"}', 41),
(3942, 'Кормиловка', '{\"ru\": \"Кормиловка\"}', 41),
(3943, 'Крутинка', '{\"ru\": \"Крутинка\"}', 41),
(3944, 'Любинский', '{\"ru\": \"Любинский\"}', 41),
(3945, 'Марьяновка', '{\"ru\": \"Марьяновка\"}', 41),
(3946, 'Муромцево', '{\"ru\": \"Муромцево\"}', 41),
(3947, 'Называевск', '{\"ru\": \"Называевск\"}', 41),
(3948, 'Нижняя Омка', '{\"ru\": \"Нижняя Омка\"}', 41),
(3949, 'Нововаршавка', '{\"ru\": \"Нововаршавка\"}', 41),
(3950, 'Одесское', '{\"ru\": \"Одесское\"}', 41),
(3951, 'Оконешниково', '{\"ru\": \"Оконешниково\"}', 41),
(3952, 'Омск', '{\"ru\": \"Омск\"}', 41),
(3953, 'Павлоградка', '{\"ru\": \"Павлоградка\"}', 41),
(3954, 'Полтавка', '{\"ru\": \"Полтавка\"}', 41),
(3955, 'Русская Поляна', '{\"ru\": \"Русская Поляна\"}', 41),
(3956, 'Саргатское', '{\"ru\": \"Саргатское\"}', 41),
(3957, 'Седельниково', '{\"ru\": \"Седельниково\"}', 41),
(3958, 'Таврическое', '{\"ru\": \"Таврическое\"}', 41),
(3959, 'Тара', '{\"ru\": \"Тара\"}', 41),
(3960, 'Тевриз', '{\"ru\": \"Тевриз\"}', 41),
(3961, 'Тюкалинск', '{\"ru\": \"Тюкалинск\"}', 41),
(3962, 'Усть-Ишим', '{\"ru\": \"Усть-Ишим\"}', 41),
(3963, 'Черлак', '{\"ru\": \"Черлак\"}', 41),
(3964, 'Шербакуль', '{\"ru\": \"Шербакуль\"}', 41),
(4031, 'Абдулино', '{\"ru\": \"Абдулино\"}', 42),
(4032, 'Адамовка', '{\"ru\": \"Адамовка\"}', 42),
(4033, 'Айдырлинский', '{\"ru\": \"Айдырлинский\"}', 42),
(4034, 'Акбулак', '{\"ru\": \"Акбулак\"}', 42),
(4035, 'Аккермановка', '{\"ru\": \"Аккермановка\"}', 42),
(4036, 'Асекеево', '{\"ru\": \"Асекеево\"}', 42),
(4037, 'Беляевка', '{\"ru\": \"Беляевка\"}', 42),
(4038, 'Бугуруслан', '{\"ru\": \"Бугуруслан\"}', 42),
(4039, 'Бузулук', '{\"ru\": \"Бузулук\"}', 42),
(4040, 'Гай', '{\"ru\": \"Гай\"}', 42),
(4041, 'Грачевка', '{\"ru\": \"Грачевка\"}', 42),
(4042, 'Домбаровский', '{\"ru\": \"Домбаровский\"}', 42),
(4043, 'Дубенский', '{\"ru\": \"Дубенский\"}', 42),
(4044, 'Илек', '{\"ru\": \"Илек\"}', 42),
(4045, 'Ириклинский', '{\"ru\": \"Ириклинский\"}', 42),
(4046, 'Кувандык', '{\"ru\": \"Кувандык\"}', 42),
(4047, 'Курманаевка', '{\"ru\": \"Курманаевка\"}', 42),
(4048, 'Матвеевка', '{\"ru\": \"Матвеевка\"}', 42),
(4049, 'Медногорск', '{\"ru\": \"Медногорск\"}', 42),
(4050, 'Новоорск', '{\"ru\": \"Новоорск\"}', 42),
(4051, 'Новосергиевка', '{\"ru\": \"Новосергиевка\"}', 42),
(4052, 'Новотроицк', '{\"ru\": \"Новотроицк\"}', 42),
(4053, 'Октябрьское (Оренбург.)', '{\"ru\": \"Октябрьское (Оренбург.)\"}', 42),
(4054, 'Оренбург', '{\"ru\": \"Оренбург\"}', 42),
(4055, 'Орск', '{\"ru\": \"Орск\"}', 42),
(4056, 'Первомайский (Оренбург.)', '{\"ru\": \"Первомайский (Оренбург.)\"}', 42),
(4057, 'Переволоцкий', '{\"ru\": \"Переволоцкий\"}', 42),
(4058, 'Пономаревка', '{\"ru\": \"Пономаревка\"}', 42),
(4059, 'Саракташ', '{\"ru\": \"Саракташ\"}', 42),
(4060, 'Светлый (Оренбургская обл.)', '{\"ru\": \"Светлый (Оренбургская обл.)\"}', 42),
(4061, 'Северное', '{\"ru\": \"Северное\"}', 42),
(4062, 'Соль-Илецк', '{\"ru\": \"Соль-Илецк\"}', 42),
(4063, 'Сорочинск', '{\"ru\": \"Сорочинск\"}', 42),
(4064, 'Ташла', '{\"ru\": \"Ташла\"}', 42),
(4065, 'Тоцкое', '{\"ru\": \"Тоцкое\"}', 42),
(4066, 'Тюльган', '{\"ru\": \"Тюльган\"}', 42),
(4067, 'Шарлык', '{\"ru\": \"Шарлык\"}', 42),
(4068, 'Энергетик', '{\"ru\": \"Энергетик\"}', 42),
(4069, 'Ясный', '{\"ru\": \"Ясный\"}', 42),
(4118, 'Болхов', '{\"ru\": \"Болхов\"}', 43),
(4119, 'Верховье', '{\"ru\": \"Верховье\"}', 43),
(4120, 'Глазуновка', '{\"ru\": \"Глазуновка\"}', 43),
(4121, 'Дмитровск-Орловский', '{\"ru\": \"Дмитровск-Орловский\"}', 43),
(4122, 'Долгое', '{\"ru\": \"Долгое\"}', 43),
(4123, 'Залегощь', '{\"ru\": \"Залегощь\"}', 43),
(4124, 'Змиевка', '{\"ru\": \"Змиевка\"}', 43),
(4125, 'Знаменское (Орловская обл.)', '{\"ru\": \"Знаменское (Орловская обл.)\"}', 43),
(4126, 'Колпны', '{\"ru\": \"Колпны\"}', 43),
(4127, 'Красная Заря', '{\"ru\": \"Красная Заря\"}', 43),
(4128, 'Кромы', '{\"ru\": \"Кромы\"}', 43),
(4129, 'Ливны', '{\"ru\": \"Ливны\"}', 43),
(4130, 'Малоархангельск', '{\"ru\": \"Малоархангельск\"}', 43),
(4131, 'Мценск', '{\"ru\": \"Мценск\"}', 43),
(4132, 'Нарышкино', '{\"ru\": \"Нарышкино\"}', 43),
(4133, 'Новосиль', '{\"ru\": \"Новосиль\"}', 43),
(4134, 'Орел', '{\"ru\": \"Орел\"}', 43),
(4135, 'Покровское', '{\"ru\": \"Покровское\"}', 43),
(4136, 'Сосково', '{\"ru\": \"Сосково\"}', 43),
(4137, 'Тросна', '{\"ru\": \"Тросна\"}', 43),
(4138, 'Хомутово', '{\"ru\": \"Хомутово\"}', 43),
(4139, 'Хотынец', '{\"ru\": \"Хотынец\"}', 43),
(4140, 'Шаблыкино', '{\"ru\": \"Шаблыкино\"}', 43),
(4218, 'Башмаково', '{\"ru\": \"Башмаково\"}', 44),
(4219, 'Беднодемьяновск', '{\"ru\": \"Беднодемьяновск\"}', 44),
(4220, 'Беково', '{\"ru\": \"Беково\"}', 44),
(4221, 'Белинский', '{\"ru\": \"Белинский\"}', 44),
(4222, 'Бессоновка', '{\"ru\": \"Бессоновка\"}', 44),
(4223, 'Вадинск', '{\"ru\": \"Вадинск\"}', 44),
(4224, 'Верхозим', '{\"ru\": \"Верхозим\"}', 44),
(4225, 'Городище (Пензенская обл.)', '{\"ru\": \"Городище (Пензенская обл.)\"}', 44),
(4226, 'Евлашево', '{\"ru\": \"Евлашево\"}', 44),
(4227, 'Заречный (Пензенская обл.)', '{\"ru\": \"Заречный (Пензенская обл.)\"}', 44),
(4228, 'Земетчино', '{\"ru\": \"Земетчино\"}', 44),
(4229, 'Золотаревка', '{\"ru\": \"Золотаревка\"}', 44),
(4230, 'Исса', '{\"ru\": \"Исса\"}', 44),
(4231, 'Каменка', '{\"ru\": \"Каменка\"}', 44),
(4232, 'Колышлей', '{\"ru\": \"Колышлей\"}', 44),
(4233, 'Кондоль', '{\"ru\": \"Кондоль\"}', 44),
(4234, 'Кузнецк', '{\"ru\": \"Кузнецк\"}', 44),
(4235, 'Лопатино', '{\"ru\": \"Лопатино\"}', 44),
(4236, 'Малая Сердоба', '{\"ru\": \"Малая Сердоба\"}', 44),
(4237, 'Мокшан', '{\"ru\": \"Мокшан\"}', 44),
(4238, 'Наровчат', '{\"ru\": \"Наровчат\"}', 44),
(4239, 'Неверкино', '{\"ru\": \"Неверкино\"}', 44),
(4240, 'Нижний Ломов', '{\"ru\": \"Нижний Ломов\"}', 44),
(4241, 'Никольск (Пензенская обл.)', '{\"ru\": \"Никольск (Пензенская обл.)\"}', 44),
(4242, 'Пачелма', '{\"ru\": \"Пачелма\"}', 44),
(4243, 'Пенза', '{\"ru\": \"Пенза\"}', 44),
(4244, 'Русский Камешкир', '{\"ru\": \"Русский Камешкир\"}', 44),
(4245, 'Сердобск', '{\"ru\": \"Сердобск\"}', 44),
(4246, 'Сосновоборск', '{\"ru\": \"Сосновоборск\"}', 44),
(4247, 'Сура', '{\"ru\": \"Сура\"}', 44),
(4248, 'Тамала', '{\"ru\": \"Тамала\"}', 44),
(4249, 'Шемышейка', '{\"ru\": \"Шемышейка\"}', 44),
(4349, 'Александровск', '{\"ru\": \"Александровск\"}', 45),
(4350, 'Барда', '{\"ru\": \"Барда\"}', 45),
(4351, 'Березники', '{\"ru\": \"Березники\"}', 45),
(4352, 'Большая Соснова', '{\"ru\": \"Большая Соснова\"}', 45),
(4353, 'Верещагино', '{\"ru\": \"Верещагино\"}', 45),
(4354, 'Гайны', '{\"ru\": \"Гайны\"}', 45),
(4355, 'Горнозаводск (Пермский край)', '{\"ru\": \"Горнозаводск (Пермский край)\"}', 45),
(4356, 'Гремячинск', '{\"ru\": \"Гремячинск\"}', 45),
(4357, 'Губаха', '{\"ru\": \"Губаха\"}', 45),
(4358, 'Добрянка', '{\"ru\": \"Добрянка\"}', 45),
(4359, 'Елово', '{\"ru\": \"Елово\"}', 45),
(4360, 'Зюкайка', '{\"ru\": \"Зюкайка\"}', 45),
(4361, 'Ильинский (Пермская обл.)', '{\"ru\": \"Ильинский (Пермская обл.)\"}', 45),
(4362, 'Карагай', '{\"ru\": \"Карагай\"}', 45),
(4363, 'Керчевский', '{\"ru\": \"Керчевский\"}', 45),
(4364, 'Кизел', '{\"ru\": \"Кизел\"}', 45),
(4365, 'Коса', '{\"ru\": \"Коса\"}', 45),
(4366, 'Кочево', '{\"ru\": \"Кочево\"}', 45),
(4367, 'Красновишерск', '{\"ru\": \"Красновишерск\"}', 45),
(4368, 'Краснокамск', '{\"ru\": \"Краснокамск\"}', 45),
(4369, 'Кудымкар', '{\"ru\": \"Кудымкар\"}', 45),
(4370, 'Куеда', '{\"ru\": \"Куеда\"}', 45),
(4371, 'Кунгур', '{\"ru\": \"Кунгур\"}', 45),
(4372, 'Лысьва', '{\"ru\": \"Лысьва\"}', 45),
(4373, 'Ныроб', '{\"ru\": \"Ныроб\"}', 45),
(4374, 'Нытва', '{\"ru\": \"Нытва\"}', 45),
(4375, 'Октябрьский', '{\"ru\": \"Октябрьский\"}', 45),
(4376, 'Орда', '{\"ru\": \"Орда\"}', 45),
(4377, 'Оса', '{\"ru\": \"Оса\"}', 45),
(4378, 'Оханск', '{\"ru\": \"Оханск\"}', 45),
(4379, 'Очер', '{\"ru\": \"Очер\"}', 45),
(4380, 'Пермь', '{\"ru\": \"Пермь\"}', 45),
(4381, 'Соликамск', '{\"ru\": \"Соликамск\"}', 45),
(4382, 'Суксун', '{\"ru\": \"Суксун\"}', 45),
(4383, 'Уинское', '{\"ru\": \"Уинское\"}', 45),
(4384, 'Усолье', '{\"ru\": \"Усолье\"}', 45),
(4385, 'Усть-Кишерть', '{\"ru\": \"Усть-Кишерть\"}', 45),
(4386, 'Чайковский', '{\"ru\": \"Чайковский\"}', 45),
(4387, 'Частые', '{\"ru\": \"Частые\"}', 45),
(4388, 'Чердынь', '{\"ru\": \"Чердынь\"}', 45),
(4389, 'Чернореченский', '{\"ru\": \"Чернореченский\"}', 45),
(4390, 'Чернушка', '{\"ru\": \"Чернушка\"}', 45),
(4391, 'Чусовой', '{\"ru\": \"Чусовой\"}', 45),
(4392, 'Юрла', '{\"ru\": \"Юрла\"}', 45),
(4393, 'Юсьва', '{\"ru\": \"Юсьва\"}', 45),
(4460, 'Анучино', '{\"ru\": \"Анучино\"}', 46),
(4461, 'Арсеньев', '{\"ru\": \"Арсеньев\"}', 46),
(4462, 'Артем', '{\"ru\": \"Артем\"}', 46),
(4463, 'Артемовский (Приморский край)', '{\"ru\": \"Артемовский (Приморский край)\"}', 46),
(4464, 'Большой Камень', '{\"ru\": \"Большой Камень\"}', 46),
(4465, 'Валентин', '{\"ru\": \"Валентин\"}', 46),
(4466, 'Владивосток', '{\"ru\": \"Владивосток\"}', 46),
(4467, 'Высокогорск', '{\"ru\": \"Высокогорск\"}', 46),
(4468, 'Горные Ключи', '{\"ru\": \"Горные Ключи\"}', 46),
(4469, 'Горный', '{\"ru\": \"Горный\"}', 46),
(4470, 'Дальнегорск', '{\"ru\": \"Дальнегорск\"}', 46),
(4471, 'Дальнереченск', '{\"ru\": \"Дальнереченск\"}', 46),
(4472, 'Зарубино', '{\"ru\": \"Зарубино\"}', 46),
(4473, 'Кавалерово', '{\"ru\": \"Кавалерово\"}', 46),
(4474, 'Каменка (Приморский край)', '{\"ru\": \"Каменка (Приморский край)\"}', 46),
(4475, 'Камень-Рыболов', '{\"ru\": \"Камень-Рыболов\"}', 46),
(4476, 'Кировский', '{\"ru\": \"Кировский\"}', 46),
(4477, 'Лазо', '{\"ru\": \"Лазо\"}', 46),
(4478, 'Лесозаводск', '{\"ru\": \"Лесозаводск\"}', 46),
(4479, 'Лучегорск', '{\"ru\": \"Лучегорск\"}', 46),
(4480, 'Михайловка (Приморский край)', '{\"ru\": \"Михайловка (Приморский край)\"}', 46),
(4481, 'Находка (Приморский край)', '{\"ru\": \"Находка (Приморский край)\"}', 46),
(4482, 'Новопокровка', '{\"ru\": \"Новопокровка\"}', 46),
(4483, 'Ольга', '{\"ru\": \"Ольга\"}', 46),
(4484, 'Партизанск', '{\"ru\": \"Партизанск\"}', 46),
(4485, 'Пластун', '{\"ru\": \"Пластун\"}', 46),
(4486, 'Пограничный', '{\"ru\": \"Пограничный\"}', 46),
(4487, 'Покровка', '{\"ru\": \"Покровка\"}', 46),
(4488, 'Посьет', '{\"ru\": \"Посьет\"}', 46),
(4489, 'Русский', '{\"ru\": \"Русский\"}', 46),
(4490, 'Славянка', '{\"ru\": \"Славянка\"}', 46),
(4491, 'Спасск-Дальний', '{\"ru\": \"Спасск-Дальний\"}', 46),
(4492, 'Терней', '{\"ru\": \"Терней\"}', 46),
(4493, 'Уссурийск', '{\"ru\": \"Уссурийск\"}', 46),
(4494, 'Фокино', '{\"ru\": \"Фокино\"}', 46),
(4495, 'Хасан', '{\"ru\": \"Хасан\"}', 46),
(4496, 'Хороль', '{\"ru\": \"Хороль\"}', 46),
(4497, 'Черниговка', '{\"ru\": \"Черниговка\"}', 46),
(4498, 'Чугуевка', '{\"ru\": \"Чугуевка\"}', 46),
(4499, 'Яковлевка', '{\"ru\": \"Яковлевка\"}', 46),
(4500, 'Ярославский', '{\"ru\": \"Ярославский\"}', 46),
(4552, 'Бежаницы', '{\"ru\": \"Бежаницы\"}', 47),
(4553, 'Великие Луки', '{\"ru\": \"Великие Луки\"}', 47),
(4554, 'Гдов', '{\"ru\": \"Гдов\"}', 47),
(4555, 'Дедовичи', '{\"ru\": \"Дедовичи\"}', 47),
(4556, 'Дно', '{\"ru\": \"Дно\"}', 47),
(4557, 'Заплюсье', '{\"ru\": \"Заплюсье\"}', 47),
(4558, 'Идрица', '{\"ru\": \"Идрица\"}', 47),
(4559, 'Красногородское', '{\"ru\": \"Красногородское\"}', 47),
(4560, 'Кунья', '{\"ru\": \"Кунья\"}', 47),
(4561, 'Локня', '{\"ru\": \"Локня\"}', 47),
(4562, 'Невель', '{\"ru\": \"Невель\"}', 47),
(4563, 'Новоржев', '{\"ru\": \"Новоржев\"}', 47),
(4564, 'Новосокольники', '{\"ru\": \"Новосокольники\"}', 47),
(4565, 'Опочка', '{\"ru\": \"Опочка\"}', 47),
(4566, 'Остров', '{\"ru\": \"Остров\"}', 47),
(4567, 'Палкино', '{\"ru\": \"Палкино\"}', 47),
(4568, 'Печоры', '{\"ru\": \"Печоры\"}', 47),
(4569, 'Плюсса', '{\"ru\": \"Плюсса\"}', 47),
(4570, 'Порхов', '{\"ru\": \"Порхов\"}', 47),
(4571, 'Псков', '{\"ru\": \"Псков\"}', 47),
(4572, 'Пустошка', '{\"ru\": \"Пустошка\"}', 47),
(4573, 'Пушкинские Горы', '{\"ru\": \"Пушкинские Горы\"}', 47),
(4574, 'Пыталово', '{\"ru\": \"Пыталово\"}', 47),
(4575, 'Себеж', '{\"ru\": \"Себеж\"}', 47),
(4576, 'Струги-Красные', '{\"ru\": \"Струги-Красные\"}', 47),
(4577, 'Усвяты', '{\"ru\": \"Усвяты\"}', 47),
(4682, 'Азов', '{\"ru\": \"Азов\"}', 48),
(4683, 'Аксай (Ростовская обл.)', '{\"ru\": \"Аксай (Ростовская обл.)\"}', 48),
(4684, 'Алмазный', '{\"ru\": \"Алмазный\"}', 48),
(4685, 'Аютинск', '{\"ru\": \"Аютинск\"}', 48),
(4686, 'Багаевский', '{\"ru\": \"Багаевский\"}', 48),
(4687, 'Батайск', '{\"ru\": \"Батайск\"}', 48),
(4688, 'Белая Калитва', '{\"ru\": \"Белая Калитва\"}', 48),
(4689, 'Боковская', '{\"ru\": \"Боковская\"}', 48),
(4690, 'Большая Мартыновка', '{\"ru\": \"Большая Мартыновка\"}', 48),
(4691, 'Вешенская', '{\"ru\": \"Вешенская\"}', 48),
(4692, 'Волгодонск', '{\"ru\": \"Волгодонск\"}', 48),
(4693, 'Восход', '{\"ru\": \"Восход\"}', 48),
(4694, 'Гигант', '{\"ru\": \"Гигант\"}', 48),
(4695, 'Горняцкий', '{\"ru\": \"Горняцкий\"}', 48),
(4696, 'Гуково', '{\"ru\": \"Гуково\"}', 48),
(4697, 'Донецк', '{\"ru\": \"Донецк\"}', 48),
(4698, 'Донской (Ростовская обл.)', '{\"ru\": \"Донской (Ростовская обл.)\"}', 48),
(4699, 'Дубовское', '{\"ru\": \"Дубовское\"}', 48),
(4700, 'Егорлыкская', '{\"ru\": \"Егорлыкская\"}', 48),
(4701, 'Жирнов', '{\"ru\": \"Жирнов\"}', 48),
(4702, 'Заветное', '{\"ru\": \"Заветное\"}', 48),
(4703, 'Заводской', '{\"ru\": \"Заводской\"}', 48),
(4704, 'Зверево', '{\"ru\": \"Зверево\"}', 48),
(4705, 'Зерноград', '{\"ru\": \"Зерноград\"}', 48),
(4706, 'Зимовники', '{\"ru\": \"Зимовники\"}', 48),
(4707, 'Кагальницкая', '{\"ru\": \"Кагальницкая\"}', 48),
(4708, 'Казанская', '{\"ru\": \"Казанская\"}', 48),
(4709, 'Каменоломни', '{\"ru\": \"Каменоломни\"}', 48),
(4710, 'Каменск-Шахтинский', '{\"ru\": \"Каменск-Шахтинский\"}', 48),
(4711, 'Кашары', '{\"ru\": \"Кашары\"}', 48),
(4712, 'Коксовый', '{\"ru\": \"Коксовый\"}', 48),
(4713, 'Константиновск', '{\"ru\": \"Константиновск\"}', 48),
(4714, 'Красный Сулин', '{\"ru\": \"Красный Сулин\"}', 48),
(4715, 'Куйбышево', '{\"ru\": \"Куйбышево\"}', 48),
(4716, 'Матвеев Курган', '{\"ru\": \"Матвеев Курган\"}', 48),
(4717, 'Мигулинская', '{\"ru\": \"Мигулинская\"}', 48),
(4718, 'Миллерово', '{\"ru\": \"Миллерово\"}', 48),
(4719, 'Милютинская', '{\"ru\": \"Милютинская\"}', 48),
(4720, 'Морозовск', '{\"ru\": \"Морозовск\"}', 48),
(4721, 'Новочеркасск', '{\"ru\": \"Новочеркасск\"}', 48),
(4722, 'Новошахтинск', '{\"ru\": \"Новошахтинск\"}', 48),
(4723, 'Обливская', '{\"ru\": \"Обливская\"}', 48),
(4724, 'Орловский', '{\"ru\": \"Орловский\"}', 48),
(4725, 'Песчанокопское', '{\"ru\": \"Песчанокопское\"}', 48),
(4726, 'Покровское', '{\"ru\": \"Покровское\"}', 48),
(4727, 'Пролетарск', '{\"ru\": \"Пролетарск\"}', 48),
(4728, 'Ремонтное', '{\"ru\": \"Ремонтное\"}', 48),
(4729, 'Родионово-Несветайская', '{\"ru\": \"Родионово-Несветайская\"}', 48),
(4730, 'Ростов-на-Дону', '{\"ru\": \"Ростов-на-Дону\"}', 48),
(4731, 'Сальск', '{\"ru\": \"Сальск\"}', 48),
(4732, 'Семикаракорск', '{\"ru\": \"Семикаракорск\"}', 48),
(4733, 'Таганрог', '{\"ru\": \"Таганрог\"}', 48),
(4734, 'Тарасовский', '{\"ru\": \"Тарасовский\"}', 48),
(4735, 'Тацинский', '{\"ru\": \"Тацинский\"}', 48),
(4736, 'Усть-Донецкий', '{\"ru\": \"Усть-Донецкий\"}', 48),
(4737, 'Целина', '{\"ru\": \"Целина\"}', 48),
(4738, 'Цимлянск', '{\"ru\": \"Цимлянск\"}', 48),
(4739, 'Чалтырь', '{\"ru\": \"Чалтырь\"}', 48),
(4740, 'Чертково', '{\"ru\": \"Чертково\"}', 48),
(4741, 'Шахты', '{\"ru\": \"Шахты\"}', 48),
(4742, 'Шолоховский', '{\"ru\": \"Шолоховский\"}', 48),
(4767, 'Александро-Невский', '{\"ru\": \"Александро-Невский\"}', 49),
(4768, 'Горняк', '{\"ru\": \"Горняк\"}', 49),
(4769, 'Гусь Железный', '{\"ru\": \"Гусь Железный\"}', 49),
(4770, 'Елатьма', '{\"ru\": \"Елатьма\"}', 49),
(4771, 'Ермишь', '{\"ru\": \"Ермишь\"}', 49),
(4772, 'Заречный (Рязанская обл.)', '{\"ru\": \"Заречный (Рязанская обл.)\"}', 49),
(4773, 'Захарово', '{\"ru\": \"Захарово\"}', 49),
(4774, 'Кадом', '{\"ru\": \"Кадом\"}', 49),
(4775, 'Касимов', '{\"ru\": \"Касимов\"}', 49),
(4776, 'Кораблино', '{\"ru\": \"Кораблино\"}', 49),
(4777, 'Милославское', '{\"ru\": \"Милославское\"}', 49),
(4778, 'Михайлов', '{\"ru\": \"Михайлов\"}', 49),
(4779, 'Новомичуринск', '{\"ru\": \"Новомичуринск\"}', 49),
(4780, 'Пителино', '{\"ru\": \"Пителино\"}', 49),
(4781, 'Пронск', '{\"ru\": \"Пронск\"}', 49),
(4782, 'Путятино', '{\"ru\": \"Путятино\"}', 49),
(4783, 'Рыбное', '{\"ru\": \"Рыбное\"}', 49),
(4784, 'Ряжск', '{\"ru\": \"Ряжск\"}', 49),
(4785, 'Рязань', '{\"ru\": \"Рязань\"}', 49),
(4786, 'Сапожок', '{\"ru\": \"Сапожок\"}', 49),
(4787, 'Сараи', '{\"ru\": \"Сараи\"}', 49),
(4788, 'Сасово', '{\"ru\": \"Сасово\"}', 49),
(4789, 'Скопин', '{\"ru\": \"Скопин\"}', 49),
(4790, 'Спас-Клепики', '{\"ru\": \"Спас-Клепики\"}', 49),
(4791, 'Спасск-Рязанский', '{\"ru\": \"Спасск-Рязанский\"}', 49),
(4792, 'Старожилово', '{\"ru\": \"Старожилово\"}', 49),
(4793, 'Ухолово', '{\"ru\": \"Ухолово\"}', 49),
(4794, 'Чучково', '{\"ru\": \"Чучково\"}', 49),
(4795, 'Шацк', '{\"ru\": \"Шацк\"}', 49),
(4796, 'Шилово', '{\"ru\": \"Шилово\"}', 49),
(4853, 'Алексеевка (Самарская обл.)', '{\"ru\": \"Алексеевка (Самарская обл.)\"}', 50),
(4854, 'Безенчук', '{\"ru\": \"Безенчук\"}', 50),
(4855, 'Богатое', '{\"ru\": \"Богатое\"}', 50),
(4856, 'Богатырь', '{\"ru\": \"Богатырь\"}', 50),
(4857, 'Большая Глушица', '{\"ru\": \"Большая Глушица\"}', 50),
(4858, 'Большая Глущица (Самарск.)', '{\"ru\": \"Большая Глущица (Самарск.)\"}', 50),
(4859, 'Большая Черниговка', '{\"ru\": \"Большая Черниговка\"}', 50),
(4860, 'Борское', '{\"ru\": \"Борское\"}', 50),
(4861, 'Волжский (Самарская обл.)', '{\"ru\": \"Волжский (Самарская обл.)\"}', 50),
(4862, 'Жигулевск', '{\"ru\": \"Жигулевск\"}', 50),
(4863, 'Зольное', '{\"ru\": \"Зольное\"}', 50),
(4864, 'Исаклы', '{\"ru\": \"Исаклы\"}', 50),
(4865, 'Камышла', '{\"ru\": \"Камышла\"}', 50),
(4866, 'Кинель', '{\"ru\": \"Кинель\"}', 50),
(4867, 'Кинель-Черкасы', '{\"ru\": \"Кинель-Черкасы\"}', 50),
(4868, 'Клявлино', '{\"ru\": \"Клявлино\"}', 50),
(4869, 'Кошки', '{\"ru\": \"Кошки\"}', 50),
(4870, 'Красноармейское (Самарск.)', '{\"ru\": \"Красноармейское (Самарск.)\"}', 50),
(4871, 'Красный Яр (Самарская обл.)', '{\"ru\": \"Красный Яр (Самарская обл.)\"}', 50),
(4872, 'Куйбышев', '{\"ru\": \"Куйбышев\"}', 50),
(4873, 'Нефтегорск', '{\"ru\": \"Нефтегорск\"}', 50),
(4874, 'Новокуйбышевск', '{\"ru\": \"Новокуйбышевск\"}', 50),
(4875, 'Октябрьск', '{\"ru\": \"Октябрьск\"}', 50),
(4876, 'Отрадный', '{\"ru\": \"Отрадный\"}', 50),
(4877, 'Пестравка', '{\"ru\": \"Пестравка\"}', 50),
(4878, 'Похвистнево', '{\"ru\": \"Похвистнево\"}', 50),
(4879, 'Приволжье', '{\"ru\": \"Приволжье\"}', 50),
(4880, 'Самара', '{\"ru\": \"Самара\"}', 50),
(4881, 'Сергиевск', '{\"ru\": \"Сергиевск\"}', 50),
(4882, 'Сургут (Самарская обл.)', '{\"ru\": \"Сургут (Самарская обл.)\"}', 50),
(4883, 'Сызрань', '{\"ru\": \"Сызрань\"}', 50),
(4884, 'Тольятти', '{\"ru\": \"Тольятти\"}', 50),
(4885, 'Хворостянка', '{\"ru\": \"Хворостянка\"}', 50),
(4886, 'Чапаевск', '{\"ru\": \"Чапаевск\"}', 50),
(4887, 'Челно-Вершины', '{\"ru\": \"Челно-Вершины\"}', 50),
(4888, 'Шентала', '{\"ru\": \"Шентала\"}', 50),
(4889, 'Шигоны', '{\"ru\": \"Шигоны\"}', 50),
(4944, 'Александров Гай', '{\"ru\": \"Александров Гай\"}', 51),
(4945, 'Аркадак', '{\"ru\": \"Аркадак\"}', 51),
(4946, 'Аткарск', '{\"ru\": \"Аткарск\"}', 51),
(4947, 'Базарный Карабулак', '{\"ru\": \"Базарный Карабулак\"}', 51),
(4948, 'Балаково', '{\"ru\": \"Балаково\"}', 51),
(4949, 'Балашов', '{\"ru\": \"Балашов\"}', 51),
(4950, 'Балтай', '{\"ru\": \"Балтай\"}', 51),
(4951, 'Возрождение', '{\"ru\": \"Возрождение\"}', 51),
(4952, 'Вольск', '{\"ru\": \"Вольск\"}', 51),
(4953, 'Воскресенское (Саратовск.)', '{\"ru\": \"Воскресенское (Саратовск.)\"}', 51),
(4954, 'Горный', '{\"ru\": \"Горный\"}', 51),
(4955, 'Дергачи', '{\"ru\": \"Дергачи\"}', 51),
(4956, 'Духовницкое', '{\"ru\": \"Духовницкое\"}', 51),
(4957, 'Екатериновка', '{\"ru\": \"Екатериновка\"}', 51),
(4958, 'Ершов', '{\"ru\": \"Ершов\"}', 51),
(4959, 'Ивантеевка (Саратовская обл.)', '{\"ru\": \"Ивантеевка (Саратовская обл.)\"}', 51),
(4960, 'Калининск', '{\"ru\": \"Калининск\"}', 51),
(4961, 'Каменский', '{\"ru\": \"Каменский\"}', 51),
(4962, 'Красноармейск (Саратовск.)', '{\"ru\": \"Красноармейск (Саратовск.)\"}', 51),
(4963, 'Красный Кут', '{\"ru\": \"Красный Кут\"}', 51),
(4964, 'Лысые Горы', '{\"ru\": \"Лысые Горы\"}', 51),
(4965, 'Маркс', '{\"ru\": \"Маркс\"}', 51),
(4966, 'Мокроус', '{\"ru\": \"Мокроус\"}', 51),
(4967, 'Новоузенск', '{\"ru\": \"Новоузенск\"}', 51),
(4968, 'Новые Бурасы', '{\"ru\": \"Новые Бурасы\"}', 51),
(4969, 'Озинки', '{\"ru\": \"Озинки\"}', 51),
(4970, 'Перелюб', '{\"ru\": \"Перелюб\"}', 51),
(4971, 'Петровск', '{\"ru\": \"Петровск\"}', 51),
(4972, 'Питерка', '{\"ru\": \"Питерка\"}', 51),
(4973, 'Пугачев', '{\"ru\": \"Пугачев\"}', 51),
(4974, 'Ровное', '{\"ru\": \"Ровное\"}', 51),
(4975, 'Романовка', '{\"ru\": \"Романовка\"}', 51),
(4976, 'Ртищево', '{\"ru\": \"Ртищево\"}', 51),
(4977, 'Самойловка', '{\"ru\": \"Самойловка\"}', 51),
(4978, 'Саратов', '{\"ru\": \"Саратов\"}', 51),
(4979, 'Степное (Саратовская обл.)', '{\"ru\": \"Степное (Саратовская обл.)\"}', 51),
(4980, 'Татищево', '{\"ru\": \"Татищево\"}', 51),
(4981, 'Турки', '{\"ru\": \"Турки\"}', 51),
(4982, 'Хвалынск', '{\"ru\": \"Хвалынск\"}', 51),
(4983, 'Энгельс', '{\"ru\": \"Энгельс\"}', 51),
(5020, 'Абый', '{\"ru\": \"Абый\"}', 52),
(5021, 'Айхал', '{\"ru\": \"Айхал\"}', 52),
(5022, 'Алдан', '{\"ru\": \"Алдан\"}', 52),
(5023, 'Амга', '{\"ru\": \"Амга\"}', 52),
(5024, 'Батагай', '{\"ru\": \"Батагай\"}', 52),
(5025, 'Бердигестях', '{\"ru\": \"Бердигестях\"}', 52),
(5026, 'Беркакит', '{\"ru\": \"Беркакит\"}', 52),
(5027, 'Бестях', '{\"ru\": \"Бестях\"}', 52),
(5028, 'Борогонцы', '{\"ru\": \"Борогонцы\"}', 52),
(5029, 'Верхневилюйск', '{\"ru\": \"Верхневилюйск\"}', 52),
(5030, 'Верхоянск', '{\"ru\": \"Верхоянск\"}', 52),
(5031, 'Вилюйск', '{\"ru\": \"Вилюйск\"}', 52),
(5032, 'Витим', '{\"ru\": \"Витим\"}', 52),
(5033, 'Власово', '{\"ru\": \"Власово\"}', 52),
(5034, 'Депутатский', '{\"ru\": \"Депутатский\"}', 52),
(5035, 'Жиганск', '{\"ru\": \"Жиганск\"}', 52),
(5036, 'Зырянка', '{\"ru\": \"Зырянка\"}', 52),
(5037, 'Кангалассы', '{\"ru\": \"Кангалассы\"}', 52),
(5038, 'Ленск', '{\"ru\": \"Ленск\"}', 52),
(5039, 'Майя', '{\"ru\": \"Майя\"}', 52),
(5040, 'Мирный (Саха)', '{\"ru\": \"Мирный (Саха)\"}', 52),
(5041, 'Нерюнгри', '{\"ru\": \"Нерюнгри\"}', 52),
(5042, 'Нижний Куранах', '{\"ru\": \"Нижний Куранах\"}', 52),
(5043, 'Нюрба', '{\"ru\": \"Нюрба\"}', 52),
(5044, 'Олекминск', '{\"ru\": \"Олекминск\"}', 52),
(5045, 'Покровск', '{\"ru\": \"Покровск\"}', 52),
(5046, 'Сангар', '{\"ru\": \"Сангар\"}', 52),
(5047, 'Саскылах', '{\"ru\": \"Саскылах\"}', 52),
(5048, 'Солнечный', '{\"ru\": \"Солнечный\"}', 52),
(5049, 'Среднеколымск', '{\"ru\": \"Среднеколымск\"}', 52),
(5050, 'Сунтар', '{\"ru\": \"Сунтар\"}', 52),
(5051, 'Тикси', '{\"ru\": \"Тикси\"}', 52),
(5052, 'Удачный', '{\"ru\": \"Удачный\"}', 52),
(5053, 'Усть-Мая', '{\"ru\": \"Усть-Мая\"}', 52),
(5054, 'Усть-Нера', '{\"ru\": \"Усть-Нера\"}', 52),
(5055, 'Хандыга', '{\"ru\": \"Хандыга\"}', 52),
(5056, 'Хонуу', '{\"ru\": \"Хонуу\"}', 52),
(5057, 'Чернышевский', '{\"ru\": \"Чернышевский\"}', 52),
(5058, 'Черский', '{\"ru\": \"Черский\"}', 52),
(5059, 'Чокурдах', '{\"ru\": \"Чокурдах\"}', 52),
(5060, 'Чульман', '{\"ru\": \"Чульман\"}', 52),
(5061, 'Чурапча', '{\"ru\": \"Чурапча\"}', 52),
(5062, 'Якутск', '{\"ru\": \"Якутск\"}', 52),
(5509, 'Александровск-Сахалинский', '{\"ru\": \"Александровск-Сахалинский\"}', 53),
(5510, 'Анбэцу', '{\"ru\": \"Анбэцу\"}', 53),
(5511, 'Анива', '{\"ru\": \"Анива\"}', 53),
(5512, 'Бошняково', '{\"ru\": \"Бошняково\"}', 53),
(5513, 'Быков', '{\"ru\": \"Быков\"}', 53),
(5514, 'Вахрушев', '{\"ru\": \"Вахрушев\"}', 53),
(5515, 'Взморье', '{\"ru\": \"Взморье\"}', 53),
(5516, 'Гастелло', '{\"ru\": \"Гастелло\"}', 53),
(5517, 'Горнозаводск (Сахалин)', '{\"ru\": \"Горнозаводск (Сахалин)\"}', 53),
(5518, 'Долинск', '{\"ru\": \"Долинск\"}', 53),
(5519, 'Ильинский (Сахалин)', '{\"ru\": \"Ильинский (Сахалин)\"}', 53),
(5520, 'Катангли', '{\"ru\": \"Катангли\"}', 53),
(5521, 'Корсаков', '{\"ru\": \"Корсаков\"}', 53),
(5522, 'Курильск', '{\"ru\": \"Курильск\"}', 53),
(5523, 'Макаров', '{\"ru\": \"Макаров\"}', 53),
(5524, 'Невельск', '{\"ru\": \"Невельск\"}', 53),
(5525, 'Ноглики', '{\"ru\": \"Ноглики\"}', 53),
(5526, 'Оха', '{\"ru\": \"Оха\"}', 53),
(5527, 'Поронайск', '{\"ru\": \"Поронайск\"}', 53),
(5528, 'Северо-Курильск', '{\"ru\": \"Северо-Курильск\"}', 53),
(5529, 'Смирных', '{\"ru\": \"Смирных\"}', 53),
(5530, 'Томари', '{\"ru\": \"Томари\"}', 53),
(5531, 'Тымовское', '{\"ru\": \"Тымовское\"}', 53),
(5532, 'Углегорск', '{\"ru\": \"Углегорск\"}', 53),
(5533, 'Холмск', '{\"ru\": \"Холмск\"}', 53),
(5534, 'Шахтерск', '{\"ru\": \"Шахтерск\"}', 53),
(5535, 'Южно-Курильск', '{\"ru\": \"Южно-Курильск\"}', 53),
(5536, 'Южно-Сахалинск', '{\"ru\": \"Южно-Сахалинск\"}', 53),
(5957, 'Алапаевск', '{\"ru\": \"Алапаевск\"}', 54),
(5958, 'Алтынай', '{\"ru\": \"Алтынай\"}', 54),
(5959, 'Арамиль', '{\"ru\": \"Арамиль\"}', 54),
(5960, 'Артемовский (Свердловская обл.)', '{\"ru\": \"Артемовский (Свердловская обл.)\"}', 54),
(5961, 'Арти', '{\"ru\": \"Арти\"}', 54),
(5962, 'Асбест', '{\"ru\": \"Асбест\"}', 54),
(5963, 'Ачит', '{\"ru\": \"Ачит\"}', 54),
(5964, 'Байкалово', '{\"ru\": \"Байкалово\"}', 54),
(5965, 'Басьяновский', '{\"ru\": \"Басьяновский\"}', 54),
(5966, 'Белоярский (Свердловская обл.)', '{\"ru\": \"Белоярский (Свердловская обл.)\"}', 54),
(5967, 'Березовский (Свердловская обл.)', '{\"ru\": \"Березовский (Свердловская обл.)\"}', 54),
(5968, 'Бисерть', '{\"ru\": \"Бисерть\"}', 54),
(5969, 'Богданович', '{\"ru\": \"Богданович\"}', 54),
(5970, 'Буланаш', '{\"ru\": \"Буланаш\"}', 54),
(5971, 'Верхний Тагил', '{\"ru\": \"Верхний Тагил\"}', 54),
(5972, 'Верхняя Пышма', '{\"ru\": \"Верхняя Пышма\"}', 54),
(5973, 'Верхняя Салда', '{\"ru\": \"Верхняя Салда\"}', 54),
(5974, 'Верхняя Синячиха', '{\"ru\": \"Верхняя Синячиха\"}', 54),
(5975, 'Верхняя Сысерть', '{\"ru\": \"Верхняя Сысерть\"}', 54),
(5976, 'Верхняя Тура', '{\"ru\": \"Верхняя Тура\"}', 54),
(5977, 'Верхотурье', '{\"ru\": \"Верхотурье\"}', 54),
(5978, 'Висим', '{\"ru\": \"Висим\"}', 54),
(5979, 'Волчанск', '{\"ru\": \"Волчанск\"}', 54),
(5980, 'Гари', '{\"ru\": \"Гари\"}', 54),
(5981, 'Дегтярск', '{\"ru\": \"Дегтярск\"}', 54),
(5982, 'Екатеринбург', '{\"ru\": \"Екатеринбург\"}', 54),
(5983, 'Ертарский', '{\"ru\": \"Ертарский\"}', 54),
(5984, 'Заводоуспенское', '{\"ru\": \"Заводоуспенское\"}', 54),
(5985, 'Заречный', '{\"ru\": \"Заречный\"}', 54),
(5986, 'Ивдель', '{\"ru\": \"Ивдель\"}', 54),
(5987, 'Изумруд', '{\"ru\": \"Изумруд\"}', 54),
(5988, 'Ирбит', '{\"ru\": \"Ирбит\"}', 54),
(5989, 'Ис', '{\"ru\": \"Ис\"}', 54),
(5990, 'Каменск-Уральский', '{\"ru\": \"Каменск-Уральский\"}', 54),
(5991, 'Камышлов', '{\"ru\": \"Камышлов\"}', 54),
(5992, 'Карпинск', '{\"ru\": \"Карпинск\"}', 54),
(5993, 'Качканар', '{\"ru\": \"Качканар\"}', 54);
INSERT INTO `cities` (`id`, `name`, `translation`, `region_id`) VALUES
(5994, 'Кировград', '{\"ru\": \"Кировград\"}', 54),
(5995, 'Краснотурьинск', '{\"ru\": \"Краснотурьинск\"}', 54),
(5996, 'Красноуральск', '{\"ru\": \"Красноуральск\"}', 54),
(5997, 'Красноуфимск', '{\"ru\": \"Красноуфимск\"}', 54),
(5998, 'Кушва', '{\"ru\": \"Кушва\"}', 54),
(5999, 'Лесной', '{\"ru\": \"Лесной\"}', 54),
(6000, 'Михайловск', '{\"ru\": \"Михайловск\"}', 54),
(6001, 'Невьянск', '{\"ru\": \"Невьянск\"}', 54),
(6002, 'Нижние Серги', '{\"ru\": \"Нижние Серги\"}', 54),
(6003, 'Нижний Тагил', '{\"ru\": \"Нижний Тагил\"}', 54),
(6004, 'Нижняя Салда', '{\"ru\": \"Нижняя Салда\"}', 54),
(6005, 'Нижняя Тура', '{\"ru\": \"Нижняя Тура\"}', 54),
(6006, 'Новая Ляля', '{\"ru\": \"Новая Ляля\"}', 54),
(6007, 'Новоуральск', '{\"ru\": \"Новоуральск\"}', 54),
(6008, 'Новоуральск (Свердловская обл.)', '{\"ru\": \"Новоуральск (Свердловская обл.)\"}', 54),
(6009, 'Оус', '{\"ru\": \"Оус\"}', 54),
(6010, 'Первоуральск', '{\"ru\": \"Первоуральск\"}', 54),
(6011, 'Полевской', '{\"ru\": \"Полевской\"}', 54),
(6012, 'Пышма', '{\"ru\": \"Пышма\"}', 54),
(6013, 'Ревда (Свердловская обл.)', '{\"ru\": \"Ревда (Свердловская обл.)\"}', 54),
(6014, 'Реж', '{\"ru\": \"Реж\"}', 54),
(6015, 'Рефтинск', '{\"ru\": \"Рефтинск\"}', 54),
(6016, 'Свердловск', '{\"ru\": \"Свердловск\"}', 54),
(6017, 'Североуральск', '{\"ru\": \"Североуральск\"}', 54),
(6018, 'Серов', '{\"ru\": \"Серов\"}', 54),
(6019, 'Сосьва', '{\"ru\": \"Сосьва\"}', 54),
(6020, 'Среднеуральск', '{\"ru\": \"Среднеуральск\"}', 54),
(6021, 'Сухой Лог', '{\"ru\": \"Сухой Лог\"}', 54),
(6022, 'Сысерть', '{\"ru\": \"Сысерть\"}', 54),
(6023, 'Таборы', '{\"ru\": \"Таборы\"}', 54),
(6024, 'Тавда', '{\"ru\": \"Тавда\"}', 54),
(6025, 'Талица', '{\"ru\": \"Талица\"}', 54),
(6026, 'Тугулым', '{\"ru\": \"Тугулым\"}', 54),
(6027, 'Туринск', '{\"ru\": \"Туринск\"}', 54),
(6028, 'Туринская Слобода', '{\"ru\": \"Туринская Слобода\"}', 54),
(6072, 'Алагир', '{\"ru\": \"Алагир\"}', 55),
(6073, 'Ардон', '{\"ru\": \"Ардон\"}', 55),
(6074, 'Беслан', '{\"ru\": \"Беслан\"}', 55),
(6075, 'Бурон', '{\"ru\": \"Бурон\"}', 55),
(6076, 'Владикавказ', '{\"ru\": \"Владикавказ\"}', 55),
(6077, 'Дигора', '{\"ru\": \"Дигора\"}', 55),
(6078, 'Моздок', '{\"ru\": \"Моздок\"}', 55),
(6079, 'Орджоникидзе', '{\"ru\": \"Орджоникидзе\"}', 55),
(6080, 'Чикола', '{\"ru\": \"Чикола\"}', 55),
(6166, 'Велиж', '{\"ru\": \"Велиж\"}', 56),
(6167, 'Верхнеднепровский', '{\"ru\": \"Верхнеднепровский\"}', 56),
(6168, 'Ворга', '{\"ru\": \"Ворга\"}', 56),
(6169, 'Вязьма', '{\"ru\": \"Вязьма\"}', 56),
(6170, 'Гагарин', '{\"ru\": \"Гагарин\"}', 56),
(6171, 'Глинка', '{\"ru\": \"Глинка\"}', 56),
(6172, 'Голынки', '{\"ru\": \"Голынки\"}', 56),
(6173, 'Демидов', '{\"ru\": \"Демидов\"}', 56),
(6174, 'Десногорск', '{\"ru\": \"Десногорск\"}', 56),
(6175, 'Дорогобуж', '{\"ru\": \"Дорогобуж\"}', 56),
(6176, 'Духовщина', '{\"ru\": \"Духовщина\"}', 56),
(6177, 'Ельня', '{\"ru\": \"Ельня\"}', 56),
(6178, 'Ершичи', '{\"ru\": \"Ершичи\"}', 56),
(6179, 'Издешково', '{\"ru\": \"Издешково\"}', 56),
(6180, 'Кардымово', '{\"ru\": \"Кардымово\"}', 56),
(6181, 'Красный', '{\"ru\": \"Красный\"}', 56),
(6182, 'Монастырщина', '{\"ru\": \"Монастырщина\"}', 56),
(6183, 'Новодугино', '{\"ru\": \"Новодугино\"}', 56),
(6184, 'Починок', '{\"ru\": \"Починок\"}', 56),
(6185, 'Рославль', '{\"ru\": \"Рославль\"}', 56),
(6186, 'Рудня', '{\"ru\": \"Рудня\"}', 56),
(6187, 'Сафоново', '{\"ru\": \"Сафоново\"}', 56),
(6188, 'Смоленск', '{\"ru\": \"Смоленск\"}', 56),
(6189, 'Сычевка', '{\"ru\": \"Сычевка\"}', 56),
(6190, 'Угра', '{\"ru\": \"Угра\"}', 56),
(6191, 'Хиславичи', '{\"ru\": \"Хиславичи\"}', 56),
(6192, 'Холм-Жирковский', '{\"ru\": \"Холм-Жирковский\"}', 56),
(6193, 'Шумячи', '{\"ru\": \"Шумячи\"}', 56),
(6194, 'Ярцево', '{\"ru\": \"Ярцево\"}', 56),
(6203, 'Александровское (Ставрополь.)', '{\"ru\": \"Александровское (Ставрополь.)\"}', 57),
(6204, 'Арзгир', '{\"ru\": \"Арзгир\"}', 57),
(6205, 'Благодарный', '{\"ru\": \"Благодарный\"}', 57),
(6206, 'Буденновск', '{\"ru\": \"Буденновск\"}', 57),
(6207, 'Георгиевск', '{\"ru\": \"Георгиевск\"}', 57),
(6208, 'Дивное (Ставропольский край)', '{\"ru\": \"Дивное (Ставропольский край)\"}', 57),
(6209, 'Домбай', '{\"ru\": \"Домбай\"}', 57),
(6210, 'Донское', '{\"ru\": \"Донское\"}', 57),
(6211, 'Ессентуки', '{\"ru\": \"Ессентуки\"}', 57),
(6212, 'Железноводск(Ставропольский)', '{\"ru\": \"Железноводск(Ставропольский)\"}', 57),
(6213, 'Зеленокумск', '{\"ru\": \"Зеленокумск\"}', 57),
(6214, 'Изобильный', '{\"ru\": \"Изобильный\"}', 57),
(6215, 'Иноземцево', '{\"ru\": \"Иноземцево\"}', 57),
(6216, 'Ипатово', '{\"ru\": \"Ипатово\"}', 57),
(6217, 'Карачаевск', '{\"ru\": \"Карачаевск\"}', 57),
(6218, 'Кисловодск', '{\"ru\": \"Кисловодск\"}', 57),
(6219, 'Кочубеевское', '{\"ru\": \"Кочубеевское\"}', 57),
(6220, 'Красногвардейское (Ставрополь.)', '{\"ru\": \"Красногвардейское (Ставрополь.)\"}', 57),
(6221, 'Курсавка', '{\"ru\": \"Курсавка\"}', 57),
(6222, 'Левокумское', '{\"ru\": \"Левокумское\"}', 57),
(6223, 'Лермонтов', '{\"ru\": \"Лермонтов\"}', 57),
(6224, 'Минеральные Воды', '{\"ru\": \"Минеральные Воды\"}', 57),
(6225, 'Михайловск', '{\"ru\": \"Михайловск\"}', 57),
(6226, 'Невинномысск', '{\"ru\": \"Невинномысск\"}', 57),
(6227, 'Нефтекумск', '{\"ru\": \"Нефтекумск\"}', 57),
(6228, 'Новоалександровск', '{\"ru\": \"Новоалександровск\"}', 57),
(6229, 'Новоалександровская', '{\"ru\": \"Новоалександровская\"}', 57),
(6230, 'Новопавловск', '{\"ru\": \"Новопавловск\"}', 57),
(6231, 'Новоселицкое', '{\"ru\": \"Новоселицкое\"}', 57),
(6232, 'Преградная', '{\"ru\": \"Преградная\"}', 57),
(6233, 'Пятигорск', '{\"ru\": \"Пятигорск\"}', 57),
(6234, 'Светлоград', '{\"ru\": \"Светлоград\"}', 57),
(6235, 'Солнечнодольск', '{\"ru\": \"Солнечнодольск\"}', 57),
(6236, 'Ставрополь', '{\"ru\": \"Ставрополь\"}', 57),
(6237, 'Степное (Ставропольский край)', '{\"ru\": \"Степное (Ставропольский край)\"}', 57),
(6238, 'Теберда', '{\"ru\": \"Теберда\"}', 57),
(6239, 'Усть-Джегута', '{\"ru\": \"Усть-Джегута\"}', 57),
(6240, 'Хабез', '{\"ru\": \"Хабез\"}', 57),
(6241, 'Черкесск', '{\"ru\": \"Черкесск\"}', 57),
(6253, 'Бондари', '{\"ru\": \"Бондари\"}', 58),
(6254, 'Гавриловка Вторая', '{\"ru\": \"Гавриловка Вторая\"}', 58),
(6255, 'Жердевка', '{\"ru\": \"Жердевка\"}', 58),
(6256, 'Знаменка', '{\"ru\": \"Знаменка\"}', 58),
(6257, 'Инжавино', '{\"ru\": \"Инжавино\"}', 58),
(6258, 'Кирсанов', '{\"ru\": \"Кирсанов\"}', 58),
(6259, 'Котовск', '{\"ru\": \"Котовск\"}', 58),
(6260, 'Мичуринск', '{\"ru\": \"Мичуринск\"}', 58),
(6261, 'Мордово', '{\"ru\": \"Мордово\"}', 58),
(6262, 'Моршанск', '{\"ru\": \"Моршанск\"}', 58),
(6263, 'Мучкапский', '{\"ru\": \"Мучкапский\"}', 58),
(6264, 'Первомайский (Тамбовская обл.)', '{\"ru\": \"Первомайский (Тамбовская обл.)\"}', 58),
(6265, 'Петровское', '{\"ru\": \"Петровское\"}', 58),
(6266, 'Пичаево', '{\"ru\": \"Пичаево\"}', 58),
(6267, 'Рассказово', '{\"ru\": \"Рассказово\"}', 58),
(6268, 'Ржакса', '{\"ru\": \"Ржакса\"}', 58),
(6269, 'Сосновка', '{\"ru\": \"Сосновка\"}', 58),
(6270, 'Староюрьево', '{\"ru\": \"Староюрьево\"}', 58),
(6271, 'Тамбов', '{\"ru\": \"Тамбов\"}', 58),
(6272, 'Токаревка', '{\"ru\": \"Токаревка\"}', 58),
(6273, 'Уварово', '{\"ru\": \"Уварово\"}', 58),
(6274, 'Умет', '{\"ru\": \"Умет\"}', 58),
(6484, 'Агрыз', '{\"ru\": \"Агрыз\"}', 59),
(6485, 'Азнакаево', '{\"ru\": \"Азнакаево\"}', 59),
(6486, 'Аксубаево', '{\"ru\": \"Аксубаево\"}', 59),
(6487, 'Актаныш', '{\"ru\": \"Актаныш\"}', 59),
(6488, 'Актюбинский', '{\"ru\": \"Актюбинский\"}', 59),
(6489, 'Алексеевское', '{\"ru\": \"Алексеевское\"}', 59),
(6490, 'Альметьевск', '{\"ru\": \"Альметьевск\"}', 59),
(6491, 'Апастово', '{\"ru\": \"Апастово\"}', 59),
(6492, 'Арск', '{\"ru\": \"Арск\"}', 59),
(6493, 'Бавлы', '{\"ru\": \"Бавлы\"}', 59),
(6494, 'Базарные Матаки', '{\"ru\": \"Базарные Матаки\"}', 59),
(6495, 'Балтаси', '{\"ru\": \"Балтаси\"}', 59),
(6496, 'Богатые Сабы', '{\"ru\": \"Богатые Сабы\"}', 59),
(6497, 'Брежнев', '{\"ru\": \"Брежнев\"}', 59),
(6498, 'Бугульма', '{\"ru\": \"Бугульма\"}', 59),
(6499, 'Буинск', '{\"ru\": \"Буинск\"}', 59),
(6500, 'Васильево', '{\"ru\": \"Васильево\"}', 59),
(6501, 'Верхний Услон', '{\"ru\": \"Верхний Услон\"}', 59),
(6502, 'Высокая Гора', '{\"ru\": \"Высокая Гора\"}', 59),
(6503, 'Дербешкинский', '{\"ru\": \"Дербешкинский\"}', 59),
(6504, 'Елабуга', '{\"ru\": \"Елабуга\"}', 59),
(6505, 'Заинск', '{\"ru\": \"Заинск\"}', 59),
(6506, 'Зеленодольск', '{\"ru\": \"Зеленодольск\"}', 59),
(6507, 'Казань', '{\"ru\": \"Казань\"}', 59),
(6508, 'Камское Устье', '{\"ru\": \"Камское Устье\"}', 59),
(6509, 'Карабаш (Татарстан)', '{\"ru\": \"Карабаш (Татарстан)\"}', 59),
(6510, 'Куйбышев (Татарстан)', '{\"ru\": \"Куйбышев (Татарстан)\"}', 59),
(6511, 'Кукмод', '{\"ru\": \"Кукмод\"}', 59),
(6512, 'Кукмор', '{\"ru\": \"Кукмор\"}', 59),
(6513, 'Лаишево', '{\"ru\": \"Лаишево\"}', 59),
(6514, 'Лениногорск', '{\"ru\": \"Лениногорск\"}', 59),
(6515, 'Мамадыш', '{\"ru\": \"Мамадыш\"}', 59),
(6516, 'Менделеевск', '{\"ru\": \"Менделеевск\"}', 59),
(6517, 'Мензелинск', '{\"ru\": \"Мензелинск\"}', 59),
(6518, 'Муслюмово', '{\"ru\": \"Муслюмово\"}', 59),
(6519, 'Набережные Челны', '{\"ru\": \"Набережные Челны\"}', 59),
(6520, 'Нижнекамск', '{\"ru\": \"Нижнекамск\"}', 59),
(6521, 'Новошешминск', '{\"ru\": \"Новошешминск\"}', 59),
(6522, 'Нурлат', '{\"ru\": \"Нурлат\"}', 59),
(6523, 'Пестрецы', '{\"ru\": \"Пестрецы\"}', 59),
(6524, 'Рыбная Слобода', '{\"ru\": \"Рыбная Слобода\"}', 59),
(6525, 'Сарманово', '{\"ru\": \"Сарманово\"}', 59),
(6526, 'Старое Дрожжаное', '{\"ru\": \"Старое Дрожжаное\"}', 59),
(6527, 'Тетюши', '{\"ru\": \"Тетюши\"}', 59),
(6528, 'Черемшан', '{\"ru\": \"Черемшан\"}', 59),
(6529, 'Чистополь', '{\"ru\": \"Чистополь\"}', 59),
(6603, 'Андреаполь', '{\"ru\": \"Андреаполь\"}', 60),
(6604, 'Бежецк', '{\"ru\": \"Бежецк\"}', 60),
(6605, 'Белый', '{\"ru\": \"Белый\"}', 60),
(6606, 'Белый Городок', '{\"ru\": \"Белый Городок\"}', 60),
(6607, 'Березайка', '{\"ru\": \"Березайка\"}', 60),
(6608, 'Бологое', '{\"ru\": \"Бологое\"}', 60),
(6609, 'Васильевский Мох', '{\"ru\": \"Васильевский Мох\"}', 60),
(6610, 'Весьегонск', '{\"ru\": \"Весьегонск\"}', 60),
(6611, 'Выползово', '{\"ru\": \"Выползово\"}', 60),
(6612, 'Вышний Волочек', '{\"ru\": \"Вышний Волочек\"}', 60),
(6613, 'Жарковский', '{\"ru\": \"Жарковский\"}', 60),
(6614, 'Западная Двина', '{\"ru\": \"Западная Двина\"}', 60),
(6615, 'Зубцов', '{\"ru\": \"Зубцов\"}', 60),
(6616, 'Изоплит', '{\"ru\": \"Изоплит\"}', 60),
(6617, 'Калашниково', '{\"ru\": \"Калашниково\"}', 60),
(6618, 'Калинин', '{\"ru\": \"Калинин\"}', 60),
(6619, 'Калязин', '{\"ru\": \"Калязин\"}', 60),
(6620, 'Кашин', '{\"ru\": \"Кашин\"}', 60),
(6621, 'Кесова Гора', '{\"ru\": \"Кесова Гора\"}', 60),
(6622, 'Кимры', '{\"ru\": \"Кимры\"}', 60),
(6623, 'Конаково', '{\"ru\": \"Конаково\"}', 60),
(6624, 'Красный Холм', '{\"ru\": \"Красный Холм\"}', 60),
(6625, 'Кувшиново', '{\"ru\": \"Кувшиново\"}', 60),
(6626, 'Лесное', '{\"ru\": \"Лесное\"}', 60),
(6627, 'Лихославль', '{\"ru\": \"Лихославль\"}', 60),
(6628, 'Максатиха', '{\"ru\": \"Максатиха\"}', 60),
(6629, 'Молоково', '{\"ru\": \"Молоково\"}', 60),
(6630, 'Нелидово', '{\"ru\": \"Нелидово\"}', 60),
(6631, 'Оленино', '{\"ru\": \"Оленино\"}', 60),
(6632, 'Осташков', '{\"ru\": \"Осташков\"}', 60),
(6633, 'Пено', '{\"ru\": \"Пено\"}', 60),
(6634, 'Рамешки', '{\"ru\": \"Рамешки\"}', 60),
(6635, 'Ржев', '{\"ru\": \"Ржев\"}', 60),
(6636, 'Сандово', '{\"ru\": \"Сандово\"}', 60),
(6637, 'Селижарово', '{\"ru\": \"Селижарово\"}', 60),
(6638, 'Сонково', '{\"ru\": \"Сонково\"}', 60),
(6639, 'Спирово', '{\"ru\": \"Спирово\"}', 60),
(6640, 'Старица', '{\"ru\": \"Старица\"}', 60),
(6641, 'Тверь', '{\"ru\": \"Тверь\"}', 60),
(6642, 'Торжок', '{\"ru\": \"Торжок\"}', 60),
(6643, 'Торопец', '{\"ru\": \"Торопец\"}', 60),
(6644, 'Удомля', '{\"ru\": \"Удомля\"}', 60),
(6645, 'Фирово', '{\"ru\": \"Фирово\"}', 60),
(6667, 'Александровское (Томская обл.)', '{\"ru\": \"Александровское (Томская обл.)\"}', 61),
(6668, 'Асино', '{\"ru\": \"Асино\"}', 61),
(6669, 'Бакчар', '{\"ru\": \"Бакчар\"}', 61),
(6670, 'Батурино', '{\"ru\": \"Батурино\"}', 61),
(6671, 'Белый Яр', '{\"ru\": \"Белый Яр\"}', 61),
(6672, 'Зырянское', '{\"ru\": \"Зырянское\"}', 61),
(6673, 'Итатка', '{\"ru\": \"Итатка\"}', 61),
(6674, 'Каргасок', '{\"ru\": \"Каргасок\"}', 61),
(6675, 'Катайга', '{\"ru\": \"Катайга\"}', 61),
(6676, 'Кожевниково', '{\"ru\": \"Кожевниково\"}', 61),
(6677, 'Колпашево', '{\"ru\": \"Колпашево\"}', 61),
(6678, 'Кривошеино', '{\"ru\": \"Кривошеино\"}', 61),
(6679, 'Мельниково', '{\"ru\": \"Мельниково\"}', 61),
(6680, 'Молчаново', '{\"ru\": \"Молчаново\"}', 61),
(6681, 'Парабель', '{\"ru\": \"Парабель\"}', 61),
(6682, 'Первомайское', '{\"ru\": \"Первомайское\"}', 61),
(6683, 'Подгорное', '{\"ru\": \"Подгорное\"}', 61),
(6684, 'Северск', '{\"ru\": \"Северск\"}', 61),
(6685, 'Стрежевой', '{\"ru\": \"Стрежевой\"}', 61),
(6686, 'Томск', '{\"ru\": \"Томск\"}', 61),
(6687, 'Тымск', '{\"ru\": \"Тымск\"}', 61),
(7134, 'Ак-Довурак', '{\"ru\": \"Ак-Довурак\"}', 62),
(7135, 'Бай Хаак', '{\"ru\": \"Бай Хаак\"}', 62),
(7136, 'Кызыл', '{\"ru\": \"Кызыл\"}', 62),
(7137, 'Самагалтай', '{\"ru\": \"Самагалтай\"}', 62),
(7138, 'Сарыг-Сеп', '{\"ru\": \"Сарыг-Сеп\"}', 62),
(7139, 'Суть-Холь', '{\"ru\": \"Суть-Холь\"}', 62),
(7140, 'Тоора-Хем', '{\"ru\": \"Тоора-Хем\"}', 62),
(7141, 'Туран', '{\"ru\": \"Туран\"}', 62),
(7142, 'Тээли', '{\"ru\": \"Тээли\"}', 62),
(7143, 'Хову-Аксы', '{\"ru\": \"Хову-Аксы\"}', 62),
(7144, 'Чадан', '{\"ru\": \"Чадан\"}', 62),
(7145, 'Шагонар', '{\"ru\": \"Шагонар\"}', 62),
(7146, 'Эрзин', '{\"ru\": \"Эрзин\"}', 62),
(7389, 'Агеево', '{\"ru\": \"Агеево\"}', 63),
(7390, 'Алексин', '{\"ru\": \"Алексин\"}', 63),
(7391, 'Арсеньево', '{\"ru\": \"Арсеньево\"}', 63),
(7392, 'Барсуки', '{\"ru\": \"Барсуки\"}', 63),
(7393, 'Белев', '{\"ru\": \"Белев\"}', 63),
(7394, 'Богородицк', '{\"ru\": \"Богородицк\"}', 63),
(7395, 'Болохово', '{\"ru\": \"Болохово\"}', 63),
(7396, 'Велегож', '{\"ru\": \"Велегож\"}', 63),
(7397, 'Венев', '{\"ru\": \"Венев\"}', 63),
(7398, 'Волово', '{\"ru\": \"Волово\"}', 63),
(7399, 'Горелки', '{\"ru\": \"Горелки\"}', 63),
(7400, 'Донской', '{\"ru\": \"Донской\"}', 63),
(7401, 'Дубна (Тульская обл.)', '{\"ru\": \"Дубна (Тульская обл.)\"}', 63),
(7402, 'Епифань', '{\"ru\": \"Епифань\"}', 63),
(7403, 'Ефремов', '{\"ru\": \"Ефремов\"}', 63),
(7404, 'Заокский', '{\"ru\": \"Заокский\"}', 63),
(7405, 'Казановка', '{\"ru\": \"Казановка\"}', 63),
(7406, 'Кимовск', '{\"ru\": \"Кимовск\"}', 63),
(7407, 'Киреевск', '{\"ru\": \"Киреевск\"}', 63),
(7408, 'Куркино', '{\"ru\": \"Куркино\"}', 63),
(7409, 'Ленинский', '{\"ru\": \"Ленинский\"}', 63),
(7410, 'Лянтор', '{\"ru\": \"Лянтор\"}', 63),
(7411, 'Новомосковск', '{\"ru\": \"Новомосковск\"}', 63),
(7412, 'Одоев', '{\"ru\": \"Одоев\"}', 63),
(7413, 'Плавск', '{\"ru\": \"Плавск\"}', 63),
(7414, 'Советск (Тульская обл.)', '{\"ru\": \"Советск (Тульская обл.)\"}', 63),
(7415, 'Суворов', '{\"ru\": \"Суворов\"}', 63),
(7416, 'Тула', '{\"ru\": \"Тула\"}', 63),
(7417, 'Узловая', '{\"ru\": \"Узловая\"}', 63),
(7418, 'Щекино', '{\"ru\": \"Щекино\"}', 63),
(7419, 'Ясногорск', '{\"ru\": \"Ясногорск\"}', 63),
(7490, 'Яр-Сале', '{\"ru\": \"Яр-Сале\"}', 64),
(7491, 'Абатский', '{\"ru\": \"Абатский\"}', 64),
(7492, 'Аган', '{\"ru\": \"Аган\"}', 64),
(7493, 'Аксарка', '{\"ru\": \"Аксарка\"}', 64),
(7494, 'Армизонское', '{\"ru\": \"Армизонское\"}', 64),
(7495, 'Аромашево', '{\"ru\": \"Аромашево\"}', 64),
(7496, 'Белоярский (Тюменская обл.)', '{\"ru\": \"Белоярский (Тюменская обл.)\"}', 64),
(7497, 'Бердюжье', '{\"ru\": \"Бердюжье\"}', 64),
(7498, 'Березово', '{\"ru\": \"Березово\"}', 64),
(7499, 'Большое Сорокино', '{\"ru\": \"Большое Сорокино\"}', 64),
(7500, 'Вагай', '{\"ru\": \"Вагай\"}', 64),
(7501, 'Викулово', '{\"ru\": \"Викулово\"}', 64),
(7502, 'Винзили', '{\"ru\": \"Винзили\"}', 64),
(7503, 'Голышманово', '{\"ru\": \"Голышманово\"}', 64),
(7504, 'Губкинский (Тюменская обл.)', '{\"ru\": \"Губкинский (Тюменская обл.)\"}', 64),
(7505, 'Заводопетровский', '{\"ru\": \"Заводопетровский\"}', 64),
(7506, 'Заводоуковск', '{\"ru\": \"Заводоуковск\"}', 64),
(7507, 'Игрим', '{\"ru\": \"Игрим\"}', 64),
(7508, 'Излучинск', '{\"ru\": \"Излучинск\"}', 64),
(7509, 'Исетское', '{\"ru\": \"Исетское\"}', 64),
(7510, 'Ишим', '{\"ru\": \"Ишим\"}', 64),
(7511, 'Казанское', '{\"ru\": \"Казанское\"}', 64),
(7512, 'Казым-Мыс', '{\"ru\": \"Казым-Мыс\"}', 64),
(7513, 'Когалым (Тюменская обл.)', '{\"ru\": \"Когалым (Тюменская обл.)\"}', 64),
(7514, 'Кондинское', '{\"ru\": \"Кондинское\"}', 64),
(7515, 'Красноселькуп', '{\"ru\": \"Красноселькуп\"}', 64),
(7516, 'Лабытнанги', '{\"ru\": \"Лабытнанги\"}', 64),
(7517, 'Лангепас', '{\"ru\": \"Лангепас\"}', 64),
(7518, 'Ларьяк', '{\"ru\": \"Ларьяк\"}', 64),
(7519, 'Лянторский', '{\"ru\": \"Лянторский\"}', 64),
(7520, 'Мегион', '{\"ru\": \"Мегион\"}', 64),
(7521, 'Междуреченский', '{\"ru\": \"Междуреченский\"}', 64),
(7522, 'Мужи', '{\"ru\": \"Мужи\"}', 64),
(7523, 'Муравленко (Тюменская обл.)', '{\"ru\": \"Муравленко (Тюменская обл.)\"}', 64),
(7524, 'Надым (Тюменская обл.)', '{\"ru\": \"Надым (Тюменская обл.)\"}', 64),
(7525, 'Находка (Тюменская обл.)', '{\"ru\": \"Находка (Тюменская обл.)\"}', 64),
(7526, 'Нефтеюганск', '{\"ru\": \"Нефтеюганск\"}', 64),
(7527, 'Нижневартовск', '{\"ru\": \"Нижневартовск\"}', 64),
(7528, 'Нижняя Тавда', '{\"ru\": \"Нижняя Тавда\"}', 64),
(7529, 'Новоаганск', '{\"ru\": \"Новоаганск\"}', 64),
(7530, 'Новый Уренгой (Тюменская обл.)', '{\"ru\": \"Новый Уренгой (Тюменская обл.)\"}', 64),
(7531, 'Ноябрьск (Тюменская обл.)', '{\"ru\": \"Ноябрьск (Тюменская обл.)\"}', 64),
(7532, 'Нягань', '{\"ru\": \"Нягань\"}', 64),
(7533, 'Октябрьское (Тюменская обл.)', '{\"ru\": \"Октябрьское (Тюменская обл.)\"}', 64),
(7534, 'Омутинский', '{\"ru\": \"Омутинский\"}', 64),
(7535, 'Покачи (Тюменская обл.)', '{\"ru\": \"Покачи (Тюменская обл.)\"}', 64),
(7536, 'Приобье', '{\"ru\": \"Приобье\"}', 64),
(7537, 'Пыть-Ях', '{\"ru\": \"Пыть-Ях\"}', 64),
(7538, 'Радужный (Ханты-Мансийский АО)', '{\"ru\": \"Радужный (Ханты-Мансийский АО)\"}', 64),
(7539, 'Салехард', '{\"ru\": \"Салехард\"}', 64),
(7540, 'Сладково', '{\"ru\": \"Сладково\"}', 64),
(7541, 'Советский (Тюменская обл.)', '{\"ru\": \"Советский (Тюменская обл.)\"}', 64),
(7542, 'Сургут', '{\"ru\": \"Сургут\"}', 64),
(7543, 'Тазовский', '{\"ru\": \"Тазовский\"}', 64),
(7544, 'Тобольск', '{\"ru\": \"Тобольск\"}', 64),
(7545, 'Тюмень', '{\"ru\": \"Тюмень\"}', 64),
(7546, 'Уват', '{\"ru\": \"Уват\"}', 64),
(7547, 'Унъюган', '{\"ru\": \"Унъюган\"}', 64),
(7548, 'Упорово', '{\"ru\": \"Упорово\"}', 64),
(7549, 'Урай', '{\"ru\": \"Урай\"}', 64),
(7550, 'Ханты-Мансийск', '{\"ru\": \"Ханты-Мансийск\"}', 64),
(7551, 'Югорск', '{\"ru\": \"Югорск\"}', 64),
(7552, 'Юрибей', '{\"ru\": \"Юрибей\"}', 64),
(7553, 'Ялуторовск', '{\"ru\": \"Ялуторовск\"}', 64),
(7554, 'Ярково', '{\"ru\": \"Ярково\"}', 64),
(7697, 'Алнаши', '{\"ru\": \"Алнаши\"}', 65),
(7698, 'Балезино', '{\"ru\": \"Балезино\"}', 65),
(7699, 'Вавож', '{\"ru\": \"Вавож\"}', 65),
(7700, 'Воткинск', '{\"ru\": \"Воткинск\"}', 65),
(7701, 'Глазов', '{\"ru\": \"Глазов\"}', 65),
(7702, 'Грахово', '{\"ru\": \"Грахово\"}', 65),
(7703, 'Дебесы', '{\"ru\": \"Дебесы\"}', 65),
(7704, 'Завьялово', '{\"ru\": \"Завьялово\"}', 65),
(7705, 'Игра', '{\"ru\": \"Игра\"}', 65),
(7706, 'Ижевск', '{\"ru\": \"Ижевск\"}', 65),
(7707, 'Кама', '{\"ru\": \"Кама\"}', 65),
(7708, 'Камбарка', '{\"ru\": \"Камбарка\"}', 65),
(7709, 'Каракулино', '{\"ru\": \"Каракулино\"}', 65),
(7710, 'Кез', '{\"ru\": \"Кез\"}', 65),
(7711, 'Кизнер', '{\"ru\": \"Кизнер\"}', 65),
(7712, 'Киясово', '{\"ru\": \"Киясово\"}', 65),
(7713, 'Красногорское (Удмуртия)', '{\"ru\": \"Красногорское (Удмуртия)\"}', 65),
(7714, 'Можга', '{\"ru\": \"Можга\"}', 65),
(7715, 'Сарапул', '{\"ru\": \"Сарапул\"}', 65),
(7716, 'Селты', '{\"ru\": \"Селты\"}', 65),
(7717, 'Сюмси', '{\"ru\": \"Сюмси\"}', 65),
(7718, 'Ува', '{\"ru\": \"Ува\"}', 65),
(7719, 'Устинов', '{\"ru\": \"Устинов\"}', 65),
(7720, 'Шаркан', '{\"ru\": \"Шаркан\"}', 65),
(7721, 'Юкаменское', '{\"ru\": \"Юкаменское\"}', 65),
(7722, 'Якшур-Бодья', '{\"ru\": \"Якшур-Бодья\"}', 65),
(7723, 'Яр', '{\"ru\": \"Яр\"}', 65),
(7826, 'Базарный Сызган', '{\"ru\": \"Базарный Сызган\"}', 66),
(7827, 'Барыш', '{\"ru\": \"Барыш\"}', 66),
(7828, 'Большое Нагаткино', '{\"ru\": \"Большое Нагаткино\"}', 66),
(7829, 'Вешкайма', '{\"ru\": \"Вешкайма\"}', 66),
(7830, 'Глотовка', '{\"ru\": \"Глотовка\"}', 66),
(7831, 'Димитровград', '{\"ru\": \"Димитровград\"}', 66),
(7832, 'Игнатовка', '{\"ru\": \"Игнатовка\"}', 66),
(7833, 'Измайлово', '{\"ru\": \"Измайлово\"}', 66),
(7834, 'Инза', '{\"ru\": \"Инза\"}', 66),
(7835, 'Ишеевка', '{\"ru\": \"Ишеевка\"}', 66),
(7836, 'Канадей', '{\"ru\": \"Канадей\"}', 66),
(7837, 'Карсун', '{\"ru\": \"Карсун\"}', 66),
(7838, 'Кузоватово', '{\"ru\": \"Кузоватово\"}', 66),
(7839, 'Майна', '{\"ru\": \"Майна\"}', 66),
(7840, 'Новая Малыкла', '{\"ru\": \"Новая Малыкла\"}', 66),
(7841, 'Новоспасское', '{\"ru\": \"Новоспасское\"}', 66),
(7842, 'Новоульяновск', '{\"ru\": \"Новоульяновск\"}', 66),
(7843, 'Павловка', '{\"ru\": \"Павловка\"}', 66),
(7844, 'Радищево', '{\"ru\": \"Радищево\"}', 66),
(7845, 'Сенгилей', '{\"ru\": \"Сенгилей\"}', 66),
(7846, 'Старая Кулатка', '{\"ru\": \"Старая Кулатка\"}', 66),
(7847, 'Старая Майна', '{\"ru\": \"Старая Майна\"}', 66),
(7848, 'Сурское', '{\"ru\": \"Сурское\"}', 66),
(7849, 'Тереньга', '{\"ru\": \"Тереньга\"}', 66),
(7850, 'Ульяновск', '{\"ru\": \"Ульяновск\"}', 66),
(7851, 'Чердаклы', '{\"ru\": \"Чердаклы\"}', 66),
(7959, 'Аксай (Уральская обл.)', '{\"ru\": \"Аксай (Уральская обл.)\"}', 67),
(7960, 'Дарьинское', '{\"ru\": \"Дарьинское\"}', 67),
(7961, 'Деркул', '{\"ru\": \"Деркул\"}', 67),
(7962, 'Джамбейты', '{\"ru\": \"Джамбейты\"}', 67),
(7963, 'Переметное', '{\"ru\": \"Переметное\"}', 67),
(7964, 'Уральск', '{\"ru\": \"Уральск\"}', 67),
(7965, 'Федоровка (Уральская обл.)', '{\"ru\": \"Федоровка (Уральская обл.)\"}', 67),
(7966, 'Фурманово', '{\"ru\": \"Фурманово\"}', 67),
(7967, 'Чапаев', '{\"ru\": \"Чапаев\"}', 67),
(8081, 'Амурск', '{\"ru\": \"Амурск\"}', 68),
(8082, 'Аян', '{\"ru\": \"Аян\"}', 68),
(8083, 'Березовый', '{\"ru\": \"Березовый\"}', 68),
(8084, 'Бикин', '{\"ru\": \"Бикин\"}', 68),
(8085, 'Бира', '{\"ru\": \"Бира\"}', 68),
(8086, 'Биракан', '{\"ru\": \"Биракан\"}', 68),
(8087, 'Богородское (Хабаровский край)', '{\"ru\": \"Богородское (Хабаровский край)\"}', 68),
(8088, 'Ванино', '{\"ru\": \"Ванино\"}', 68),
(8089, 'Волочаевка Вторая', '{\"ru\": \"Волочаевка Вторая\"}', 68),
(8090, 'Высокогорный', '{\"ru\": \"Высокогорный\"}', 68),
(8091, 'Вяземский', '{\"ru\": \"Вяземский\"}', 68),
(8092, 'Горный', '{\"ru\": \"Горный\"}', 68),
(8093, 'Гурское', '{\"ru\": \"Гурское\"}', 68),
(8094, 'Дормидонтовка', '{\"ru\": \"Дормидонтовка\"}', 68),
(8095, 'Заветы Ильича', '{\"ru\": \"Заветы Ильича\"}', 68),
(8096, 'Известковый', '{\"ru\": \"Известковый\"}', 68),
(8097, 'Иннокентьевка', '{\"ru\": \"Иннокентьевка\"}', 68),
(8098, 'Комсомольск-на-Амуре', '{\"ru\": \"Комсомольск-на-Амуре\"}', 68),
(8099, 'Ленинское', '{\"ru\": \"Ленинское\"}', 68),
(8100, 'Нелькан', '{\"ru\": \"Нелькан\"}', 68),
(8101, 'Николаевск-на-Амуре', '{\"ru\": \"Николаевск-на-Амуре\"}', 68),
(8102, 'Облучье', '{\"ru\": \"Облучье\"}', 68),
(8103, 'Охотск', '{\"ru\": \"Охотск\"}', 68),
(8104, 'Переяславка', '{\"ru\": \"Переяславка\"}', 68),
(8105, 'Смидович', '{\"ru\": \"Смидович\"}', 68),
(8106, 'Советская Гавань', '{\"ru\": \"Советская Гавань\"}', 68),
(8107, 'Софийск', '{\"ru\": \"Софийск\"}', 68),
(8108, 'Троицкое', '{\"ru\": \"Троицкое\"}', 68),
(8109, 'Тугур', '{\"ru\": \"Тугур\"}', 68),
(8110, 'Хабаровск', '{\"ru\": \"Хабаровск\"}', 68),
(8111, 'Чегдомын', '{\"ru\": \"Чегдомын\"}', 68),
(8112, 'Чумикан', '{\"ru\": \"Чумикан\"}', 68),
(8148, 'Абакан', '{\"ru\": \"Абакан\"}', 69),
(8149, 'Саяногорск', '{\"ru\": \"Саяногорск\"}', 69),
(8150, 'Черногорск', '{\"ru\": \"Черногорск\"}', 69),
(8192, 'Агаповка', '{\"ru\": \"Агаповка\"}', 70),
(8193, 'Аргаяш', '{\"ru\": \"Аргаяш\"}', 70),
(8194, 'Аша', '{\"ru\": \"Аша\"}', 70),
(8195, 'Бакал', '{\"ru\": \"Бакал\"}', 70),
(8196, 'Бреды', '{\"ru\": \"Бреды\"}', 70),
(8197, 'Варна', '{\"ru\": \"Варна\"}', 70),
(8198, 'Верхнеуральск', '{\"ru\": \"Верхнеуральск\"}', 70),
(8199, 'Верхний Уфалей', '{\"ru\": \"Верхний Уфалей\"}', 70),
(8200, 'Еманжелинск', '{\"ru\": \"Еманжелинск\"}', 70),
(8201, 'Златоуст', '{\"ru\": \"Златоуст\"}', 70),
(8202, 'Карабаш', '{\"ru\": \"Карабаш\"}', 70),
(8203, 'Карталы', '{\"ru\": \"Карталы\"}', 70),
(8204, 'Касли', '{\"ru\": \"Касли\"}', 70),
(8205, 'Катав-Ивановск', '{\"ru\": \"Катав-Ивановск\"}', 70),
(8206, 'Копейск', '{\"ru\": \"Копейск\"}', 70),
(8207, 'Коркино', '{\"ru\": \"Коркино\"}', 70),
(8208, 'Красногорский', '{\"ru\": \"Красногорский\"}', 70),
(8209, 'Кунашак', '{\"ru\": \"Кунашак\"}', 70),
(8210, 'Куса', '{\"ru\": \"Куса\"}', 70),
(8211, 'Кыштым', '{\"ru\": \"Кыштым\"}', 70),
(8212, 'Магнитогорск', '{\"ru\": \"Магнитогорск\"}', 70),
(8213, 'Миасс', '{\"ru\": \"Миасс\"}', 70),
(8214, 'Миньяр', '{\"ru\": \"Миньяр\"}', 70),
(8215, 'Озерск(Челябинская обл.)', '{\"ru\": \"Озерск(Челябинская обл.)\"}', 70),
(8216, 'Октябрьское (Челябинская обл.)', '{\"ru\": \"Октябрьское (Челябинская обл.)\"}', 70),
(8217, 'Пласт', '{\"ru\": \"Пласт\"}', 70),
(8218, 'Сатка', '{\"ru\": \"Сатка\"}', 70),
(8219, 'Сим', '{\"ru\": \"Сим\"}', 70),
(8220, 'Снежинск (Челябинская обл.)', '{\"ru\": \"Снежинск (Челябинская обл.)\"}', 70),
(8221, 'Трехгорный', '{\"ru\": \"Трехгорный\"}', 70),
(8222, 'Троицк', '{\"ru\": \"Троицк\"}', 70),
(8223, 'Увельский', '{\"ru\": \"Увельский\"}', 70),
(8224, 'Уйское', '{\"ru\": \"Уйское\"}', 70),
(8225, 'Усть-Катав', '{\"ru\": \"Усть-Катав\"}', 70),
(8226, 'Фершампенуаз', '{\"ru\": \"Фершампенуаз\"}', 70),
(8227, 'Чебаркуль', '{\"ru\": \"Чебаркуль\"}', 70),
(8228, 'Челябинск', '{\"ru\": \"Челябинск\"}', 70),
(8229, 'Чесма', '{\"ru\": \"Чесма\"}', 70),
(8230, 'Южно-Уральск', '{\"ru\": \"Южно-Уральск\"}', 70),
(8231, 'Юрюзань', '{\"ru\": \"Юрюзань\"}', 70),
(8257, 'Аргун', '{\"ru\": \"Аргун\"}', 71),
(8258, 'Грозный', '{\"ru\": \"Грозный\"}', 71),
(8259, 'Гудермес', '{\"ru\": \"Гудермес\"}', 71),
(8260, 'Знаменское', '{\"ru\": \"Знаменское\"}', 71),
(8261, 'Малгобек', '{\"ru\": \"Малгобек\"}', 71),
(8262, 'Назрань', '{\"ru\": \"Назрань\"}', 71),
(8263, 'Наурская', '{\"ru\": \"Наурская\"}', 71),
(8264, 'Ножай-Юрт', '{\"ru\": \"Ножай-Юрт\"}', 71),
(8265, 'Орджоникидзевская', '{\"ru\": \"Орджоникидзевская\"}', 71),
(8266, 'Советское (Чечено-Ингушетия)', '{\"ru\": \"Советское (Чечено-Ингушетия)\"}', 71),
(8267, 'Урус-Мартан', '{\"ru\": \"Урус-Мартан\"}', 71),
(8268, 'Шали', '{\"ru\": \"Шали\"}', 71),
(8302, 'Агинское', '{\"ru\": \"Агинское\"}', 72),
(8303, 'Аксеново-Зиловское', '{\"ru\": \"Аксеново-Зиловское\"}', 72),
(8304, 'Акша', '{\"ru\": \"Акша\"}', 72),
(8305, 'Арбагар', '{\"ru\": \"Арбагар\"}', 72),
(8306, 'Атамановка', '{\"ru\": \"Атамановка\"}', 72),
(8307, 'Балей', '{\"ru\": \"Балей\"}', 72),
(8308, 'Борзя', '{\"ru\": \"Борзя\"}', 72),
(8309, 'Букачача', '{\"ru\": \"Букачача\"}', 72),
(8310, 'Газимурский Завод', '{\"ru\": \"Газимурский Завод\"}', 72),
(8311, 'Давенда', '{\"ru\": \"Давенда\"}', 72),
(8312, 'Дарасун', '{\"ru\": \"Дарасун\"}', 72),
(8313, 'Домна', '{\"ru\": \"Домна\"}', 72),
(8314, 'Дровяная', '{\"ru\": \"Дровяная\"}', 72),
(8315, 'Дульдурга', '{\"ru\": \"Дульдурга\"}', 72),
(8316, 'Забайкальск', '{\"ru\": \"Забайкальск\"}', 72),
(8317, 'Карымское', '{\"ru\": \"Карымское\"}', 72),
(8318, 'Ключевский', '{\"ru\": \"Ключевский\"}', 72),
(8319, 'Кокуй', '{\"ru\": \"Кокуй\"}', 72),
(8320, 'Краснокаменск', '{\"ru\": \"Краснокаменск\"}', 72),
(8321, 'Красный Чикой', '{\"ru\": \"Красный Чикой\"}', 72),
(8322, 'Кыра', '{\"ru\": \"Кыра\"}', 72),
(8323, 'Моготуй', '{\"ru\": \"Моготуй\"}', 72),
(8324, 'Могоча', '{\"ru\": \"Могоча\"}', 72),
(8325, 'Нерчинск', '{\"ru\": \"Нерчинск\"}', 72),
(8326, 'Нерчинский Завод', '{\"ru\": \"Нерчинский Завод\"}', 72),
(8327, 'Нижний Цасучей', '{\"ru\": \"Нижний Цасучей\"}', 72),
(8328, 'Оловянная', '{\"ru\": \"Оловянная\"}', 72),
(8329, 'Первомайский (Читинская обл.)', '{\"ru\": \"Первомайский (Читинская обл.)\"}', 72),
(8330, 'Петровск-Забайкальский', '{\"ru\": \"Петровск-Забайкальский\"}', 72),
(8331, 'Приаргунск', '{\"ru\": \"Приаргунск\"}', 72),
(8332, 'Сретенск', '{\"ru\": \"Сретенск\"}', 72),
(8333, 'Тупик', '{\"ru\": \"Тупик\"}', 72),
(8334, 'Улеты', '{\"ru\": \"Улеты\"}', 72),
(8335, 'Хилок', '{\"ru\": \"Хилок\"}', 72),
(8336, 'Чара', '{\"ru\": \"Чара\"}', 72),
(8337, 'Чернышевск', '{\"ru\": \"Чернышевск\"}', 72),
(8338, 'Чита', '{\"ru\": \"Чита\"}', 72),
(8339, 'Шелопугино', '{\"ru\": \"Шелопугино\"}', 72),
(8340, 'Шилка', '{\"ru\": \"Шилка\"}', 72),
(8366, 'Алатырь', '{\"ru\": \"Алатырь\"}', 73),
(8367, 'Аликово', '{\"ru\": \"Аликово\"}', 73),
(8368, 'Батырева', '{\"ru\": \"Батырева\"}', 73),
(8369, 'Буинск', '{\"ru\": \"Буинск\"}', 73),
(8370, 'Вурнары', '{\"ru\": \"Вурнары\"}', 73),
(8371, 'Ибреси', '{\"ru\": \"Ибреси\"}', 73),
(8372, 'Канаш', '{\"ru\": \"Канаш\"}', 73),
(8373, 'Киря', '{\"ru\": \"Киря\"}', 73),
(8374, 'Комсомольское', '{\"ru\": \"Комсомольское\"}', 73),
(8375, 'Красноармейское (Чувашия)', '{\"ru\": \"Красноармейское (Чувашия)\"}', 73),
(8376, 'Красные Четаи', '{\"ru\": \"Красные Четаи\"}', 73),
(8377, 'Кугеси', '{\"ru\": \"Кугеси\"}', 73),
(8378, 'Мариинский Посад', '{\"ru\": \"Мариинский Посад\"}', 73),
(8379, 'Моргауши', '{\"ru\": \"Моргауши\"}', 73),
(8380, 'Новочебоксарск', '{\"ru\": \"Новочебоксарск\"}', 73),
(8381, 'Порецкое', '{\"ru\": \"Порецкое\"}', 73),
(8382, 'Урмары', '{\"ru\": \"Урмары\"}', 73),
(8383, 'Цивильск', '{\"ru\": \"Цивильск\"}', 73),
(8384, 'Чебоксары', '{\"ru\": \"Чебоксары\"}', 73),
(8385, 'Шемурша', '{\"ru\": \"Шемурша\"}', 73),
(8386, 'Шумерля', '{\"ru\": \"Шумерля\"}', 73),
(8387, 'Ядрин', '{\"ru\": \"Ядрин\"}', 73),
(8388, 'Яльчики', '{\"ru\": \"Яльчики\"}', 73),
(8389, 'Янтиково', '{\"ru\": \"Янтиково\"}', 73),
(8427, 'Анадырь (Чукотский АО)', '{\"ru\": \"Анадырь (Чукотский АО)\"}', 74),
(8428, 'Билибино', '{\"ru\": \"Билибино\"}', 74),
(8429, 'ПЕВЕК', '{\"ru\": \"ПЕВЕК\"}', 74),
(8476, 'Губкинский (Ямало-Ненецкий АО)', '{\"ru\": \"Губкинский (Ямало-Ненецкий АО)\"}', 75),
(8477, 'Заполярный (Ямало-Ненецкий АО)', '{\"ru\": \"Заполярный (Ямало-Ненецкий АО)\"}', 75),
(8478, 'Муравленко', '{\"ru\": \"Муравленко\"}', 75),
(8479, 'Надым', '{\"ru\": \"Надым\"}', 75),
(8480, 'Новый Уренгой', '{\"ru\": \"Новый Уренгой\"}', 75),
(8481, 'Ноябрьск', '{\"ru\": \"Ноябрьск\"}', 75),
(8482, 'Пангоды', '{\"ru\": \"Пангоды\"}', 75),
(8483, 'Пуровск', '{\"ru\": \"Пуровск\"}', 75),
(8484, 'Салехард', '{\"ru\": \"Салехард\"}', 75),
(8485, 'Тазовский', '{\"ru\": \"Тазовский\"}', 75),
(8486, 'Тарко-Сале', '{\"ru\": \"Тарко-Сале\"}', 75),
(8525, 'Андропов', '{\"ru\": \"Андропов\"}', 76),
(8526, 'Берендеево', '{\"ru\": \"Берендеево\"}', 76),
(8527, 'Большое Село', '{\"ru\": \"Большое Село\"}', 76),
(8528, 'Борисоглебский', '{\"ru\": \"Борисоглебский\"}', 76),
(8529, 'Брейтово', '{\"ru\": \"Брейтово\"}', 76),
(8530, 'Бурмакино', '{\"ru\": \"Бурмакино\"}', 76),
(8531, 'Варегово', '{\"ru\": \"Варегово\"}', 76),
(8532, 'Волга', '{\"ru\": \"Волга\"}', 76),
(8533, 'Гаврилов Ям', '{\"ru\": \"Гаврилов Ям\"}', 76),
(8534, 'Данилов', '{\"ru\": \"Данилов\"}', 76),
(8535, 'Любим', '{\"ru\": \"Любим\"}', 76),
(8536, 'Мышкин', '{\"ru\": \"Мышкин\"}', 76),
(8537, 'Некрасовское', '{\"ru\": \"Некрасовское\"}', 76),
(8538, 'Новый Некоуз', '{\"ru\": \"Новый Некоуз\"}', 76),
(8539, 'Переславль-Залесский', '{\"ru\": \"Переславль-Залесский\"}', 76),
(8540, 'Пошехонье-Володарск', '{\"ru\": \"Пошехонье-Володарск\"}', 76),
(8541, 'Ростов', '{\"ru\": \"Ростов\"}', 76),
(8542, 'Рыбинск', '{\"ru\": \"Рыбинск\"}', 76),
(8543, 'Тутаев', '{\"ru\": \"Тутаев\"}', 76),
(8544, 'Углич', '{\"ru\": \"Углич\"}', 76),
(8545, 'Ярославль', '{\"ru\": \"Ярославль\"}', 76),
(8618, 'Черкесск', '{\"ru\": \"Черкесск\"}', 77),
(8619, 'Katowice', '{\"ru\": \"Katowice\"}', 1097),
(8620, 'Warsaw', '{\"ru\": \"Warsaw\"}', 1098),
(8621, 'Łódź', '{\"ru\": \"Łódź\"}', 1099),
(8622, 'Kraków', '{\"ru\": \"Kraków\"}', 1100),
(8623, 'Gdańsk', '{\"ru\": \"Gdańsk\"}', 1101),
(8624, 'Bytom', '{\"ru\": \"Bytom\"}', 1097),
(8625, 'Wrocław', '{\"ru\": \"Wrocław\"}', 1102),
(8626, 'Poznań', '{\"ru\": \"Poznań\"}', 1103),
(8627, 'Gliwice', '{\"ru\": \"Gliwice\"}', 1097),
(8628, 'Szczecin', '{\"ru\": \"Szczecin\"}', 1104),
(8629, 'Bydgoszcz', '{\"ru\": \"Bydgoszcz\"}', 1105),
(8630, 'Lublin', '{\"ru\": \"Lublin\"}', 1106),
(8631, 'Gdynia', '{\"ru\": \"Gdynia\"}', 1101),
(8632, 'Białystok', '{\"ru\": \"Białystok\"}', 1107),
(8633, 'Rzeszów', '{\"ru\": \"Rzeszów\"}', 1108),
(8634, 'Kielce', '{\"ru\": \"Kielce\"}', 1109),
(8635, 'Olsztyn', '{\"ru\": \"Olsztyn\"}', 1110),
(8636, 'Opole', '{\"ru\": \"Opole\"}', 1111),
(8637, 'Elbląg', '{\"ru\": \"Elbląg\"}', 1110),
(8638, 'Zielona Góra', '{\"ru\": \"Zielona Góra\"}', 1112),
(8639, 'Koszalin', '{\"ru\": \"Koszalin\"}', 1104),
(8640, 'Twierdza Grudziadz', '{\"ru\": \"Twierdza Grudziadz\"}', 1105),
(8641, 'Inowrocław', '{\"ru\": \"Inowrocław\"}', 1105),
(8642, 'Ełk', '{\"ru\": \"Ełk\"}', 1110),
(8643, 'Nakło nad Notecią', '{\"ru\": \"Nakło nad Notecią\"}', 1105),
(8644, 'Ustrzyki Dolne', '{\"ru\": \"Ustrzyki Dolne\"}', 1108),
(8645, 'Sępólno Krajeńskie', '{\"ru\": \"Sępólno Krajeńskie\"}', 1105),
(8646, 'Gorlice', '{\"ru\": \"Gorlice\"}', 1100),
(8647, 'Nowy Targ', '{\"ru\": \"Nowy Targ\"}', 1100),
(8648, 'Nowy Tomyśl', '{\"ru\": \"Nowy Tomyśl\"}', 1103),
(8649, 'Łask', '{\"ru\": \"Łask\"}', 1099),
(8650, 'Bolesławiec', '{\"ru\": \"Bolesławiec\"}', 1102),
(8651, 'Olecko', '{\"ru\": \"Olecko\"}', 1110),
(8652, 'Biała Podlaska', '{\"ru\": \"Biała Podlaska\"}', 1106),
(8653, 'Polkowice', '{\"ru\": \"Polkowice\"}', 1102),
(8654, 'Nisko', '{\"ru\": \"Nisko\"}', 1108),
(8655, 'Brzozów', '{\"ru\": \"Brzozów\"}', 1108),
(8656, 'Ruda Śląska', '{\"ru\": \"Ruda Śląska\"}', 1097),
(8657, 'Bełchatów', '{\"ru\": \"Bełchatów\"}', 1099),
(8658, 'Brodnica', '{\"ru\": \"Brodnica\"}', 1105),
(8659, 'Tychy', '{\"ru\": \"Tychy\"}', 1097),
(8660, 'Oborniki', '{\"ru\": \"Oborniki\"}', 1103),
(8661, 'Choszczno', '{\"ru\": \"Choszczno\"}', 1104),
(8662, 'Lesko', '{\"ru\": \"Lesko\"}', 1108),
(8663, 'Będzin', '{\"ru\": \"Będzin\"}', 1097),
(8664, 'Hrubieszów', '{\"ru\": \"Hrubieszów\"}', 1106),
(8665, 'Sztum', '{\"ru\": \"Sztum\"}', 1101),
(8666, 'Świętochłowice', '{\"ru\": \"Świętochłowice\"}', 1097),
(8667, 'Strzelin', '{\"ru\": \"Strzelin\"}', 1102),
(8668, 'Zwoleń', '{\"ru\": \"Zwoleń\"}', 1098),
(8669, 'Głogów', '{\"ru\": \"Głogów\"}', 1102),
(8670, 'Grodzisk Mazowiecki', '{\"ru\": \"Grodzisk Mazowiecki\"}', 1098),
(8671, 'Pruszków', '{\"ru\": \"Pruszków\"}', 1098),
(8672, 'Radomsko', '{\"ru\": \"Radomsko\"}', 1099),
(8673, 'Police', '{\"ru\": \"Police\"}', 1104),
(8674, 'Rypin', '{\"ru\": \"Rypin\"}', 1105),
(8675, 'Ożarów Mazowiecki', '{\"ru\": \"Ożarów Mazowiecki\"}', 1098),
(8676, 'Wodzisław Śląski', '{\"ru\": \"Wodzisław Śląski\"}', 1097),
(8677, 'Zabrze', '{\"ru\": \"Zabrze\"}', 1097),
(8678, 'Pajęczno', '{\"ru\": \"Pajęczno\"}', 1099),
(8679, 'Sokółka', '{\"ru\": \"Sokółka\"}', 1107),
(8680, 'Ostrzeszów', '{\"ru\": \"Ostrzeszów\"}', 1103),
(8681, 'Pszczyna', '{\"ru\": \"Pszczyna\"}', 1097),
(8682, 'Jarocin', '{\"ru\": \"Jarocin\"}', 1103),
(8683, 'Lubań', '{\"ru\": \"Lubań\"}', 1102),
(8684, 'Lubaczów', '{\"ru\": \"Lubaczów\"}', 1108),
(8685, 'Bielsko-Biała', '{\"ru\": \"Bielsko-Biała\"}', 1097),
(8686, 'Kamień Pomorski', '{\"ru\": \"Kamień Pomorski\"}', 1104),
(8687, 'Szydłowiec', '{\"ru\": \"Szydłowiec\"}', 1098),
(8688, 'Żagań', '{\"ru\": \"Żagań\"}', 1112),
(8689, 'Cieszyn', '{\"ru\": \"Cieszyn\"}', 1097),
(8690, 'Jaworzno', '{\"ru\": \"Jaworzno\"}', 1097),
(8691, 'Lidzbark Warmiński', '{\"ru\": \"Lidzbark Warmiński\"}', 1110),
(8692, 'Węgrów', '{\"ru\": \"Węgrów\"}', 1098),
(8693, 'Czarnków', '{\"ru\": \"Czarnków\"}', 1103),
(8694, 'Wieruszów', '{\"ru\": \"Wieruszów\"}', 1099),
(8695, 'Kętrzyn', '{\"ru\": \"Kętrzyn\"}', 1110),
(8696, 'Stargard Szczeciński', '{\"ru\": \"Stargard Szczeciński\"}', 1104),
(8697, 'Wadowice', '{\"ru\": \"Wadowice\"}', 1100),
(8698, 'Gniezno', '{\"ru\": \"Gniezno\"}', 1103),
(8699, 'Słupca', '{\"ru\": \"Słupca\"}', 1103),
(8700, 'Opatów', '{\"ru\": \"Opatów\"}', 1109),
(8701, 'Wejherowo', '{\"ru\": \"Wejherowo\"}', 1101),
(8702, 'Łęczna', '{\"ru\": \"Łęczna\"}', 1106),
(8703, 'Białobrzegi', '{\"ru\": \"Białobrzegi\"}', 1098),
(8704, 'Olkusz', '{\"ru\": \"Olkusz\"}', 1100),
(8705, 'Zamość', '{\"ru\": \"Zamość\"}', 1106),
(8706, 'Lipno', '{\"ru\": \"Lipno\"}', 1105),
(8707, 'Łańcut', '{\"ru\": \"Łańcut\"}', 1108),
(8708, 'Parczew', '{\"ru\": \"Parczew\"}', 1106),
(8709, 'Limanowa', '{\"ru\": \"Limanowa\"}', 1100),
(8710, 'Tarnowskie Góry', '{\"ru\": \"Tarnowskie Góry\"}', 1097),
(8711, 'Kłobuck', '{\"ru\": \"Kłobuck\"}', 1097),
(8712, 'Pyrzyce', '{\"ru\": \"Pyrzyce\"}', 1104),
(8713, 'Tuchola', '{\"ru\": \"Tuchola\"}', 1105),
(8714, 'Starachowice', '{\"ru\": \"Starachowice\"}', 1109),
(8715, 'Kartuzy', '{\"ru\": \"Kartuzy\"}', 1101),
(8716, 'Lubartów', '{\"ru\": \"Lubartów\"}', 1106),
(8717, 'Sanok', '{\"ru\": \"Sanok\"}', 1108),
(8718, 'Wysokie Mazowieckie', '{\"ru\": \"Wysokie Mazowieckie\"}', 1107),
(8719, 'Nowy Dwór Gdański', '{\"ru\": \"Nowy Dwór Gdański\"}', 1101),
(8720, 'Nowy Dwór Mazowiecki', '{\"ru\": \"Nowy Dwór Mazowiecki\"}', 1098),
(8721, 'Piła', '{\"ru\": \"Piła\"}', 1103),
(8722, 'Nowe Miasto Lubawskie', '{\"ru\": \"Nowe Miasto Lubawskie\"}', 1110),
(8723, 'Żyrardów', '{\"ru\": \"Żyrardów\"}', 1098),
(8724, 'Sucha Beskidzka', '{\"ru\": \"Sucha Beskidzka\"}', 1100),
(8725, 'Gostyń', '{\"ru\": \"Gostyń\"}', 1103),
(8726, 'Chełm', '{\"ru\": \"Chełm\"}', 1106),
(8727, 'Sochaczew', '{\"ru\": \"Sochaczew\"}', 1098),
(8728, 'Leżajsk', '{\"ru\": \"Leżajsk\"}', 1108),
(8729, 'Mogilno', '{\"ru\": \"Mogilno\"}', 1105),
(8730, 'Sierpc', '{\"ru\": \"Sierpc\"}', 1098),
(8731, 'Ryki', '{\"ru\": \"Ryki\"}', 1106),
(8732, 'Racibórz', '{\"ru\": \"Racibórz\"}', 1097),
(8733, 'Staszów', '{\"ru\": \"Staszów\"}', 1109),
(8734, 'Chełmno', '{\"ru\": \"Chełmno\"}', 1105),
(8735, 'Dąbrowa Górnicza', '{\"ru\": \"Dąbrowa Górnicza\"}', 1097),
(8736, 'Garwolin', '{\"ru\": \"Garwolin\"}', 1098),
(8737, 'Krasnystaw', '{\"ru\": \"Krasnystaw\"}', 1106),
(8738, 'Kozienice', '{\"ru\": \"Kozienice\"}', 1098),
(8739, 'Mysłowice', '{\"ru\": \"Mysłowice\"}', 1097),
(8740, 'Zgorzelec', '{\"ru\": \"Zgorzelec\"}', 1102),
(8741, 'Słupsk', '{\"ru\": \"Słupsk\"}', 1101),
(8742, 'Turek', '{\"ru\": \"Turek\"}', 1103),
(8743, 'Żnin', '{\"ru\": \"Żnin\"}', 1105),
(8744, 'Skierniewice', '{\"ru\": \"Skierniewice\"}', 1099),
(8745, 'Sejny', '{\"ru\": \"Sejny\"}', 1107),
(8746, 'Pisz', '{\"ru\": \"Pisz\"}', 1110),
(8747, 'Wieluń', '{\"ru\": \"Wieluń\"}', 1099),
(8748, 'Świecie', '{\"ru\": \"Świecie\"}', 1105),
(8749, 'Stalowa Wola', '{\"ru\": \"Stalowa Wola\"}', 1108),
(8750, 'Tczew', '{\"ru\": \"Tczew\"}', 1101),
(8751, 'Radzyń Podlaski', '{\"ru\": \"Radzyń Podlaski\"}', 1106),
(8752, 'Świdnik', '{\"ru\": \"Świdnik\"}', 1106),
(8753, 'Białogard', '{\"ru\": \"Białogard\"}', 1104),
(8754, 'Końskie', '{\"ru\": \"Końskie\"}', 1109),
(8755, 'Zgierz', '{\"ru\": \"Zgierz\"}', 1099),
(8756, 'Krapkowice', '{\"ru\": \"Krapkowice\"}', 1111),
(8757, 'Legnica', '{\"ru\": \"Legnica\"}', 1102),
(8758, 'Legionowo', '{\"ru\": \"Legionowo\"}', 1098),
(8759, 'Bartoszyce', '{\"ru\": \"Bartoszyce\"}', 1110),
(8760, 'Chrzanów', '{\"ru\": \"Chrzanów\"}', 1100),
(8761, 'Słubice', '{\"ru\": \"Słubice\"}', 1112),
(8762, 'Strzelce Krajeńskie', '{\"ru\": \"Strzelce Krajeńskie\"}', 1112),
(8763, 'Nidzica', '{\"ru\": \"Nidzica\"}', 1110),
(8764, 'Głubczyce', '{\"ru\": \"Głubczyce\"}', 1111),
(8765, 'Włoszczowa', '{\"ru\": \"Włoszczowa\"}', 1109),
(8766, 'Skarżysko-Kamienna', '{\"ru\": \"Skarżysko-Kamienna\"}', 1109),
(8767, 'Kalisz', '{\"ru\": \"Kalisz\"}', 1103),
(8768, 'Opole Lubelskie', '{\"ru\": \"Opole Lubelskie\"}', 1106),
(8769, 'Międzychód', '{\"ru\": \"Międzychód\"}', 1103),
(8770, 'Olesno', '{\"ru\": \"Olesno\"}', 1111),
(8771, 'Działdowo', '{\"ru\": \"Działdowo\"}', 1110),
(8772, 'Mielec', '{\"ru\": \"Mielec\"}', 1108),
(8773, 'Ostrów Mazowiecka', '{\"ru\": \"Ostrów Mazowiecka\"}', 1098),
(8774, 'Pułtusk', '{\"ru\": \"Pułtusk\"}', 1098),
(8775, 'Kraśnik', '{\"ru\": \"Kraśnik\"}', 1106),
(8776, 'Miechów', '{\"ru\": \"Miechów\"}', 1100),
(8777, 'Konin', '{\"ru\": \"Konin\"}', 1103),
(8778, 'Góra', '{\"ru\": \"Góra\"}', 1102),
(8779, 'Żory', '{\"ru\": \"Żory\"}', 1097),
(8780, 'Ciechanów', '{\"ru\": \"Ciechanów\"}', 1098),
(8781, 'Myślenice', '{\"ru\": \"Myślenice\"}', 1100),
(8782, 'Myślibórz', '{\"ru\": \"Myślibórz\"}', 1104),
(8783, 'Lubin', '{\"ru\": \"Lubin\"}', 1102),
(8784, 'Tarnobrzeg', '{\"ru\": \"Tarnobrzeg\"}', 1108),
(8785, 'Piotrków Trybunalski', '{\"ru\": \"Piotrków Trybunalski\"}', 1099),
(8786, 'Gryfice', '{\"ru\": \"Gryfice\"}', 1104),
(8787, 'Gryfino', '{\"ru\": \"Gryfino\"}', 1104),
(8788, 'Dzierżoniów', '{\"ru\": \"Dzierżoniów\"}', 1102),
(8789, 'Grudziądz', '{\"ru\": \"Grudziądz\"}', 1105),
(8790, 'Płock', '{\"ru\": \"Płock\"}', 1098),
(8791, 'Przasnysz', '{\"ru\": \"Przasnysz\"}', 1098),
(8792, 'Goleniów', '{\"ru\": \"Goleniów\"}', 1104),
(8793, 'Ząbkowice Śląskie', '{\"ru\": \"Ząbkowice Śląskie\"}', 1102),
(8794, 'Włodawa', '{\"ru\": \"Włodawa\"}', 1106),
(8795, 'Opoczno', '{\"ru\": \"Opoczno\"}', 1099),
(8796, 'Rybnik', '{\"ru\": \"Rybnik\"}', 1097),
(8797, 'Jasło', '{\"ru\": \"Jasło\"}', 1108),
(8798, 'Trzebnica', '{\"ru\": \"Trzebnica\"}', 1102),
(8799, 'Maków Mazowiecki', '{\"ru\": \"Maków Mazowiecki\"}', 1098),
(8800, 'Proszowice', '{\"ru\": \"Proszowice\"}', 1100),
(8801, 'Chojnice', '{\"ru\": \"Chojnice\"}', 1101),
(8802, 'Przemyśl', '{\"ru\": \"Przemyśl\"}', 1108),
(8803, 'Sieradz', '{\"ru\": \"Sieradz\"}', 1099),
(8804, 'Łobez', '{\"ru\": \"Łobez\"}', 1104),
(8805, 'Mrągowo', '{\"ru\": \"Mrągowo\"}', 1110),
(8806, 'Lipsko', '{\"ru\": \"Lipsko\"}', 1098),
(8807, 'Świnoujście', '{\"ru\": \"Świnoujście\"}', 1104),
(8808, 'Nysa', '{\"ru\": \"Nysa\"}', 1111),
(8809, 'Września', '{\"ru\": \"Września\"}', 1103),
(8810, 'Sopot', '{\"ru\": \"Sopot\"}', 1101),
(8811, 'Kwidzyn', '{\"ru\": \"Kwidzyn\"}', 1101),
(8812, 'Ostrołęka', '{\"ru\": \"Ostrołęka\"}', 1098),
(8813, 'Brzeg', '{\"ru\": \"Brzeg\"}', 1111),
(8814, 'Środa Wielkopolska', '{\"ru\": \"Środa Wielkopolska\"}', 1103),
(8815, 'Środa Śląska', '{\"ru\": \"Środa Śląska\"}', 1102),
(8816, 'Lębork', '{\"ru\": \"Lębork\"}', 1101),
(8817, 'Giżycko', '{\"ru\": \"Giżycko\"}', 1110),
(8818, 'Sokołów Podlaski', '{\"ru\": \"Sokołów Podlaski\"}', 1098),
(8819, 'Zakopane', '{\"ru\": \"Zakopane\"}', 1100),
(8820, 'Żuromin', '{\"ru\": \"Żuromin\"}', 1098),
(8821, 'Łęczyca', '{\"ru\": \"Łęczyca\"}', 1099),
(8822, 'Myszków', '{\"ru\": \"Myszków\"}', 1097),
(8823, 'Kluczbork', '{\"ru\": \"Kluczbork\"}', 1111),
(8824, 'Kolbuszowa', '{\"ru\": \"Kolbuszowa\"}', 1108),
(8825, 'Starogard Gdański', '{\"ru\": \"Starogard Gdański\"}', 1101),
(8826, 'Hajnówka', '{\"ru\": \"Hajnówka\"}', 1107),
(8827, 'Bytów', '{\"ru\": \"Bytów\"}', 1101),
(8828, 'Otwock', '{\"ru\": \"Otwock\"}', 1098),
(8829, 'Dębica', '{\"ru\": \"Dębica\"}', 1108),
(8830, 'Włocławek', '{\"ru\": \"Włocławek\"}', 1105),
(8831, 'Malbork', '{\"ru\": \"Malbork\"}', 1101),
(8832, 'Przeworsk', '{\"ru\": \"Przeworsk\"}', 1108),
(8833, 'Wołów', '{\"ru\": \"Wołów\"}', 1102),
(8834, 'Kościerzyna', '{\"ru\": \"Kościerzyna\"}', 1101),
(8835, 'Jelenia Góra', '{\"ru\": \"Jelenia Góra\"}', 1102),
(8836, 'Ropczyce', '{\"ru\": \"Ropczyce\"}', 1108),
(8837, 'Wschowa', '{\"ru\": \"Wschowa\"}', 1112),
(8838, 'Międzyrzecz', '{\"ru\": \"Międzyrzecz\"}', 1112),
(8839, 'Kazimierza Wielka', '{\"ru\": \"Kazimierza Wielka\"}', 1109),
(8840, 'Krotoszyn', '{\"ru\": \"Krotoszyn\"}', 1103),
(8841, 'Częstochowa', '{\"ru\": \"Częstochowa\"}', 1097),
(8842, 'Gostynin', '{\"ru\": \"Gostynin\"}', 1098),
(8843, 'Rawa Mazowiecka', '{\"ru\": \"Rawa Mazowiecka\"}', 1099),
(8844, 'Ostrów Wielkopolski', '{\"ru\": \"Ostrów Wielkopolski\"}', 1103),
(8845, 'Grójec', '{\"ru\": \"Grójec\"}', 1098),
(8846, 'Łowicz', '{\"ru\": \"Łowicz\"}', 1099),
(8847, 'Świdwin', '{\"ru\": \"Świdwin\"}', 1104),
(8848, 'Bieruń', '{\"ru\": \"Bieruń\"}', 1097),
(8849, 'Siedlce', '{\"ru\": \"Siedlce\"}', 1098),
(8850, 'Łomża', '{\"ru\": \"Łomża\"}', 1107),
(8851, 'Busko-Zdrój', '{\"ru\": \"Busko-Zdrój\"}', 1109),
(8852, 'Jastrzębie-Zdrój', '{\"ru\": \"Jastrzębie-Zdrój\"}', 1097),
(8853, 'Golub-Dobrzyń', '{\"ru\": \"Golub-Dobrzyń\"}', 1105),
(8854, 'Zambrów', '{\"ru\": \"Zambrów\"}', 1107),
(8855, 'Brzesko', '{\"ru\": \"Brzesko\"}', 1100),
(8856, 'Wągrowiec', '{\"ru\": \"Wągrowiec\"}', 1103),
(8857, 'Tomaszów Lubelski', '{\"ru\": \"Tomaszów Lubelski\"}', 1106),
(8858, 'Tomaszów Mazowiecki', '{\"ru\": \"Tomaszów Mazowiecki\"}', 1099),
(8859, 'Suwałki', '{\"ru\": \"Suwałki\"}', 1107),
(8860, 'Rawicz', '{\"ru\": \"Rawicz\"}', 1103),
(8861, 'Chorzów', '{\"ru\": \"Chorzów\"}', 1097),
(8862, 'Wolsztyn', '{\"ru\": \"Wolsztyn\"}', 1103),
(8863, 'Pruszcz Gdański', '{\"ru\": \"Pruszcz Gdański\"}', 1101),
(8864, 'Szczecinek', '{\"ru\": \"Szczecinek\"}', 1104),
(8865, 'Grajewo', '{\"ru\": \"Grajewo\"}', 1107),
(8866, 'Zduńska Wola', '{\"ru\": \"Zduńska Wola\"}', 1099),
(8867, 'Wałbrzych', '{\"ru\": \"Wałbrzych\"}', 1102),
(8868, 'Płońsk', '{\"ru\": \"Płońsk\"}', 1098),
(8869, 'Bielsk Podlaski', '{\"ru\": \"Bielsk Podlaski\"}', 1107),
(8870, 'Zawiercie', '{\"ru\": \"Zawiercie\"}', 1097),
(8871, 'Sulęcin', '{\"ru\": \"Sulęcin\"}', 1112),
(8872, 'Augustów', '{\"ru\": \"Augustów\"}', 1107),
(8873, 'Wołomin', '{\"ru\": \"Wołomin\"}', 1098),
(8874, 'Radziejów', '{\"ru\": \"Radziejów\"}', 1105),
(8875, 'Jawor', '{\"ru\": \"Jawor\"}', 1102),
(8876, 'Biłgoraj', '{\"ru\": \"Biłgoraj\"}', 1106),
(8877, 'Piaseczno', '{\"ru\": \"Piaseczno\"}', 1098),
(8878, 'Gorzów Wielkopolski', '{\"ru\": \"Gorzów Wielkopolski\"}', 1112),
(8879, 'Puck', '{\"ru\": \"Puck\"}', 1101),
(8880, 'Mikołów', '{\"ru\": \"Mikołów\"}', 1097),
(8881, 'Sosnowiec', '{\"ru\": \"Sosnowiec\"}', 1097),
(8882, 'Tarnów', '{\"ru\": \"Tarnów\"}', 1100),
(8883, 'Gołdap', '{\"ru\": \"Gołdap\"}', 1110),
(8884, 'Węgorzewo', '{\"ru\": \"Węgorzewo\"}', 1110),
(8885, 'Kamienna Góra', '{\"ru\": \"Kamienna Góra\"}', 1102),
(8886, 'Wieliczka', '{\"ru\": \"Wieliczka\"}', 1100),
(8887, 'Mława', '{\"ru\": \"Mława\"}', 1098),
(8888, 'Namysłów', '{\"ru\": \"Namysłów\"}', 1111),
(8889, 'Siemianowice Śląskie', '{\"ru\": \"Siemianowice Śląskie\"}', 1097),
(8890, 'Siemiatycze', '{\"ru\": \"Siemiatycze\"}', 1107),
(8891, 'Nowa Sól', '{\"ru\": \"Nowa Sól\"}', 1112),
(8892, 'Milicz', '{\"ru\": \"Milicz\"}', 1102),
(8893, 'Piekary Śląskie', '{\"ru\": \"Piekary Śląskie\"}', 1097),
(8894, 'Jędrzejów', '{\"ru\": \"Jędrzejów\"}', 1109),
(8895, 'Radom', '{\"ru\": \"Radom\"}', 1098),
(8896, 'Kępno', '{\"ru\": \"Kępno\"}', 1103),
(8897, 'Kędzierzyn-Koźle', '{\"ru\": \"Kędzierzyn-Koźle\"}', 1111),
(8898, 'Pińczów', '{\"ru\": \"Pińczów\"}', 1109),
(8899, 'Bochnia', '{\"ru\": \"Bochnia\"}', 1100),
(8900, 'Oława', '{\"ru\": \"Oława\"}', 1102),
(8901, 'Ostrowiec Świętokrzyski', '{\"ru\": \"Ostrowiec Świętokrzyski\"}', 1109),
(8902, 'Kościan', '{\"ru\": \"Kościan\"}', 1103),
(8903, 'Kołobrzeg', '{\"ru\": \"Kołobrzeg\"}', 1104),
(8904, 'Leszno', '{\"ru\": \"Leszno\"}', 1103),
(8905, 'Brzeziny', '{\"ru\": \"Brzeziny\"}', 1099),
(8906, 'Prudnik', '{\"ru\": \"Prudnik\"}', 1111),
(8907, 'Chodzież', '{\"ru\": \"Chodzież\"}', 1103),
(8908, 'Oświęcim', '{\"ru\": \"Oświęcim\"}', 1100),
(8909, 'Żywiec', '{\"ru\": \"Żywiec\"}', 1097),
(8910, 'Aleksandrów Kujawski', '{\"ru\": \"Aleksandrów Kujawski\"}', 1105),
(8911, 'Dąbrowa Tarnowska', '{\"ru\": \"Dąbrowa Tarnowska\"}', 1100),
(8912, 'Mińsk Mazowiecki', '{\"ru\": \"Mińsk Mazowiecki\"}', 1098),
(8913, 'Puławy', '{\"ru\": \"Puławy\"}', 1106),
(8914, 'Oleśnica', '{\"ru\": \"Oleśnica\"}', 1102),
(8915, 'Ostróda', '{\"ru\": \"Ostróda\"}', 1110),
(8916, 'Poddębice', '{\"ru\": \"Poddębice\"}', 1099),
(8917, 'Sławno', '{\"ru\": \"Sławno\"}', 1104),
(8918, 'Wąbrzeźno', '{\"ru\": \"Wąbrzeźno\"}', 1105),
(8919, 'Jarosław', '{\"ru\": \"Jarosław\"}', 1108),
(8920, 'Lubliniec', '{\"ru\": \"Lubliniec\"}', 1097),
(8921, 'Łuków', '{\"ru\": \"Łuków\"}', 1106),
(8922, 'Nowy Sącz', '{\"ru\": \"Nowy Sącz\"}', 1100),
(8923, 'Krosno Odrzańskie', '{\"ru\": \"Krosno Odrzańskie\"}', 1112),
(8924, 'Pleszew', '{\"ru\": \"Pleszew\"}', 1103),
(8925, 'Toruń', '{\"ru\": \"Toruń\"}', 1105),
(8926, 'Strzyżów', '{\"ru\": \"Strzyżów\"}', 1108),
(8927, 'Wyszków', '{\"ru\": \"Wyszków\"}', 1098),
(8928, 'Szamotuły', '{\"ru\": \"Szamotuły\"}', 1103),
(8929, 'Wałcz', '{\"ru\": \"Wałcz\"}', 1104),
(8930, 'Świdnica', '{\"ru\": \"Świdnica\"}', 1102),
(8931, 'Grodzisk Wielkopolski', '{\"ru\": \"Grodzisk Wielkopolski\"}', 1103),
(8932, 'Strzelce Opolskie', '{\"ru\": \"Strzelce Opolskie\"}', 1111),
(8933, 'Kolno', '{\"ru\": \"Kolno\"}', 1107),
(8934, 'Koło', '{\"ru\": \"Koło\"}', 1103),
(8935, 'Iława', '{\"ru\": \"Iława\"}', 1110),
(8936, 'Szczytno', '{\"ru\": \"Szczytno\"}', 1110),
(8937, 'Mońki', '{\"ru\": \"Mońki\"}', 1107),
(8938, 'Człuchów', '{\"ru\": \"Człuchów\"}', 1101),
(8939, 'Świedbodzin', '{\"ru\": \"Świedbodzin\"}', 1112),
(8940, 'Śrem', '{\"ru\": \"Śrem\"}', 1103),
(8941, 'Złotoryja', '{\"ru\": \"Złotoryja\"}', 1102),
(8942, 'Sandomierz', '{\"ru\": \"Sandomierz\"}', 1109),
(8943, 'Złotów', '{\"ru\": \"Złotów\"}', 1103),
(8944, 'Lwówek Śląski', '{\"ru\": \"Lwówek Śląski\"}', 1102),
(8945, 'Kutno', '{\"ru\": \"Kutno\"}', 1099),
(8946, 'Braniewo', '{\"ru\": \"Braniewo\"}', 1110),
(8947, 'Łosice', '{\"ru\": \"Łosice\"}', 1098),
(8948, 'Krosno', '{\"ru\": \"Krosno\"}', 1108),
(8949, 'Pabianice', '{\"ru\": \"Pabianice\"}', 1099),
(8950, 'Kłodzko', '{\"ru\": \"Kłodzko\"}', 1102),
(8951, 'Przysucha', '{\"ru\": \"Przysucha\"}', 1098),
(8952, 'Janów Lubelski', '{\"ru\": \"Janów Lubelski\"}', 1106),
(8953, 'Żary', '{\"ru\": \"Żary\"}', 1112),
(8954, 'Drawsko Pomorskie', '{\"ru\": \"Drawsko Pomorskie\"}', 1104);







ALTER TABLE `countries`
  MODIFY `id` int(10) UNSIGNED NOT NULL AUTO_INCREMENT, AUTO_INCREMENT=3;




  ALTER TABLE `regions`
  MODIFY `id` int(10) UNSIGNED NOT NULL AUTO_INCREMENT, AUTO_INCREMENT=1113;

ALTER TABLE `cities`
  MODIFY `id` int(10) UNSIGNED NOT NULL AUTO_INCREMENT, AUTO_INCREMENT=8955;


COMMIT;

/*!40101 SET CHARACTER_SET_CLIENT=@OLD_CHARACTER_SET_CLIENT */;
/*!40101 SET CHARACTER_SET_RESULTS=@OLD_CHARACTER_SET_RESULTS */;
/*!40101 SET COLLATION_CONNECTION=@OLD_COLLATION_CONNECTION */;
